231dff48673db7e5ed0089db17c0d7f29984a7ef blob 873
{"diagnostics":[],"environment":{"checkout_excluded":true,"entry_point_resolved":true,"isolated_python":true,"pythonpath_present":false,"user_site_enabled":false},"evaluator":{"archive_name":"se_harness-0.6.0-py3-none-any.whl","archive_sha256":"2a952eb6ff4ea137d0904c3c9a6f19c88482bfbaa18a9766e5ad4d4a6fef62f7","payload_manifest":"se-harness-installed-payload-v1","payload_sha256":"c233678548fe742b7a7a5a8bd65de10156ff233edc65b68e2ed0333fbe4dea42","version":"0.6.0"},"origins":{"distribution":"<evaluator-root>/Lib/site-packages","entry_point":"<evaluator-root>/Scripts/harnessctl.exe","module":"<evaluator-root>/Lib/site-packages/se_harness/runtime_identity.py","python_executable":"<evaluator-root>/Scripts/python.exe","templates":"<evaluator-root>/share/se-harness/templates/repository/standard"},"role":"released-evaluator","schema":"se-harness-evaluator-evidence-v1"}

231dff48673db7e5ed0089db17c0d7f29984a7ef blob 873
{"diagnostics":[],"environment":{"checkout_excluded":true,"entry_point_resolved":true,"isolated_python":true,"pythonpath_present":false,"user_site_enabled":false},"evaluator":{"archive_name":"se_harness-0.6.0-py3-none-any.whl","archive_sha256":"2a952eb6ff4ea137d0904c3c9a6f19c88482bfbaa18a9766e5ad4d4a6fef62f7","payload_manifest":"se-harness-installed-payload-v1","payload_sha256":"c233678548fe742b7a7a5a8bd65de10156ff233edc65b68e2ed0333fbe4dea42","version":"0.6.0"},"origins":{"distribution":"<evaluator-root>/Lib/site-packages","entry_point":"<evaluator-root>/Scripts/harnessctl.exe","module":"<evaluator-root>/Lib/site-packages/se_harness/runtime_identity.py","python_executable":"<evaluator-root>/Scripts/python.exe","templates":"<evaluator-root>/share/se-harness/templates/repository/standard"},"role":"released-evaluator","schema":"se-harness-evaluator-evidence-v1"}

e9277bb56f4ef671954535f33b7b11a3d2418c41 blob 2057
+++
id = "VREC-ADS-001"
type = "verification_record"
title = "Verification candidate for WO-ADS-001"
status = "verified"
owners = ["engineering-owner"]
created = "2026-08-25"
updated = "2026-08-25"
commit = "eda9e6d516bf331fb048f945072471bcc85b3228"
git_object_format = "sha1"
worktree_state = "clean"
prepared_at = "2026-08-25T11:16:25Z"
prepared_by = "engineering-owner"
artifact_snapshot_sha256 = "a3fc89ba0ef4367ebd0808191616798a693dc544cb685ae884d9866edc940a97"
evidence_paths = ["docs/engineering/agent-directive-surface/evidence/WO-ADS-001/WO-ADS-001-verification.md"]
evaluator_evidence_path = "docs/engineering/agent-directive-surface/evidence/VREC-ADS-001-evaluator.json"
evaluator_evidence_sha256 = "fcfc14471cc373fce07ece222f6c03b2152dad2cf4cd5ae6e04cf147c4171962"

verified_at = "2026-08-25T11:19:37Z"
verified_by = "assurance-owner"
[relations]
verifies_work_order = ["WO-ADS-001"]
conforms_to = ["VER-ADS-001"]

[[lifecycle_events]]
from = "ready"
to = "verified"
decided_at = "2026-08-25T11:19:37Z"
decided_by = "assurance-owner"
reason = "Assurance owner accepted the retained evidence on 2026-08-25 with 'I verify VREC-ADS-001 as assurance owner', after accepting interactively: the third corrective kind 'response' (deviation 1); the router scope section after the invariants without a second HRN-003 occurrence and the manifest prefix still listing routed policies (deviations 7 and 4); W-ADS-001 and W-ADS-002 reported as blockers rather than a warning tier (deviation 6); and verification on retained evidence with Scenario 8 not run and the Linux figure pending the pull-request lane."
+++

# Verification Record Candidate

This ready record binds retained evidence for `WO-ADS-001` to candidate commit `eda9e6d516bf331fb048f945072471bcc85b3228`. An accountable assurance owner must review the evidence and transition the record to `verified`; this command did not approve, commit, tag, release, or publish anything.

The record is intentionally created after the candidate commit it names, avoiding self-referential commit metadata.

6d9353ea0e7f0b14e83b9078f2350629f36cbd79 blob 2001
+++
id = "VREC-ADS-002"
type = "verification_record"
title = "Verification candidate for WO-ADS-002"
status = "verified"
owners = ["engineering-owner"]
created = "2026-08-25"
updated = "2026-08-25"
commit = "459b04d3830804a29047be38e2572537befb8a1f"
git_object_format = "sha1"
worktree_state = "clean"
prepared_at = "2026-08-25T11:55:14Z"
prepared_by = "engineering-owner"
artifact_snapshot_sha256 = "262a046d8ac73db38a0365a7644a65e0549dcd976549218a0b3f633b59cf67b3"
evidence_paths = ["docs/engineering/agent-directive-surface/evidence/WO-ADS-002/WO-ADS-002-verification.md"]
evaluator_evidence_path = "docs/engineering/agent-directive-surface/evidence/VREC-ADS-002-evaluator.json"
evaluator_evidence_sha256 = "fcfc14471cc373fce07ece222f6c03b2152dad2cf4cd5ae6e04cf147c4171962"

verified_at = "2026-08-25T11:56:41Z"
verified_by = "assurance-owner"
[relations]
verifies_work_order = ["WO-ADS-002"]
conforms_to = ["VER-ADS-002"]

[[lifecycle_events]]
from = "ready"
to = "verified"
decided_at = "2026-08-25T11:56:41Z"
decided_by = "assurance-owner"
reason = "Assurance owner accepted the retained evidence on 2026-08-25 with 'I verify VREC-ADS-002 as assurance owner', after accepting interactively: the card header dropping one sentence to fit the 1024-byte bound (deviation 1); the supersession section inserted into REQ-IAR-020 in the REQ-DST-008 form with the original body byte-identical (deviation 2); the retirement fixture needing no change (deviation 3); and verification on retained evidence with the Linux figure pending the pull-request lane."
+++

# Verification Record Candidate

This ready record binds retained evidence for `WO-ADS-002` to candidate commit `459b04d3830804a29047be38e2572537befb8a1f`. An accountable assurance owner must review the evidence and transition the record to `verified`; this command did not approve, commit, tag, release, or publish anything.

The record is intentionally created after the candidate commit it names, avoiding self-referential commit metadata.

231dff48673db7e5ed0089db17c0d7f29984a7ef blob 873
{"diagnostics":[],"environment":{"checkout_excluded":true,"entry_point_resolved":true,"isolated_python":true,"pythonpath_present":false,"user_site_enabled":false},"evaluator":{"archive_name":"se_harness-0.6.0-py3-none-any.whl","archive_sha256":"2a952eb6ff4ea137d0904c3c9a6f19c88482bfbaa18a9766e5ad4d4a6fef62f7","payload_manifest":"se-harness-installed-payload-v1","payload_sha256":"c233678548fe742b7a7a5a8bd65de10156ff233edc65b68e2ed0333fbe4dea42","version":"0.6.0"},"origins":{"distribution":"<evaluator-root>/Lib/site-packages","entry_point":"<evaluator-root>/Scripts/harnessctl.exe","module":"<evaluator-root>/Lib/site-packages/se_harness/runtime_identity.py","python_executable":"<evaluator-root>/Scripts/python.exe","templates":"<evaluator-root>/share/se-harness/templates/repository/standard"},"role":"released-evaluator","schema":"se-harness-evaluator-evidence-v1"}

231dff48673db7e5ed0089db17c0d7f29984a7ef blob 873
{"diagnostics":[],"environment":{"checkout_excluded":true,"entry_point_resolved":true,"isolated_python":true,"pythonpath_present":false,"user_site_enabled":false},"evaluator":{"archive_name":"se_harness-0.6.0-py3-none-any.whl","archive_sha256":"2a952eb6ff4ea137d0904c3c9a6f19c88482bfbaa18a9766e5ad4d4a6fef62f7","payload_manifest":"se-harness-installed-payload-v1","payload_sha256":"c233678548fe742b7a7a5a8bd65de10156ff233edc65b68e2ed0333fbe4dea42","version":"0.6.0"},"origins":{"distribution":"<evaluator-root>/Lib/site-packages","entry_point":"<evaluator-root>/Scripts/harnessctl.exe","module":"<evaluator-root>/Lib/site-packages/se_harness/runtime_identity.py","python_executable":"<evaluator-root>/Scripts/python.exe","templates":"<evaluator-root>/share/se-harness/templates/repository/standard"},"role":"released-evaluator","schema":"se-harness-evaluator-evidence-v1"}

231dff48673db7e5ed0089db17c0d7f29984a7ef blob 873
{"diagnostics":[],"environment":{"checkout_excluded":true,"entry_point_resolved":true,"isolated_python":true,"pythonpath_present":false,"user_site_enabled":false},"evaluator":{"archive_name":"se_harness-0.6.0-py3-none-any.whl","archive_sha256":"2a952eb6ff4ea137d0904c3c9a6f19c88482bfbaa18a9766e5ad4d4a6fef62f7","payload_manifest":"se-harness-installed-payload-v1","payload_sha256":"c233678548fe742b7a7a5a8bd65de10156ff233edc65b68e2ed0333fbe4dea42","version":"0.6.0"},"origins":{"distribution":"<evaluator-root>/Lib/site-packages","entry_point":"<evaluator-root>/Scripts/harnessctl.exe","module":"<evaluator-root>/Lib/site-packages/se_harness/runtime_identity.py","python_executable":"<evaluator-root>/Scripts/python.exe","templates":"<evaluator-root>/share/se-harness/templates/repository/standard"},"role":"released-evaluator","schema":"se-harness-evaluator-evidence-v1"}

231dff48673db7e5ed0089db17c0d7f29984a7ef blob 873
{"diagnostics":[],"environment":{"checkout_excluded":true,"entry_point_resolved":true,"isolated_python":true,"pythonpath_present":false,"user_site_enabled":false},"evaluator":{"archive_name":"se_harness-0.6.0-py3-none-any.whl","archive_sha256":"2a952eb6ff4ea137d0904c3c9a6f19c88482bfbaa18a9766e5ad4d4a6fef62f7","payload_manifest":"se-harness-installed-payload-v1","payload_sha256":"c233678548fe742b7a7a5a8bd65de10156ff233edc65b68e2ed0333fbe4dea42","version":"0.6.0"},"origins":{"distribution":"<evaluator-root>/Lib/site-packages","entry_point":"<evaluator-root>/Scripts/harnessctl.exe","module":"<evaluator-root>/Lib/site-packages/se_harness/runtime_identity.py","python_executable":"<evaluator-root>/Scripts/python.exe","templates":"<evaluator-root>/share/se-harness/templates/repository/standard"},"role":"released-evaluator","schema":"se-harness-evaluator-evidence-v1"}

231dff48673db7e5ed0089db17c0d7f29984a7ef blob 873
{"diagnostics":[],"environment":{"checkout_excluded":true,"entry_point_resolved":true,"isolated_python":true,"pythonpath_present":false,"user_site_enabled":false},"evaluator":{"archive_name":"se_harness-0.6.0-py3-none-any.whl","archive_sha256":"2a952eb6ff4ea137d0904c3c9a6f19c88482bfbaa18a9766e5ad4d4a6fef62f7","payload_manifest":"se-harness-installed-payload-v1","payload_sha256":"c233678548fe742b7a7a5a8bd65de10156ff233edc65b68e2ed0333fbe4dea42","version":"0.6.0"},"origins":{"distribution":"<evaluator-root>/Lib/site-packages","entry_point":"<evaluator-root>/Scripts/harnessctl.exe","module":"<evaluator-root>/Lib/site-packages/se_harness/runtime_identity.py","python_executable":"<evaluator-root>/Scripts/python.exe","templates":"<evaluator-root>/share/se-harness/templates/repository/standard"},"role":"released-evaluator","schema":"se-harness-evaluator-evidence-v1"}

231dff48673db7e5ed0089db17c0d7f29984a7ef blob 873
{"diagnostics":[],"environment":{"checkout_excluded":true,"entry_point_resolved":true,"isolated_python":true,"pythonpath_present":false,"user_site_enabled":false},"evaluator":{"archive_name":"se_harness-0.6.0-py3-none-any.whl","archive_sha256":"2a952eb6ff4ea137d0904c3c9a6f19c88482bfbaa18a9766e5ad4d4a6fef62f7","payload_manifest":"se-harness-installed-payload-v1","payload_sha256":"c233678548fe742b7a7a5a8bd65de10156ff233edc65b68e2ed0333fbe4dea42","version":"0.6.0"},"origins":{"distribution":"<evaluator-root>/Lib/site-packages","entry_point":"<evaluator-root>/Scripts/harnessctl.exe","module":"<evaluator-root>/Lib/site-packages/se_harness/runtime_identity.py","python_executable":"<evaluator-root>/Scripts/python.exe","templates":"<evaluator-root>/share/se-harness/templates/repository/standard"},"role":"released-evaluator","schema":"se-harness-evaluator-evidence-v1"}

231dff48673db7e5ed0089db17c0d7f29984a7ef blob 873
{"diagnostics":[],"environment":{"checkout_excluded":true,"entry_point_resolved":true,"isolated_python":true,"pythonpath_present":false,"user_site_enabled":false},"evaluator":{"archive_name":"se_harness-0.6.0-py3-none-any.whl","archive_sha256":"2a952eb6ff4ea137d0904c3c9a6f19c88482bfbaa18a9766e5ad4d4a6fef62f7","payload_manifest":"se-harness-installed-payload-v1","payload_sha256":"c233678548fe742b7a7a5a8bd65de10156ff233edc65b68e2ed0333fbe4dea42","version":"0.6.0"},"origins":{"distribution":"<evaluator-root>/Lib/site-packages","entry_point":"<evaluator-root>/Scripts/harnessctl.exe","module":"<evaluator-root>/Lib/site-packages/se_harness/runtime_identity.py","python_executable":"<evaluator-root>/Scripts/python.exe","templates":"<evaluator-root>/share/se-harness/templates/repository/standard"},"role":"released-evaluator","schema":"se-harness-evaluator-evidence-v1"}

231dff48673db7e5ed0089db17c0d7f29984a7ef blob 873
{"diagnostics":[],"environment":{"checkout_excluded":true,"entry_point_resolved":true,"isolated_python":true,"pythonpath_present":false,"user_site_enabled":false},"evaluator":{"archive_name":"se_harness-0.6.0-py3-none-any.whl","archive_sha256":"2a952eb6ff4ea137d0904c3c9a6f19c88482bfbaa18a9766e5ad4d4a6fef62f7","payload_manifest":"se-harness-installed-payload-v1","payload_sha256":"c233678548fe742b7a7a5a8bd65de10156ff233edc65b68e2ed0333fbe4dea42","version":"0.6.0"},"origins":{"distribution":"<evaluator-root>/Lib/site-packages","entry_point":"<evaluator-root>/Scripts/harnessctl.exe","module":"<evaluator-root>/Lib/site-packages/se_harness/runtime_identity.py","python_executable":"<evaluator-root>/Scripts/python.exe","templates":"<evaluator-root>/share/se-harness/templates/repository/standard"},"role":"released-evaluator","schema":"se-harness-evaluator-evidence-v1"}

0a7d451dd05201faff565156f3ba95591ec70d7a blob 1471
+++
id = "VREC-AEX-001"
type = "verification_record"
title = "Verification candidate for WO-AEX-001"
status = "verified"
owners = ["engineering-owner"]
created = "2026-08-24"
updated = "2026-08-24"
commit = "62688214af8e42c171f58475f8f644b58081e2e8"
git_object_format = "sha1"
worktree_state = "clean"
prepared_at = "2026-08-24T09:53:57Z"
prepared_by = "engineering-owner"
artifact_snapshot_sha256 = "40afd8814178e73703eb76656a2577cc68942c0a98143fd2ee26441ac01c13b1"
evidence_paths = ["docs/engineering/agentic-execution/evidence/WO-AEX-001-verification.md"]
evaluator_evidence_path = "docs/engineering/agentic-execution/evidence/VREC-AEX-001-evaluator.json"
evaluator_evidence_sha256 = "fcfc14471cc373fce07ece222f6c03b2152dad2cf4cd5ae6e04cf147c4171962"

verified_at = "2026-08-24T10:03:58Z"
verified_by = "assurance-owner"
[relations]
verifies_work_order = ["WO-AEX-001"]
conforms_to = ["VER-AEX-001"]

[[lifecycle_events]]
from = "ready"
to = "verified"
decided_at = "2026-08-24T10:03:58Z"
decided_by = "assurance-owner"
+++

# Verification Record Candidate

This ready record binds retained evidence for `WO-AEX-001` to candidate commit `62688214af8e42c171f58475f8f644b58081e2e8`. An accountable assurance owner must review the evidence and transition the record to `verified`; this command did not approve, commit, tag, release, or publish anything.

The record is intentionally created after the candidate commit it names, avoiding self-referential commit metadata.

47fdd6ca39ee8c0d895aa91e402c968d028c8d88 blob 1471
+++
id = "VREC-AEX-002"
type = "verification_record"
title = "Verification candidate for WO-AEX-002"
status = "verified"
owners = ["engineering-owner"]
created = "2026-08-24"
updated = "2026-08-24"
commit = "65244b18ce3496838ca227479927056fc400adbd"
git_object_format = "sha1"
worktree_state = "clean"
prepared_at = "2026-08-24T13:12:14Z"
prepared_by = "engineering-owner"
artifact_snapshot_sha256 = "9e9247a075fe941d7ab8837732335e5e3fde68ed5f17770ff30aeb2e53fcff76"
evidence_paths = ["docs/engineering/agentic-execution/evidence/WO-AEX-002-verification.md"]
evaluator_evidence_path = "docs/engineering/agentic-execution/evidence/VREC-AEX-002-evaluator.json"
evaluator_evidence_sha256 = "fcfc14471cc373fce07ece222f6c03b2152dad2cf4cd5ae6e04cf147c4171962"

verified_at = "2026-08-24T13:19:45Z"
verified_by = "assurance-owner"
[relations]
verifies_work_order = ["WO-AEX-002"]
conforms_to = ["VER-AEX-001"]

[[lifecycle_events]]
from = "ready"
to = "verified"
decided_at = "2026-08-24T13:19:45Z"
decided_by = "assurance-owner"
+++

# Verification Record Candidate

This ready record binds retained evidence for `WO-AEX-002` to candidate commit `65244b18ce3496838ca227479927056fc400adbd`. An accountable assurance owner must review the evidence and transition the record to `verified`; this command did not approve, commit, tag, release, or publish anything.

The record is intentionally created after the candidate commit it names, avoiding self-referential commit metadata.

4f74fc31dbffe5d5f3717453dd74c1fb279ba698 blob 1486
+++
id = "VREC-AEX-003"
type = "verification_record"
title = "Verification candidate for WO-AEX-003"
status = "verified"
owners = ["engineering-owner"]
created = "2026-08-24"
updated = "2026-08-24"
commit = "9a740bec77d32ebfe0d1669431f97f5fa9b11e16"
git_object_format = "sha1"
worktree_state = "clean"
prepared_at = "2026-08-24T14:42:53Z"
prepared_by = "engineering-owner"
artifact_snapshot_sha256 = "a9ab8241bded26c1bb90c8c88a7f6ec6153345eb4adc2a38495820899b683793"
evidence_paths = ["docs/engineering/agentic-execution/evidence/WO-AEX-003-verification.md"]
evaluator_evidence_path = "docs/engineering/agentic-execution/evidence/VREC-AEX-003-evaluator.json"
evaluator_evidence_sha256 = "fcfc14471cc373fce07ece222f6c03b2152dad2cf4cd5ae6e04cf147c4171962"

verified_at = "2026-08-24T15:06:42Z"
verified_by = "assurance-owner"
[relations]
verifies_work_order = ["WO-AEX-003"]
conforms_to = ["VER-AEX-001", "VER-AEX-002"]

[[lifecycle_events]]
from = "ready"
to = "verified"
decided_at = "2026-08-24T15:06:42Z"
decided_by = "assurance-owner"
+++

# Verification Record Candidate

This ready record binds retained evidence for `WO-AEX-003` to candidate commit `9a740bec77d32ebfe0d1669431f97f5fa9b11e16`. An accountable assurance owner must review the evidence and transition the record to `verified`; this command did not approve, commit, tag, release, or publish anything.

The record is intentionally created after the candidate commit it names, avoiding self-referential commit metadata.

81ea2bda261295c00cfbc68453ba2e9666272cd4 blob 1501
+++
id = "VREC-AEX-004"
type = "verification_record"
title = "Verification candidate for WO-AEX-004"
status = "verified"
owners = ["engineering-owner"]
created = "2026-08-24"
updated = "2026-08-24"
commit = "284b84278bb696cc432d8fb50e0e6437309bac27"
git_object_format = "sha1"
worktree_state = "clean"
prepared_at = "2026-08-24T18:06:50Z"
prepared_by = "engineering-owner"
artifact_snapshot_sha256 = "64ec0edc637fa2faef114da851335d7d61ef23f321526e71b23d5110418ad779"
evidence_paths = ["docs/engineering/agentic-execution/evidence/WO-AEX-004-verification.md"]
evaluator_evidence_path = "docs/engineering/agentic-execution/evidence/VREC-AEX-004-evaluator.json"
evaluator_evidence_sha256 = "fcfc14471cc373fce07ece222f6c03b2152dad2cf4cd5ae6e04cf147c4171962"

verified_at = "2026-08-24T18:15:06Z"
verified_by = "assurance-owner"
[relations]
verifies_work_order = ["WO-AEX-004"]
conforms_to = ["VER-AEX-001", "VER-AEX-002", "VER-AEX-003"]

[[lifecycle_events]]
from = "ready"
to = "verified"
decided_at = "2026-08-24T18:15:06Z"
decided_by = "assurance-owner"
+++

# Verification Record Candidate

This ready record binds retained evidence for `WO-AEX-004` to candidate commit `284b84278bb696cc432d8fb50e0e6437309bac27`. An accountable assurance owner must review the evidence and transition the record to `verified`; this command did not approve, commit, tag, release, or publish anything.

The record is intentionally created after the candidate commit it names, avoiding self-referential commit metadata.

a2bf865fc61b690fa3946a3d5ad1357cf8da09c4 blob 1486
+++
id = "VREC-AEX-005"
type = "verification_record"
title = "Verification candidate for WO-AEX-005"
status = "verified"
owners = ["engineering-owner"]
created = "2026-08-25"
updated = "2026-08-25"
commit = "5846dca8b2fe84d3c2c94c9fe3a5799532a76271"
git_object_format = "sha1"
worktree_state = "clean"
prepared_at = "2026-08-25T10:32:43Z"
prepared_by = "engineering-owner"
artifact_snapshot_sha256 = "9e9c17fba3db03442a48149f933383ae8612f87bc8901d776d45d9fa7401873b"
evidence_paths = ["docs/engineering/agentic-execution/evidence/WO-AEX-005-verification.md"]
evaluator_evidence_path = "docs/engineering/agentic-execution/evidence/VREC-AEX-005-evaluator.json"
evaluator_evidence_sha256 = "fcfc14471cc373fce07ece222f6c03b2152dad2cf4cd5ae6e04cf147c4171962"

verified_at = "2026-08-25T10:39:01Z"
verified_by = "assurance-owner"
[relations]
verifies_work_order = ["WO-AEX-005"]
conforms_to = ["VER-AEX-001", "VER-AEX-004"]

[[lifecycle_events]]
from = "ready"
to = "verified"
decided_at = "2026-08-25T10:39:01Z"
decided_by = "assurance-owner"
+++

# Verification Record Candidate

This ready record binds retained evidence for `WO-AEX-005` to candidate commit `5846dca8b2fe84d3c2c94c9fe3a5799532a76271`. An accountable assurance owner must review the evidence and transition the record to `verified`; this command did not approve, commit, tag, release, or publish anything.

The record is intentionally created after the candidate commit it names, avoiding self-referential commit metadata.

b302a812a4febe59ed1067d9644fff30190f951d blob 1486
+++
id = "VREC-AEX-006"
type = "verification_record"
title = "Verification candidate for WO-AEX-006"
status = "verified"
owners = ["engineering-owner"]
created = "2026-08-25"
updated = "2026-08-25"
commit = "45b259bdd255daea53f77a68770729825bdb069d"
git_object_format = "sha1"
worktree_state = "clean"
prepared_at = "2026-08-25T12:34:50Z"
prepared_by = "engineering-owner"
artifact_snapshot_sha256 = "a9b3057927e7df3023b6f0a5116bcc067ab56eb3584184ac9763963b5e2f1c7d"
evidence_paths = ["docs/engineering/agentic-execution/evidence/WO-AEX-006-verification.md"]
evaluator_evidence_path = "docs/engineering/agentic-execution/evidence/VREC-AEX-006-evaluator.json"
evaluator_evidence_sha256 = "fcfc14471cc373fce07ece222f6c03b2152dad2cf4cd5ae6e04cf147c4171962"

verified_at = "2026-08-25T12:42:50Z"
verified_by = "assurance-owner"
[relations]
verifies_work_order = ["WO-AEX-006"]
conforms_to = ["VER-AEX-001", "VER-AEX-004"]

[[lifecycle_events]]
from = "ready"
to = "verified"
decided_at = "2026-08-25T12:42:50Z"
decided_by = "assurance-owner"
+++

# Verification Record Candidate

This ready record binds retained evidence for `WO-AEX-006` to candidate commit `45b259bdd255daea53f77a68770729825bdb069d`. An accountable assurance owner must review the evidence and transition the record to `verified`; this command did not approve, commit, tag, release, or publish anything.

The record is intentionally created after the candidate commit it names, avoiding self-referential commit metadata.

f48321991ffc7a11dffda3361831cbcc1635ad4c blob 1486
+++
id = "VREC-AEX-007"
type = "verification_record"
title = "Verification candidate for WO-AEX-007"
status = "verified"
owners = ["engineering-owner"]
created = "2026-08-25"
updated = "2026-08-25"
commit = "71efd2ae62befcb1d48d81f2cf184e85d5e1d324"
git_object_format = "sha1"
worktree_state = "clean"
prepared_at = "2026-08-25T14:35:47Z"
prepared_by = "engineering-owner"
artifact_snapshot_sha256 = "816618e12761030873db52e0d7bd761f57a35ba66da0498d47b3c5c1b4790f3c"
evidence_paths = ["docs/engineering/agentic-execution/evidence/WO-AEX-007-verification.md"]
evaluator_evidence_path = "docs/engineering/agentic-execution/evidence/VREC-AEX-007-evaluator.json"
evaluator_evidence_sha256 = "fcfc14471cc373fce07ece222f6c03b2152dad2cf4cd5ae6e04cf147c4171962"

verified_at = "2026-08-25T17:21:03Z"
verified_by = "assurance-owner"
[relations]
verifies_work_order = ["WO-AEX-007"]
conforms_to = ["VER-AEX-001", "VER-AEX-004"]

[[lifecycle_events]]
from = "ready"
to = "verified"
decided_at = "2026-08-25T17:21:03Z"
decided_by = "assurance-owner"
+++

# Verification Record Candidate

This ready record binds retained evidence for `WO-AEX-007` to candidate commit `71efd2ae62befcb1d48d81f2cf184e85d5e1d324`. An accountable assurance owner must review the evidence and transition the record to `verified`; this command did not approve, commit, tag, release, or publish anything.

The record is intentionally created after the candidate commit it names, avoiding self-referential commit metadata.

cb2bfe984d2ce610d521c68896d5a47661d20412 blob 1516
+++
id = "VREC-AEX-008"
type = "verification_record"
title = "Verification candidate for WO-AEX-008"
status = "verified"
owners = ["engineering-owner"]
created = "2026-08-25"
updated = "2026-08-25"
commit = "0bcbea17c977514961dbac82fdf32f5b133b6cbd"
git_object_format = "sha1"
worktree_state = "clean"
prepared_at = "2026-08-25T18:43:30Z"
prepared_by = "engineering-owner"
artifact_snapshot_sha256 = "d407dcf8cf284561e125e3c5b1f05cd79da3d9cca4c2fc15d9d606eeb7a9ad85"
evidence_paths = ["docs/engineering/agentic-execution/evidence/WO-AEX-008-verification.md"]
evaluator_evidence_path = "docs/engineering/agentic-execution/evidence/VREC-AEX-008-evaluator.json"
evaluator_evidence_sha256 = "fcfc14471cc373fce07ece222f6c03b2152dad2cf4cd5ae6e04cf147c4171962"

verified_at = "2026-08-25T18:45:23Z"
verified_by = "assurance-owner"
[relations]
verifies_work_order = ["WO-AEX-008"]
conforms_to = ["VER-AEX-001", "VER-AEX-002", "VER-AEX-003", "VER-AEX-004"]

[[lifecycle_events]]
from = "ready"
to = "verified"
decided_at = "2026-08-25T18:45:23Z"
decided_by = "assurance-owner"
+++

# Verification Record Candidate

This ready record binds retained evidence for `WO-AEX-008` to candidate commit `0bcbea17c977514961dbac82fdf32f5b133b6cbd`. An accountable assurance owner must review the evidence and transition the record to `verified`; this command did not approve, commit, tag, release, or publish anything.

The record is intentionally created after the candidate commit it names, avoiding self-referential commit metadata.

de0b95b6f6736e360d2c0af60c4e99749eb768a2 blob 1685
+++
id = "VREC-AGR-001"
type = "verification_record"
title = "Verification candidate for WO-AGR-001"
status = "superseded"
owners = ["quality-owner"]
created = "2026-08-11"
updated = "2026-08-16"
commit = "3f3ba521d7b19455e1f2eacb9aeea42928806aef"
git_object_format = "sha1"
worktree_state = "clean"
verified_at = "2026-08-11T10:29:11Z"
artifact_snapshot_sha256 = "3be8b892749d72f3099b1a74ffa6527db90f589be57f3fd13652070a8b5c27ad"
evidence_paths = ["docs/engineering/aggregate-release/evidence/WO-AGR-001-verification.md"]
superseded_at = "2026-08-16T06:33:06Z"
supersession_authorized_by = "repository-owner"

[relations]
verifies_work_order = ["WO-AGR-001"]
conforms_to = ["VER-AGR-001"]
superseded_by = ["VREC-PMI-001"]
+++

# Superseded Verification Record

This historical record remains bound to candidate commit `3f3ba521d7b19455e1f2eacb9aeea42928806aef` and its retained evidence for `WO-AGR-001`. Verified corrected candidate `VREC-PMI-001` covers that work plus `WO-PMI-001` on later commit `505e889777c3c50f544b7e6d6fe58e2f765c1fea`. On 2026-08-16, the accountable repository owner explicitly authorized resolution of this stale candidate; `WO-VSP-004` records why the repository-defined direct successor is selected instead of the later release aggregate.

The record is retained rather than deleted or falsely verified. Its candidate, object format, clean-worktree state, capture timestamp, artifact snapshot, evidence path, original work-order relation, and original verification-contract relation remain unchanged. `superseded_by` identifies the single authoritative successor; this record is terminal and no longer contributes active verification or release readiness.

231dff48673db7e5ed0089db17c0d7f29984a7ef blob 873
{"diagnostics":[],"environment":{"checkout_excluded":true,"entry_point_resolved":true,"isolated_python":true,"pythonpath_present":false,"user_site_enabled":false},"evaluator":{"archive_name":"se_harness-0.6.0-py3-none-any.whl","archive_sha256":"2a952eb6ff4ea137d0904c3c9a6f19c88482bfbaa18a9766e5ad4d4a6fef62f7","payload_manifest":"se-harness-installed-payload-v1","payload_sha256":"c233678548fe742b7a7a5a8bd65de10156ff233edc65b68e2ed0333fbe4dea42","version":"0.6.0"},"origins":{"distribution":"<evaluator-root>/Lib/site-packages","entry_point":"<evaluator-root>/Scripts/harnessctl.exe","module":"<evaluator-root>/Lib/site-packages/se_harness/runtime_identity.py","python_executable":"<evaluator-root>/Scripts/python.exe","templates":"<evaluator-root>/share/se-harness/templates/repository/standard"},"role":"released-evaluator","schema":"se-harness-evaluator-evidence-v1"}

231dff48673db7e5ed0089db17c0d7f29984a7ef blob 873
{"diagnostics":[],"environment":{"checkout_excluded":true,"entry_point_resolved":true,"isolated_python":true,"pythonpath_present":false,"user_site_enabled":false},"evaluator":{"archive_name":"se_harness-0.6.0-py3-none-any.whl","archive_sha256":"2a952eb6ff4ea137d0904c3c9a6f19c88482bfbaa18a9766e5ad4d4a6fef62f7","payload_manifest":"se-harness-installed-payload-v1","payload_sha256":"c233678548fe742b7a7a5a8bd65de10156ff233edc65b68e2ed0333fbe4dea42","version":"0.6.0"},"origins":{"distribution":"<evaluator-root>/Lib/site-packages","entry_point":"<evaluator-root>/Scripts/harnessctl.exe","module":"<evaluator-root>/Lib/site-packages/se_harness/runtime_identity.py","python_executable":"<evaluator-root>/Scripts/python.exe","templates":"<evaluator-root>/share/se-harness/templates/repository/standard"},"role":"released-evaluator","schema":"se-harness-evaluator-evidence-v1"}

b831168fdf392f726e61822c57ea4d84dd0542e1 blob 786
{"diagnostics":[],"environment":{"checkout_excluded":true,"entry_point_resolved":true,"isolated_python":true,"pythonpath_present":false,"user_site_enabled":false},"evaluator":{"archive_name":null,"archive_sha256":null,"payload_manifest":"se-harness-installed-payload-v1","payload_sha256":"995ee973b2959af3bcbf7f7cc4388f079ad033e7c68509e71feb142b0691451f","version":"0.7.1"},"origins":{"distribution":"<evaluator-root>/lib/python3.12/site-packages","entry_point":"<evaluator-root>/bin/harnessctl","module":"<evaluator-root>/lib/python3.12/site-packages/se_harness/runtime_identity.py","python_executable":"<evaluator-root>/bin/python","templates":"<evaluator-root>/share/se-harness/templates/repository/standard"},"role":"released-evaluator","schema":"se-harness-evaluator-evidence-v1"}

869e42a451b218f67d8799007eea729b8d5332a6 blob 875
{"diagnostics":[],"environment":{"checkout_excluded":true,"entry_point_resolved":true,"isolated_python":true,"pythonpath_present":false,"user_site_enabled":false},"evaluator":{"archive_name":"se_harness-0.11.0-py3-none-any.whl","archive_sha256":"ba26ab7be14321cdc26b69d59e2b894d544c3e7b529227de1f24ad9cd8f935c0","payload_manifest":"se-harness-installed-payload-v1","payload_sha256":"71b4b5b694111a42785328f4b742f40e5654d7d4c67d88b9939a6c80213dd016","version":"0.11.0"},"origins":{"distribution":"<evaluator-root>/Lib/site-packages","entry_point":"<evaluator-root>/Scripts/harnessctl.exe","module":"<evaluator-root>/Lib/site-packages/se_harness/runtime_identity.py","python_executable":"<evaluator-root>/Scripts/python.exe","templates":"<evaluator-root>/share/se-harness/templates/repository/standard"},"role":"released-evaluator","schema":"se-harness-evaluator-evidence-v1"}

43178f539e832d57ece629053c45254923ec71c2 blob 875
{"diagnostics":[],"environment":{"checkout_excluded":true,"entry_point_resolved":true,"isolated_python":true,"pythonpath_present":false,"user_site_enabled":false},"evaluator":{"archive_name":"se_harness-0.16.0-py3-none-any.whl","archive_sha256":"a969d6ab9e80acc2c9f9e7b6679a02e7ffab371f1f11cb0c0f4243f208ed9eae","payload_manifest":"se-harness-installed-payload-v1","payload_sha256":"51712fcfe5253db8d542deb870a0017b25c2976f5f4e76a81fd08923bba45e3c","version":"0.16.0"},"origins":{"distribution":"<evaluator-root>/Lib/site-packages","entry_point":"<evaluator-root>/Scripts/harnessctl.exe","module":"<evaluator-root>/Lib/site-packages/se_harness/runtime_identity.py","python_executable":"<evaluator-root>/Scripts/python.exe","templates":"<evaluator-root>/share/se-harness/templates/repository/standard"},"role":"released-evaluator","schema":"se-harness-evaluator-evidence-v1"}

0cb0757dc294cb290f047d662e8ef0f6e72e0292 blob 875
{"diagnostics":[],"environment":{"checkout_excluded":true,"entry_point_resolved":true,"isolated_python":true,"pythonpath_present":false,"user_site_enabled":false},"evaluator":{"archive_name":"se_harness-0.17.0-py3-none-any.whl","archive_sha256":"305c7cbc79f87baa76ea3bea939b134999f9cad3bfdfa0b4c9c2fd2d9caacced","payload_manifest":"se-harness-installed-payload-v1","payload_sha256":"dd48b16b69d90a04412f458c756876ec22a687c99282075e69d0f58316c43405","version":"0.17.0"},"origins":{"distribution":"<evaluator-root>/Lib/site-packages","entry_point":"<evaluator-root>/Scripts/harnessctl.exe","module":"<evaluator-root>/Lib/site-packages/se_harness/runtime_identity.py","python_executable":"<evaluator-root>/Scripts/python.exe","templates":"<evaluator-root>/share/se-harness/templates/repository/standard"},"role":"released-evaluator","schema":"se-harness-evaluator-evidence-v1"}

9b35832f1f14ee454e5d07affb856b4e01094a9e blob 2069
+++
id = "VREC-AUT-001"
type = "verification_record"
title = "Verification candidate for WO-AUT-001"
status = "verified"
owners = ["engineering-owner"]
created = "2026-08-25"
updated = "2026-08-25"
commit = "d4309c345aeba1ad32ce4f1ce4b24be8c6cbcf3c"
git_object_format = "sha1"
worktree_state = "clean"
prepared_at = "2026-08-25T19:07:50Z"
prepared_by = "engineering-owner"
artifact_snapshot_sha256 = "4e8f18521c732142c42fda3e0e8fc4999c6aae87b026e81282f221b47c8c8a3e"
evidence_paths = ["docs/engineering/artifact-authoring/evidence/WO-AUT-001/WO-AUT-001-verification.md"]
evaluator_evidence_path = "docs/engineering/artifact-authoring/evidence/VREC-AUT-001-evaluator.json"
evaluator_evidence_sha256 = "fcfc14471cc373fce07ece222f6c03b2152dad2cf4cd5ae6e04cf147c4171962"

verified_at = "2026-08-25T19:08:51Z"
verified_by = "assurance-owner"
[relations]
verifies_work_order = ["WO-AUT-001"]
conforms_to = ["VER-AUT-001"]

[[lifecycle_events]]
from = "ready"
to = "verified"
decided_at = "2026-08-25T19:08:51Z"
decided_by = "assurance-owner"
reason = "Assurance owner accepted the retained evidence on 2026-08-25 with 'I verify VREC-AUT-001 as assurance owner', after accepting interactively the three recorded deviations from SPEC-AUT-001: guidance subsections written for some artifact types only (1); the harness-draft-change contract version 1.0.2 also claimed by PR #158, to be resolved at merge by a bump to 1.0.3 with a regenerated vector (2); a synthetic statement in place of REQ-AEX-008's literal text in the test (3). Verification rests on the retained evidence with the Linux figure pending the pull-request lane."
+++

# Verification Record Candidate

This ready record binds retained evidence for `WO-AUT-001` to candidate commit `d4309c345aeba1ad32ce4f1ce4b24be8c6cbcf3c`. An accountable assurance owner must review the evidence and transition the record to `verified`; this command did not approve, commit, tag, release, or publish anything.

The record is intentionally created after the candidate commit it names, avoiding self-referential commit metadata.

6337a13c041b5abb3a80bbb09c903017c271939b blob 2253
+++
id = "VREC-AUT-002"
type = "verification_record"
title = "Verification candidate for WO-AUT-002"
status = "verified"
owners = ["engineering-owner"]
created = "2026-08-25"
updated = "2026-08-25"
commit = "0b023637d4b95e5187acaa6438313b416e0cda47"
git_object_format = "sha1"
worktree_state = "clean"
prepared_at = "2026-08-25T19:45:05Z"
prepared_by = "engineering-owner"
artifact_snapshot_sha256 = "16c4f5895ed151830449d29679b4e5ef558ee47624cce80449db65cc497e76a6"
evidence_paths = ["docs/engineering/artifact-authoring/evidence/WO-AUT-002/WO-AUT-002-verification.md", "docs/engineering/artifact-authoring/evidence/WO-AUT-002/verification-method-mapping.json"]
evaluator_evidence_path = "docs/engineering/artifact-authoring/evidence/VREC-AUT-002-evaluator.json"
evaluator_evidence_sha256 = "fcfc14471cc373fce07ece222f6c03b2152dad2cf4cd5ae6e04cf147c4171962"

verified_at = "2026-08-25T19:48:30Z"
verified_by = "assurance-owner"
[relations]
verifies_work_order = ["WO-AUT-002"]
conforms_to = ["VER-AUT-001"]

[[lifecycle_events]]
from = "ready"
to = "verified"
decided_at = "2026-08-25T19:48:30Z"
decided_by = "assurance-owner"
reason = "Assurance owner accepted the retained evidence on 2026-08-25 with 'I verify VREC-AUT-002 as assurance owner', after accepting interactively the four recorded deviations from SPEC-AUT-001: the string verification_method stays W-AUT-004 and the migration is built but not applied, both deferred to the governor-upgrade work order (1); four values (REQ-REB-004, -011, -014, -018) match no mapping rule and are the steward's decision at application time (2); in-scope paths left unchanged (3); the predicates are not yet enforced by the released governor on this root (4). Verification rests on the retained evidence with the Linux figure pending the pull-request lane."
+++

# Verification Record Candidate

This ready record binds retained evidence for `WO-AUT-002` to candidate commit `0b023637d4b95e5187acaa6438313b416e0cda47`. An accountable assurance owner must review the evidence and transition the record to `verified`; this command did not approve, commit, tag, release, or publish anything.

The record is intentionally created after the candidate commit it names, avoiding self-referential commit metadata.

b42c2483ebc10dea4e544b437096445bd5796057 blob 2121
+++
id = "VREC-AUT-003"
type = "verification_record"
title = "Verification candidate for WO-AUT-003"
status = "verified"
owners = ["quality-owner"]
created = "2026-08-28"
updated = "2026-08-28"
commit = "7a2a3649da276d0f31d11997a361232b8c16fa29"
git_object_format = "sha1"
worktree_state = "clean"
prepared_at = "2026-08-28T10:42:58Z"
prepared_by = "quality-owner"
artifact_snapshot_sha256 = "1d05d6b950fe2c54e75b067cb044c47b2b669b974b55d0ecc38d8b9145ff006b"
evidence_paths = ["docs/engineering/artifact-authoring/evidence/WO-AUT-003-verification.md"]
evaluator_evidence_path = "docs/engineering/artifact-authoring/evidence/VREC-AUT-003-evaluator.json"
evaluator_evidence_sha256 = "1e713a859270491fe587d79b3b499a1a077d1c7dc9e588260ef8adc5b429f5cf"

verified_at = "2026-08-28T10:47:55Z"
verified_by = "assurance-owner"
[relations]
verifies_work_order = ["WO-AUT-003"]
conforms_to = ["VER-AUT-001"]

[[lifecycle_events]]
from = "ready"
to = "verified"
decided_at = "2026-08-28T10:47:55Z"
decided_by = "assurance-owner"
reason = "Verified on 2026-08-28 by the accountable assurance owner, 'I verify VREC-AUT-003'. Re-measured immediately before this transition: candidate commit 7a2a3649da276d0f31d11997a361232b8c16fa29 is an ancestor of the branch tip with a clean worktree; the evidence blob at the candidate is byte-identical to the tip; the evaluator packet matches its recorded raw digest; all thirteen hosted checks pass at 8d67924 including the Windows legs; the graph reads 1053 artifacts and 0 errors under the released 0.7.1 evaluator. Acceptance covers the evidence as recorded with its two disclosures. It authorizes no merge, release, publication or deployment."
+++

# Verification Record Candidate

This ready record binds retained evidence for `WO-AUT-003` to candidate commit `7a2a3649da276d0f31d11997a361232b8c16fa29`. An accountable assurance owner must review the evidence and transition the record to `verified`; this command did not approve, commit, tag, release, or publish anything.

The record is intentionally created after the candidate commit it names, avoiding self-referential commit metadata.

a3455662562ecc170f9a268e57205b35ab20946d blob 2878
+++
id = "VREC-AUT-004"
type = "verification_record"
title = "Verification candidate for WO-AUT-004"
status = "verified"
owners = ["assurance-owner"]
created = "2026-08-30"
updated = "2026-08-30"
commit = "0510f7596cadf8349581a11fde5926ef456287f0"
git_object_format = "sha1"
worktree_state = "clean"
prepared_at = "2026-08-30T16:08:21Z"
prepared_by = "assurance-owner"
artifact_snapshot_sha256 = "8f69f1a6df23d71badc94e2c5cb0b031c37043620c97558eb266eacf943ac342"
evidence_paths = ["docs/engineering/artifact-authoring/evidence/WO-AUT-004/WO-AUT-004-handoff.md", "docs/engineering/artifact-authoring/evidence/WO-AUT-004/handoff.json"]
evaluator_evidence_path = "docs/engineering/artifact-authoring/evidence/VREC-AUT-004-evaluator.json"
evaluator_evidence_sha256 = "52678c799ac17cfa9a568da240a9ba2596ca17a124cf73bdcd8a67059474f211"

verified_at = "2026-08-30T16:37:35Z"
verified_by = "assurance-owner"
[relations]
verifies_work_order = ["WO-AUT-004"]
conforms_to = ["VER-AUT-002"]

[[lifecycle_events]]
from = "ready"
to = "verified"
decided_at = "2026-08-30T16:37:35Z"
decided_by = "assurance-owner"
reason = "Verified by the accountable assurance owner on 2026-08-30, 'I verify VREC-AUT-004 as assurance owner'. Re-measured immediately before this transition: bound commit 0510f75 is an ancestor of the branch tip with a clean worktree; WO-AUT-004 is implemented; the evaluator packet matches its recorded digest 52678c79 (the 0.11.0 root). The retained evidence shows the advisory class implemented as SPEC-AUT-002 states it: the W-AUT family raised only on drafts and carried in the report's advisories list, the four-number summary, the Advisories section on request, the complete JSON, harnessctl validate --advisories, the consumers unchanged; the amendment records on REQ-AUT-002 and SPEC-AUT-001; the upgrade rehearsal reading the four-number summary under the scope amendment of 2026-08-30; 94 tests in the affected suites and the full Windows suite at its baseline; this tree reading 0 errors, 69 warnings, 0 advisories under the candidate against 485 warnings under the 0.11.0 root, as VER-AUT-002 states. At the bound commit and at this record head 2631fa9 the managed Engineering Harness lane, the candidate-evidence workflow, the governor assessment and the publication rehearsal all completed success. The bound change set stands over main 2f91797. This verifies WO-AUT-004 only; it releases and publishes nothing."
+++

# Verification Record Candidate

This ready record binds retained evidence for `WO-AUT-004` to candidate commit `0510f7596cadf8349581a11fde5926ef456287f0`. An accountable assurance owner must review the evidence and transition the record to `verified`; this command did not approve, commit, tag, release, or publish anything.

The record is intentionally created after the candidate commit it names, avoiding self-referential commit metadata.

5d91d5ecb6e89a4add3b96db0f0e0b0f27a859f8 blob 3542
+++
id = "VREC-AUT-005"
type = "verification_record"
title = "Verification candidate for WO-AUT-005"
status = "verified"
owners = ["assurance-owner"]
created = "2026-09-08"
updated = "2026-09-08"
commit = "8fb5061b318bb895095ebdade4d00b705b0ad8d0"
git_object_format = "sha1"
worktree_state = "clean"
prepared_at = "2026-09-08T18:57:58Z"
prepared_by = "assurance-owner"
artifact_snapshot_sha256 = "72acc5420e7859f704ef362e3037a5508ad9df0874b3f64efe5cb73de303ca9d"
evidence_paths = ["docs/engineering/artifact-authoring/evidence/WO-AUT-005/WO-AUT-005-handoff.md", "docs/engineering/artifact-authoring/evidence/WO-AUT-005/handoff.json"]
evaluator_evidence_path = "docs/engineering/artifact-authoring/evidence/VREC-AUT-005-evaluator.json"
evaluator_evidence_sha256 = "e2cd0929fd42d0634d3bf23a73408665bac8ae473b98c81439dbffb828bff951"

verified_at = "2026-09-08T19:08:32Z"
verified_by = "assurance-owner"
[relations]
verifies_work_order = ["WO-AUT-005"]
conforms_to = ["VER-AUT-003"]

[[lifecycle_events]]
from = "ready"
to = "verified"
decided_at = "2026-09-08T19:08:32Z"
decided_by = "assurance-owner"
reason = "Verified by the accountable assurance owner on 2026-09-08 by selecting the presented option. Re-measured immediately before this transition: bound commit 8fb5061b is an ancestor of the record head 63f0edac with a clean worktree, WO-AUT-005 is implemented, the evaluator packet matches its recorded digest e2cd0929, and both retained evidence files are tracked. Every VER-AUT-003 row passes. Relations: 15 architectures on addresses and conforms_to, none holding constrains, every addressed requirement specified by a named conforming specification. Assessments: 14 written with controlled triggers and each rationale naming its deciding ADR. Amendments: 15 amendment records with updated bumped and title, status, statement and ADR relations unmoved. Vocabulary: 271 requirements on the four words, 267 mapped by rule and 4 as recorded steward decisions, each keeping its original string in verification_notes. Retirement: the script, its two tests and the note paragraph are gone and SPEC-AUT-001 carries the amendment record. Windows: the released 0.16.0 evaluator reads 0 errors, W014 0 and W015 0 against 14 and 15 on main at 517dc5f6, with W013 at 44 and 0 advisories unchanged. Scope: the handoff check passed all nine QGP-G4I predicates over 304 Git-derived paths and no file under se_harness or any managed path changed. Regression: 1,056 tests at this machine baseline of two known Windows failures, doctor 97 checks 0 failed, 13 distribution records, and 17 of 17 lanes green at the bound commit and at the record head. Both acceptance scenarios reproduce in a scratch worktree: restoring legacy constrains on ARCH-DST-004 raises W015 naming exactly it and fails the corpus test, and an unknown trigger raises E014 naming it; the retained second run mapped nothing. Disclosed and outside this candidate: the two never-collected REQ-AUT-007 advisory tests are issue 415. This verifies WO-AUT-005 only; it releases and publishes nothing, and the merge is a separate decision."
+++

# Verification Record Candidate

This ready record binds retained evidence for `WO-AUT-005` to candidate commit `8fb5061b318bb895095ebdade4d00b705b0ad8d0`. An accountable assurance owner must review the evidence and transition the record to `verified`; this command did not approve, commit, tag, release, or publish anything.

The record is intentionally created after the candidate commit it names, avoiding self-referential commit metadata.

8baa9e0426f303f21f208dca6693fbaa3a228239 blob 3794
+++
id = "VREC-AUT-006"
type = "verification_record"
title = "Verification candidate for WO-AUT-006"
status = "verified"
owners = ["delegated-executor"]
created = "2026-09-09"
updated = "2026-09-09"
commit = "ff451be0c7154e754d2919865d6cc1dbbb45c190"
git_object_format = "sha1"
worktree_state = "clean"
prepared_at = "2026-09-09T18:46:14Z"
prepared_by = "delegated-executor"
artifact_snapshot_sha256 = "d18a62c20f7005abe34a4b933d660a5030f2b02ab14cb39f2f9c2d0d2489237c"
evidence_paths = ["docs/engineering/artifact-authoring/evidence/WO-AUT-006/WO-AUT-006-handoff.md", "docs/engineering/artifact-authoring/evidence/WO-AUT-006/WO-AUT-006-verification.md", "docs/engineering/artifact-authoring/evidence/WO-AUT-006/handoff.json"]
evaluator_evidence_path = "docs/engineering/artifact-authoring/evidence/VREC-AUT-006-evaluator.json"
evaluator_evidence_sha256 = "44d4b74d9febe03a0828dfeee8cd8322fd02db74ff866d7191440e17164e7abb"

verified_at = "2026-09-09T19:44:43Z"
verified_by = "assurance-owner"
[relations]
verifies_work_order = ["WO-AUT-006"]
conforms_to = ["VER-AUT-004"]

[[lifecycle_events]]
from = "ready"
to = "verified"
decided_at = "2026-09-09T19:44:43Z"
decided_by = "assurance-owner"
reason = "Verified by the assurance owner on 2026-09-09 by selecting the presented option. Re-measured immediately before this transition: bound commit ff451be0 is an ancestor of the record head f0e4e7bc with a clean worktree, WO-AUT-006 is implemented, the evaluator packet matches its recorded digest 44d4b74d, and the three retained evidence files are tracked. Every VER-AUT-004 row passes. Retired relation: constrains reads E016 naming it retired for an approved and an implemented architecture, for every target set and beside typed relations, W015 nowhere. Unassessed architecture: E014 with no W019, E015 kept for adr_required without a deciding ADR. Dashboard: the typed pair, no legacy state. Header-less packet: not assessable, naming harnessctl evidence, nothing retained, the packet untouched. V1 schema: the loader's own error; WEX-ECP-030 kept for a missing binding. Registry: the four codes gone, the kept ones present, the index matching the source. Permanent branches: commented, counted in the note. Amendments: four records, rule text verbatim. Baseline: released 0.17.0 and the candidate both 1,461 artifacts, 0 errors, 46 W013 with the record present. Scope: 27 changed paths inside the amended scope, no template, root byte or corpus artifact. Regression: 1,126 tests at the Windows baseline, the hosted suite passing, doctor and the review preflight PASS, five of five lanes green at ff451be0 and f0e4e7bc. The five acceptance scenarios were reproduced in a scratch worktree at ff451be0, the header-less packet one through the two fixture tests since the work order's own handoff checkpoint no longer applies once implemented. Disclosed: the shared fixture corpus took the typed shape, the scope amendment for validation_lifecycle.py, the TRC-008 template sentence owed to the next managed-template work order. This verifies WO-AUT-006 only; it releases and publishes nothing, and the merge is a separate decision under DR-DELIVERY-SELECT."
+++

# Verification Record Candidate

This ready record binds retained evidence for `WO-AUT-006` to candidate commit `ff451be0c7154e754d2919865d6cc1dbbb45c190`. An accountable assurance owner must review the evidence and transition the record to `verified`; this command did not approve, commit, tag, release, or publish anything. Delegated DR-VREC-PREPARE under [delegation] class 'execution': required check 'validate' success at ff451be0c7154e754d2919865d6cc1dbbb45c190 (check-run 102595488022, source github-checks).

The record is intentionally created after the candidate commit it names, avoiding self-referential commit metadata.

231dff48673db7e5ed0089db17c0d7f29984a7ef blob 873
{"diagnostics":[],"environment":{"checkout_excluded":true,"entry_point_resolved":true,"isolated_python":true,"pythonpath_present":false,"user_site_enabled":false},"evaluator":{"archive_name":"se_harness-0.6.0-py3-none-any.whl","archive_sha256":"2a952eb6ff4ea137d0904c3c9a6f19c88482bfbaa18a9766e5ad4d4a6fef62f7","payload_manifest":"se-harness-installed-payload-v1","payload_sha256":"c233678548fe742b7a7a5a8bd65de10156ff233edc65b68e2ed0333fbe4dea42","version":"0.6.0"},"origins":{"distribution":"<evaluator-root>/Lib/site-packages","entry_point":"<evaluator-root>/Scripts/harnessctl.exe","module":"<evaluator-root>/Lib/site-packages/se_harness/runtime_identity.py","python_executable":"<evaluator-root>/Scripts/python.exe","templates":"<evaluator-root>/share/se-harness/templates/repository/standard"},"role":"released-evaluator","schema":"se-harness-evaluator-evidence-v1"}

231dff48673db7e5ed0089db17c0d7f29984a7ef blob 873
{"diagnostics":[],"environment":{"checkout_excluded":true,"entry_point_resolved":true,"isolated_python":true,"pythonpath_present":false,"user_site_enabled":false},"evaluator":{"archive_name":"se_harness-0.6.0-py3-none-any.whl","archive_sha256":"2a952eb6ff4ea137d0904c3c9a6f19c88482bfbaa18a9766e5ad4d4a6fef62f7","payload_manifest":"se-harness-installed-payload-v1","payload_sha256":"c233678548fe742b7a7a5a8bd65de10156ff233edc65b68e2ed0333fbe4dea42","version":"0.6.0"},"origins":{"distribution":"<evaluator-root>/Lib/site-packages","entry_point":"<evaluator-root>/Scripts/harnessctl.exe","module":"<evaluator-root>/Lib/site-packages/se_harness/runtime_identity.py","python_executable":"<evaluator-root>/Scripts/python.exe","templates":"<evaluator-root>/share/se-harness/templates/repository/standard"},"role":"released-evaluator","schema":"se-harness-evaluator-evidence-v1"}

231dff48673db7e5ed0089db17c0d7f29984a7ef blob 873
{"diagnostics":[],"environment":{"checkout_excluded":true,"entry_point_resolved":true,"isolated_python":true,"pythonpath_present":false,"user_site_enabled":false},"evaluator":{"archive_name":"se_harness-0.6.0-py3-none-any.whl","archive_sha256":"2a952eb6ff4ea137d0904c3c9a6f19c88482bfbaa18a9766e5ad4d4a6fef62f7","payload_manifest":"se-harness-installed-payload-v1","payload_sha256":"c233678548fe742b7a7a5a8bd65de10156ff233edc65b68e2ed0333fbe4dea42","version":"0.6.0"},"origins":{"distribution":"<evaluator-root>/Lib/site-packages","entry_point":"<evaluator-root>/Scripts/harnessctl.exe","module":"<evaluator-root>/Lib/site-packages/se_harness/runtime_identity.py","python_executable":"<evaluator-root>/Scripts/python.exe","templates":"<evaluator-root>/share/se-harness/templates/repository/standard"},"role":"released-evaluator","schema":"se-harness-evaluator-evidence-v1"}

231dff48673db7e5ed0089db17c0d7f29984a7ef blob 873
{"diagnostics":[],"environment":{"checkout_excluded":true,"entry_point_resolved":true,"isolated_python":true,"pythonpath_present":false,"user_site_enabled":false},"evaluator":{"archive_name":"se_harness-0.6.0-py3-none-any.whl","archive_sha256":"2a952eb6ff4ea137d0904c3c9a6f19c88482bfbaa18a9766e5ad4d4a6fef62f7","payload_manifest":"se-harness-installed-payload-v1","payload_sha256":"c233678548fe742b7a7a5a8bd65de10156ff233edc65b68e2ed0333fbe4dea42","version":"0.6.0"},"origins":{"distribution":"<evaluator-root>/Lib/site-packages","entry_point":"<evaluator-root>/Scripts/harnessctl.exe","module":"<evaluator-root>/Lib/site-packages/se_harness/runtime_identity.py","python_executable":"<evaluator-root>/Scripts/python.exe","templates":"<evaluator-root>/share/se-harness/templates/repository/standard"},"role":"released-evaluator","schema":"se-harness-evaluator-evidence-v1"}

231dff48673db7e5ed0089db17c0d7f29984a7ef blob 873
{"diagnostics":[],"environment":{"checkout_excluded":true,"entry_point_resolved":true,"isolated_python":true,"pythonpath_present":false,"user_site_enabled":false},"evaluator":{"archive_name":"se_harness-0.6.0-py3-none-any.whl","archive_sha256":"2a952eb6ff4ea137d0904c3c9a6f19c88482bfbaa18a9766e5ad4d4a6fef62f7","payload_manifest":"se-harness-installed-payload-v1","payload_sha256":"c233678548fe742b7a7a5a8bd65de10156ff233edc65b68e2ed0333fbe4dea42","version":"0.6.0"},"origins":{"distribution":"<evaluator-root>/Lib/site-packages","entry_point":"<evaluator-root>/Scripts/harnessctl.exe","module":"<evaluator-root>/Lib/site-packages/se_harness/runtime_identity.py","python_executable":"<evaluator-root>/Scripts/python.exe","templates":"<evaluator-root>/share/se-harness/templates/repository/standard"},"role":"released-evaluator","schema":"se-harness-evaluator-evidence-v1"}

17a178e826060f150140d8412726cc1a7a8eb9e3 blob 875
{"diagnostics":[],"environment":{"checkout_excluded":true,"entry_point_resolved":true,"isolated_python":true,"pythonpath_present":false,"user_site_enabled":false},"evaluator":{"archive_name":"se_harness-0.14.0-py3-none-any.whl","archive_sha256":"70d438b501d374fec06f41e25571f674b3cd1f43178389e6e06b0269c92f4856","payload_manifest":"se-harness-installed-payload-v1","payload_sha256":"25034dc72a6be582ebef3c6b9a733c6ab9b6dcd879b9fda162d4d3e131a04306","version":"0.14.0"},"origins":{"distribution":"<evaluator-root>/Lib/site-packages","entry_point":"<evaluator-root>/Scripts/harnessctl.exe","module":"<evaluator-root>/Lib/site-packages/se_harness/runtime_identity.py","python_executable":"<evaluator-root>/Scripts/python.exe","templates":"<evaluator-root>/share/se-harness/templates/repository/standard"},"role":"released-evaluator","schema":"se-harness-evaluator-evidence-v1"}

43178f539e832d57ece629053c45254923ec71c2 blob 875
{"diagnostics":[],"environment":{"checkout_excluded":true,"entry_point_resolved":true,"isolated_python":true,"pythonpath_present":false,"user_site_enabled":false},"evaluator":{"archive_name":"se_harness-0.16.0-py3-none-any.whl","archive_sha256":"a969d6ab9e80acc2c9f9e7b6679a02e7ffab371f1f11cb0c0f4243f208ed9eae","payload_manifest":"se-harness-installed-payload-v1","payload_sha256":"51712fcfe5253db8d542deb870a0017b25c2976f5f4e76a81fd08923bba45e3c","version":"0.16.0"},"origins":{"distribution":"<evaluator-root>/Lib/site-packages","entry_point":"<evaluator-root>/Scripts/harnessctl.exe","module":"<evaluator-root>/Lib/site-packages/se_harness/runtime_identity.py","python_executable":"<evaluator-root>/Scripts/python.exe","templates":"<evaluator-root>/share/se-harness/templates/repository/standard"},"role":"released-evaluator","schema":"se-harness-evaluator-evidence-v1"}

0cb0757dc294cb290f047d662e8ef0f6e72e0292 blob 875
{"diagnostics":[],"environment":{"checkout_excluded":true,"entry_point_resolved":true,"isolated_python":true,"pythonpath_present":false,"user_site_enabled":false},"evaluator":{"archive_name":"se_harness-0.17.0-py3-none-any.whl","archive_sha256":"305c7cbc79f87baa76ea3bea939b134999f9cad3bfdfa0b4c9c2fd2d9caacced","payload_manifest":"se-harness-installed-payload-v1","payload_sha256":"dd48b16b69d90a04412f458c756876ec22a687c99282075e69d0f58316c43405","version":"0.17.0"},"origins":{"distribution":"<evaluator-root>/Lib/site-packages","entry_point":"<evaluator-root>/Scripts/harnessctl.exe","module":"<evaluator-root>/Lib/site-packages/se_harness/runtime_identity.py","python_executable":"<evaluator-root>/Scripts/python.exe","templates":"<evaluator-root>/share/se-harness/templates/repository/standard"},"role":"released-evaluator","schema":"se-harness-evaluator-evidence-v1"}

b94886d99c49c41f30d508323062603a7c0ef636 blob 2261
+++
id = "VREC-CIP-001"
type = "verification_record"
title = "Verification candidate for WO-CIP-001"
status = "verified"
owners = ["engineering-owner"]
created = "2026-08-26"
updated = "2026-08-26"
commit = "25a245f4b6d1cfc7436fe7844ac49e9fed356bc1"
git_object_format = "sha1"
worktree_state = "clean"
prepared_at = "2026-08-26T15:41:52Z"
prepared_by = "engineering-owner"
artifact_snapshot_sha256 = "8854086954ef406622bf7dcc4de4cf4a23591268dd6b9f5451148feba77b330f"
evidence_paths = ["docs/engineering/ci-pipeline/evidence/WO-CIP-001/WO-CIP-001-verification.md"]
evaluator_evidence_path = "docs/engineering/ci-pipeline/evidence/VREC-CIP-001-evaluator.json"
evaluator_evidence_sha256 = "fcfc14471cc373fce07ece222f6c03b2152dad2cf4cd5ae6e04cf147c4171962"

verified_at = "2026-08-26T15:49:07Z"
verified_by = "assurance-owner"
[relations]
verifies_work_order = ["WO-CIP-001"]
conforms_to = ["VER-CIP-001"]

[[lifecycle_events]]
from = "ready"
to = "verified"
decided_at = "2026-08-26T15:49:07Z"
decided_by = "assurance-owner"
reason = "Assurance owner accepted the retained evidence on 2026-08-26 with 'I verify VREC-CIP-001', after accepting interactively the five recorded deviations from SPEC-CIP-001: the integration package keeps its own two builds (SPEC-IPK-001 rule 1) (1) and its retention job (rule 5) (2); the rehearsal runs twice per platform (REQ-REB-017) (3); the cross-platform comparison runs only where the integration lane runs (4); the managed workflow changed in the template only (5). Verification rests on the retained evidence; the hosted readings of VER-CIP-001 scenarios 1 and 2 come from pull request #171, whose runs were queued behind a GitHub Actions outage at the time of this decision: the pull-request runs were created and no push-event run exists for the repository-owned workflows."
+++

# Verification Record Candidate

This ready record binds retained evidence for `WO-CIP-001` to candidate commit `25a245f4b6d1cfc7436fe7844ac49e9fed356bc1`. An accountable assurance owner must review the evidence and transition the record to `verified`; this command did not approve, commit, tag, release, or publish anything.

The record is intentionally created after the candidate commit it names, avoiding self-referential commit metadata.

23c5956ce4ca5caa5dd097d92a3370a94bf6aa6e blob 2793
+++
id = "VREC-CIP-002"
type = "verification_record"
title = "Verification candidate for WO-CIP-002"
status = "verified"
owners = ["engineering-owner"]
created = "2026-08-26"
updated = "2026-08-26"
commit = "a199133c512566c96cac229539f1bb51373ef1d0"
git_object_format = "sha1"
worktree_state = "clean"
prepared_at = "2026-08-26T17:13:43Z"
prepared_by = "engineering-owner"
artifact_snapshot_sha256 = "36ae678c6ecbc5fecf1cee16edd55edf7f7baae584c08d9cb777063dc46b26c0"
evidence_paths = ["docs/engineering/ci-pipeline/evidence/WO-CIP-002/WO-CIP-002-verification.md", "docs/engineering/release-orchestration/evidence/WO-CIP-002-rehearsal-mechanism.md"]
evaluator_evidence_path = "docs/engineering/ci-pipeline/evidence/VREC-CIP-002-evaluator.json"
evaluator_evidence_sha256 = "fcfc14471cc373fce07ece222f6c03b2152dad2cf4cd5ae6e04cf147c4171962"

verified_at = "2026-08-26T17:19:30Z"
verified_by = "assurance-owner"
[relations]
verifies_work_order = ["WO-CIP-002"]
conforms_to = ["VER-CIP-001"]

[[lifecycle_events]]
from = "ready"
to = "verified"
decided_at = "2026-08-26T17:19:30Z"
decided_by = "assurance-owner"
reason = "Assurance owner accepted the retained evidence on 2026-08-26 with 'I verify VREC-CIP-002', after accepting interactively the eight recorded deviations from SPEC-CIP-001 and the WO-CIP-002 scope (Linux-only recipe-path definition (1, 2); no schema-2 record for release-record mode yet (3); classify-pypi deleted (4); shared helpers in repository_tools (5); release-candidate-replay.yml unchanged (6); two scope amendments, the second correcting WO-CIP-003's migration job (7, 8)). Hosted reading disclosed at the time of this decision: pull request #173's rehearsal executed the reusable definition; resolve, qualify complete-candidate and the unit suite passed on the hosted runner; the candidate-mode recipe replay failed in repository_tools.release_build.replay_build's workspace teardown with 'Operation not permitted' on files the containerized producer wrote as root. That defect predates this work order: every hosted run of release-candidate-replay.yml in the repository's history fails the same way, including the 2026-08-26 run on the 0.7.0 contract branch, and it affects the 0.7.0 release path. The owner chose to verify with this disclosure and to raise a corrective work order in the release-orchestration domain."
+++

# Verification Record Candidate

This ready record binds retained evidence for `WO-CIP-002` to candidate commit `a199133c512566c96cac229539f1bb51373ef1d0`. An accountable assurance owner must review the evidence and transition the record to `verified`; this command did not approve, commit, tag, release, or publish anything.

The record is intentionally created after the candidate commit it names, avoiding self-referential commit metadata.

e98a2c3e06c352de88f8e44c5a681cef4bc0ef8f blob 2114
+++
id = "VREC-CIP-003"
type = "verification_record"
title = "Verification candidate for WO-CIP-003"
status = "verified"
owners = ["engineering-owner"]
created = "2026-08-26"
updated = "2026-08-26"
commit = "7baca57bfdd2f04ec070e4816bab27c0b45b4404"
git_object_format = "sha1"
worktree_state = "clean"
prepared_at = "2026-08-26T16:32:50Z"
prepared_by = "engineering-owner"
artifact_snapshot_sha256 = "720f92ee0e9f6fe25c9ef1ba65f05f287ef15abd9cfb778f6334a35e995c69b4"
evidence_paths = ["docs/engineering/ci-pipeline/evidence/WO-CIP-003/WO-CIP-003-verification.md"]
evaluator_evidence_path = "docs/engineering/ci-pipeline/evidence/VREC-CIP-003-evaluator.json"
evaluator_evidence_sha256 = "fcfc14471cc373fce07ece222f6c03b2152dad2cf4cd5ae6e04cf147c4171962"

verified_at = "2026-08-26T16:36:02Z"
verified_by = "assurance-owner"
[relations]
verifies_work_order = ["WO-CIP-003"]
conforms_to = ["VER-CIP-001"]

[[lifecycle_events]]
from = "ready"
to = "verified"
decided_at = "2026-08-26T16:36:02Z"
decided_by = "assurance-owner"
reason = "Assurance owner accepted the retained evidence on 2026-08-26 with 'I verify VREC-CIP-003', after accepting interactively the six recorded deviations from SPEC-CIP-001: the legacy acceptance-contract digest declared once in the module (1); the writer is a repository_tools command (2) that re-points a template scenario (4); predecessor-evaluator-assessment.yml (3) and the fixtures (5) unchanged; the module is standard-library only because the repository_tools import crossing is a pinned inventory (6). Verification rests on the retained evidence; the hosted run of pull request #172 had not reported at the time of this decision."
+++

# Verification Record Candidate

This ready record binds retained evidence for `WO-CIP-003` to candidate commit `7baca57bfdd2f04ec070e4816bab27c0b45b4404`. An accountable assurance owner must review the evidence and transition the record to `verified`; this command did not approve, commit, tag, release, or publish anything.

The record is intentionally created after the candidate commit it names, avoiding self-referential commit metadata.

1ac7abc26e409d142ad381ac3fe0549ebd8d2be9 blob 2385
+++
id = "VREC-CIP-004"
type = "verification_record"
title = "Verification candidate for WO-CIP-004"
status = "verified"
owners = ["engineering-owner"]
created = "2026-08-26"
updated = "2026-08-26"
commit = "fce0383325f6b15192eda4828406757b9c62b426"
git_object_format = "sha1"
worktree_state = "clean"
prepared_at = "2026-08-26T18:52:55Z"
prepared_by = "engineering-owner"
artifact_snapshot_sha256 = "29939243c27581157012ad99b0e4371951555060de27aab0b0dfdd445b18c594"
evidence_paths = ["docs/engineering/ci-pipeline/evidence/WO-CIP-004/WO-CIP-004-verification.md", "docs/engineering/ci-pipeline/evidence/WO-CIP-004/release-unit-v0.6.0-e98b788.json"]
evaluator_evidence_path = "docs/engineering/ci-pipeline/evidence/VREC-CIP-004-evaluator.json"
evaluator_evidence_sha256 = "fcfc14471cc373fce07ece222f6c03b2152dad2cf4cd5ae6e04cf147c4171962"

verified_at = "2026-08-26T18:54:24Z"
verified_by = "assurance-owner"
[relations]
verifies_work_order = ["WO-CIP-004"]
conforms_to = ["VER-CIP-001"]

[[lifecycle_events]]
from = "ready"
to = "verified"
decided_at = "2026-08-26T18:54:24Z"
decided_by = "assurance-owner"
reason = "Assurance owner accepted the retained evidence on 2026-08-26 with 'I verify VREC-CIP-004', after accepting interactively the seven recorded deviations from SPEC-CIP-001 and the WO-CIP-004 scope: E-CIP-001 emitted by the command rather than the git-free managed validator, with an approval-time predicate as a follow-up (1); the 0.7.0 unit not reproducible from commit trailers, so 0.7.0 keeps its allow-list contract and the first unit frozen by candidate commit is the next one (2); template changes in the standard template only (3); declared packaged-surface prefixes (4); validator unchanged (5); the two unbound commits re-based onto main after the stack merged (6); a pre-existing brittle test on main fixed here (7). Verification rests on the retained evidence; the command is local and needs no hosted reading."
+++

# Verification Record Candidate

This ready record binds retained evidence for `WO-CIP-004` to candidate commit `fce0383325f6b15192eda4828406757b9c62b426`. An accountable assurance owner must review the evidence and transition the record to `verified`; this command did not approve, commit, tag, release, or publish anything.

The record is intentionally created after the candidate commit it names, avoiding self-referential commit metadata.

948ae7bb74cf4cca93cbe3a67a1d82305de75112 blob 1846
+++
id = "VREC-CIP-005"
type = "verification_record"
title = "Verification candidate for WO-CIP-005"
status = "verified"
owners = ["engineering-owner"]
created = "2026-08-26"
updated = "2026-08-26"
commit = "04ef9f9157f025f8538f18d572489452de023c21"
git_object_format = "sha1"
worktree_state = "clean"
prepared_at = "2026-08-26T20:32:42Z"
prepared_by = "engineering-owner"
artifact_snapshot_sha256 = "7fb37fef19560f1fd8133282ed65ca7dad30d96981de9d271de14f03f32f1c55"
evidence_paths = ["docs/engineering/ci-pipeline/evidence/WO-CIP-005/WO-CIP-005-verification.md"]
evaluator_evidence_path = "docs/engineering/ci-pipeline/evidence/VREC-CIP-005-evaluator.json"
evaluator_evidence_sha256 = "fcfc14471cc373fce07ece222f6c03b2152dad2cf4cd5ae6e04cf147c4171962"

verified_at = "2026-08-26T20:34:15Z"
verified_by = "assurance-owner"
[relations]
verifies_work_order = ["WO-CIP-005"]
conforms_to = ["VER-CIP-001"]

[[lifecycle_events]]
from = "ready"
to = "verified"
decided_at = "2026-08-26T20:34:15Z"
decided_by = "assurance-owner"
reason = "Assurance owner accepted the retained evidence on 2026-08-26 with 'I verify VREC-CIP-005', after accepting interactively the three recorded deviations: the predicate bound to QG-G5-RELEASE-PREPARATION (1); exemptions in release_unit.untraced_exemptions (2); two-segment work-order ids admitted (3). The predicate runs in the evaluator; no hosted reading is needed."
+++

# Verification Record Candidate

This ready record binds retained evidence for `WO-CIP-005` to candidate commit `04ef9f9157f025f8538f18d572489452de023c21`. An accountable assurance owner must review the evidence and transition the record to `verified`; this command did not approve, commit, tag, release, or publish anything.

The record is intentionally created after the candidate commit it names, avoiding self-referential commit metadata.

c38784ad2c73fee4072afff5bf80fd056d43b1da blob 3133
+++
id = "VREC-CIP-006"
type = "verification_record"
title = "Verification candidate for WO-CIP-006"
status = "verified"
owners = ["delegated-executor"]
created = "2026-09-02"
updated = "2026-09-02"
commit = "cfc031fe3c2516e4ed4998b480295c5b21d10275"
git_object_format = "sha1"
worktree_state = "clean"
prepared_at = "2026-09-02T16:13:30Z"
prepared_by = "delegated-executor"
artifact_snapshot_sha256 = "c2541b0c9f4c51228be1d3a97f4c73ff10ba4d573139fefacd6a4a01449cd932"
evidence_paths = ["docs/engineering/ci-pipeline/evidence/WO-CIP-006/WO-CIP-006-handoff.md", "docs/engineering/ci-pipeline/evidence/WO-CIP-006/handoff.json"]
evaluator_evidence_path = "docs/engineering/ci-pipeline/evidence/VREC-CIP-006-evaluator.json"
evaluator_evidence_sha256 = "35e55a43897ec79be254438dab550d99fed9d904a6d1db2d51f6a56875c4d89f"

verified_at = "2026-09-02T16:21:18Z"
verified_by = "assurance-owner"
[relations]
verifies_work_order = ["WO-CIP-006"]
conforms_to = ["VER-CIP-002"]

[[lifecycle_events]]
from = "ready"
to = "verified"
decided_at = "2026-09-02T16:21:18Z"
decided_by = "assurance-owner"
reason = "Verified by the accountable assurance owner on 2026-09-02 by selecting the presented option 'I verify VREC-CIP-006'. Re-measured immediately before this transition: bound commit cfc031f is the delegated implemented-transition commit of WO-CIP-006 with a clean worktree; the record was prepared by the delegated-executor under the class at that head's green validate gate; the evaluator packet matches its recorded digest, produced by the exact public 0.14.0 root outside the checkout. The record binds the keyed handoff packet whose readings satisfy every VER-CIP-002 row: the selector reads the base ref's records and refuses a request absent from the base or an unknown ref, the workflow conditions the fetch and --base-ref on the pull-request event, the run observation on pull request #322 (run 33652518089) selected RLS-SEH-023 at refs/remotes/origin/main and passed the record-mode leg, validate 1264 artifacts 0 errors 0 advisories, doctor 0 FAIL, review preflight PASS, the suite at its one baseline name, and the three delegated lifecycle events naming the class, the check-run ids and the heads; all lanes of pull request #322 pass at d887a5d. The one deviation, the --base-ref option first registered after return parser at a822fb7, was caught by the run observation and fixed at 9dcdd49 with a command-level test. This verifies WO-CIP-006 only; it merges, releases and publishes nothing."
+++

# Verification Record Candidate

This ready record binds retained evidence for `WO-CIP-006` to candidate commit `cfc031fe3c2516e4ed4998b480295c5b21d10275`. An accountable assurance owner must review the evidence and transition the record to `verified`; this command did not approve, commit, tag, release, or publish anything. Delegated DR-VREC-PREPARE under [delegation] class 'execution': required check 'validate' success at cfc031fe3c2516e4ed4998b480295c5b21d10275 (check-run 100325977323, source github-checks).

The record is intentionally created after the candidate commit it names, avoiding self-referential commit metadata.

a66f3fe4cca2ba59ccaefc6af4be217355553af7 blob 3727
+++
id = "VREC-CIP-007"
type = "verification_record"
title = "Verification candidate for WO-CIP-007"
status = "verified"
owners = ["delegated-executor"]
created = "2026-09-08"
updated = "2026-09-08"
commit = "bce529ada41ef42b9608e68e728c23610ad4a876"
git_object_format = "sha1"
worktree_state = "clean"
prepared_at = "2026-09-08T21:09:28Z"
prepared_by = "delegated-executor"
artifact_snapshot_sha256 = "e6ce4fd962a499225cb30aea3f912c40c1613f1fc8c07cca33eb7d1c5fc31351"
evidence_paths = ["docs/engineering/ci-pipeline/evidence/WO-CIP-007/WO-CIP-007-handoff.md", "docs/engineering/ci-pipeline/evidence/WO-CIP-007/handoff.json"]
evaluator_evidence_path = "docs/engineering/ci-pipeline/evidence/VREC-CIP-007-evaluator.json"
evaluator_evidence_sha256 = "e2cd0929fd42d0634d3bf23a73408665bac8ae473b98c81439dbffb828bff951"

verified_at = "2026-09-08T21:26:27Z"
verified_by = "assurance-owner"
[relations]
verifies_work_order = ["WO-CIP-007"]
conforms_to = ["VER-CIP-003"]

[[lifecycle_events]]
from = "ready"
to = "verified"
decided_at = "2026-09-08T21:26:27Z"
decided_by = "assurance-owner"
reason = "Verified by the assurance owner on 2026-09-08 by selecting the presented option. Re-measured immediately before this transition: bound commit bce529ad is an ancestor of the record head 5bc0a163 with a clean worktree, WO-CIP-007 is implemented, the evaluator packet matches its recorded digest e2cd0929, and both retained evidence files are tracked. Every VER-CIP-003 row passes. One run: the head commit of pull request #419 is qualified once and tested once; the candidate leg skipped its qualification step while the release-record leg ran it. Duplicate checks: the zipfile assertion and the reconcile grep are gone; the surface script holds the names. Pins and versions: 52 of 52 public actions in the pin form from 28, one python-version, the toolchain in one env block. Pages: the deploy job queues behind se-harness-pages-deploy. Probes: publish-pypi passes the payload digest unconditionally, pages-publication keeps its probe. Retired names: 28 lines to 4, all the exempt script path and its schema string; the job is upgrade-rehearsal. Manifest: refused without --build-recipe, exit 2, no git call; schema-1 records still read. Documentation: nine workflows in the note with before-and-after counts, the SPEC-CIP-001 amendment record, every header describing its file. Regression: validate 1,432 artifacts and 0 errors under the released 0.16.0 evaluator, doctor 97 PASS, 1,087 tests at the Windows baseline, five of five lanes green at e96160af, f7097333, bce529ad and 5bc0a163. Delegation: the start, implemented and preparation events name delegated-executor with the class, check-run and sha. The three acceptance scenarios were reproduced in a scratch worktree at bce529ad before this edge. Disclosed: the work order's completion sentence against its delegation, the stale job name in ARCH-CIP-001 and REQ-CIP-002, one commit message's pin overcount. This verifies WO-CIP-007 only; it releases and publishes nothing, and the merge is a separate decision under DR-DELIVERY-SELECT."
+++

# Verification Record Candidate

This ready record binds retained evidence for `WO-CIP-007` to candidate commit `bce529ada41ef42b9608e68e728c23610ad4a876`. An accountable assurance owner must review the evidence and transition the record to `verified`; this command did not approve, commit, tag, release, or publish anything. Delegated DR-VREC-PREPARE under [delegation] class 'execution': required check 'validate' success at bce529ada41ef42b9608e68e728c23610ad4a876 (check-run 102237346086, source github-checks).

The record is intentionally created after the candidate commit it names, avoiding self-referential commit metadata.

1eabd74b687003e47c5e7f0bd7b1dc480d311328 blob 3550
+++
id = "VREC-CIP-008"
type = "verification_record"
title = "Verification candidate for WO-CIP-008"
status = "verified"
owners = ["delegated-executor"]
created = "2026-09-10"
updated = "2026-09-10"
commit = "84e761e78cc0de73616e4952cedf210f4442c27b"
git_object_format = "sha1"
worktree_state = "clean"
prepared_at = "2026-09-10T12:41:26Z"
prepared_by = "delegated-executor"
artifact_snapshot_sha256 = "10f6ebdcfa5e9192ea342454f78a81513c2f2dfe6a2c4b8a1feeeaf568ad7949"
evidence_paths = ["docs/engineering/ci-pipeline/evidence/WO-CIP-008/WO-CIP-008-handoff.md", "docs/engineering/ci-pipeline/evidence/WO-CIP-008/handoff.json", "docs/engineering/ci-pipeline/evidence/WO-CIP-008/readings.md"]
evaluator_evidence_path = "docs/engineering/ci-pipeline/evidence/VREC-CIP-008-evaluator.json"
evaluator_evidence_sha256 = "44d4b74d9febe03a0828dfeee8cd8322fd02db74ff866d7191440e17164e7abb"

verified_at = "2026-09-10T12:51:40Z"
verified_by = "assurance-owner"
[relations]
verifies_work_order = ["WO-CIP-008"]
conforms_to = ["VER-CIP-004"]

[[lifecycle_events]]
from = "ready"
to = "verified"
decided_at = "2026-09-10T12:51:40Z"
decided_by = "assurance-owner"
reason = "Verified by the assurance owner on 2026-09-10 by selecting the presented option 'Verify both and merge both (Recommended)'. Re-measured immediately before this transition: bound commit 84e761e7 is an ancestor of the record head f8f3932d with a clean worktree, WO-CIP-008 is implemented, the evaluator packet matches its recorded digest 44d4b74d, and the three retained evidence files are tracked. Every VER-CIP-004 row passes: in the artifact bodies the grep of acceptance 2 returns the old name only inside the two amendment records of ARCH-CIP-001 and REQ-CIP-002; DefinitionNamesTests pins it and names file and line on a reinserted name (negative control ARCH-CIP-001.md:43); each record names the former name, WO-CIP-007 and the date, the requirement's also the reconcile job's removal under WO-CIP-001; only updated differs in either front matter; the index names the repair and no workflow, script or managed path is in the change set. Regression: validate 1,480 artifacts and 0 errors under the released 0.17.0 evaluator, doctor 99 PASS, 1,127 tests at the Windows baseline, 17 of 17 lanes green at 1602fcb4, 84e761e7 and f8f3932d. Delegation: the start, implemented and preparation events name delegated-executor with the class, check-run and sha. Accepted with the disclosures: the front-matter measure of REQ-CIP-009 and the source and measure of REQ-CIP-010 name the retired name as retired and are pinned by the test, so CIP-AMD-004 is read over artifact bodies; REQ-CIP-002's Rationale names the two jobs without their retired names; one intermediate commit's test syntax error was repaired before completion. This verifies WO-CIP-008 only; it releases and publishes nothing, and the merge is a separate decision under DR-DELIVERY-SELECT."
+++

# Verification Record Candidate

This ready record binds retained evidence for `WO-CIP-008` to candidate commit `84e761e78cc0de73616e4952cedf210f4442c27b`. An accountable assurance owner must review the evidence and transition the record to `verified`; this command did not approve, commit, tag, release, or publish anything. Delegated DR-VREC-PREPARE under [delegation] class 'execution': required check 'validate' success at 84e761e78cc0de73616e4952cedf210f4442c27b (check-run 102872699894, source github-checks).

The record is intentionally created after the candidate commit it names, avoiding self-referential commit metadata.

6c9a8e34340c8eb5150a73104ee6179042b6d6c4 blob 875
{"diagnostics":[],"environment":{"checkout_excluded":true,"entry_point_resolved":true,"isolated_python":true,"pythonpath_present":false,"user_site_enabled":false},"evaluator":{"archive_name":"se_harness-0.13.0-py3-none-any.whl","archive_sha256":"1bbf3b747b7ebbb07fd3fd975e87e3c11049e7a6a8e1377e3d35099f4fe862ae","payload_manifest":"se-harness-installed-payload-v1","payload_sha256":"9b4cdb5f2148683f3ceaad868e64b1b4ebefbadcac49cf4cd1feccd954540bfe","version":"0.13.0"},"origins":{"distribution":"<evaluator-root>/Lib/site-packages","entry_point":"<evaluator-root>/Scripts/harnessctl.exe","module":"<evaluator-root>/Lib/site-packages/se_harness/runtime_identity.py","python_executable":"<evaluator-root>/Scripts/python.exe","templates":"<evaluator-root>/share/se-harness/templates/repository/standard"},"role":"released-evaluator","schema":"se-harness-evaluator-evidence-v1"}

70243c1536416320f861f0ae3abf3d319a928b6c blob 1535
+++
id = "VREC-DPG-001"
type = "verification_record"
title = "Verification candidate for WO-DPG-001"
status = "verified"
owners = ["quality-owner"]
created = "2026-08-16"
updated = "2026-08-16"
commit = "450e9c52944b593c30c260f677c618c5f58ea614"
git_object_format = "sha1"
worktree_state = "clean"
verified_at = "2026-08-16T16:51:51Z"
artifact_snapshot_sha256 = "0944797e1f0ba2e6b1671eede086b1908ceff4fe2439b1abfcdbdfcabde81dbf"
evidence_paths = ["docs/engineering/dashboard-publication/evidence/WO-DPG-001-verification.md"]

[relations]
verifies_work_order = ["WO-DPG-001"]
conforms_to = ["VER-DPG-001"]
+++

# Verification Record Candidate

On 2026-08-16, after reviewing the prepared record and retained evidence, the accountable assurance owner explicitly stated `ok, I validate the verification record`. That human decision transitions this record from `ready` to `verified`; automation did not grant the authority.

This record binds retained evidence for `WO-DPG-001` to candidate commit `450e9c52944b593c30c260f677c618c5f58ea614`. The captured candidate commit, object format, clean worktree state, capture timestamp, artifact snapshot, evidence path, work-order coverage, and verification-contract coverage remain unchanged.

The record is intentionally created after the candidate commit it names, avoiding self-referential commit metadata.

This verification decision does not activate `OPS-DPG-001`, merge the pull request, deploy GitHub Pages, create or alter a release, publish a package, or grant any further authority.

5b29825c4d2d60f945b2afe2134c478629850bd2 blob 2609
+++
id = "VREC-DPG-002"
type = "verification_record"
title = "Verification candidate for WO-DPG-002"
status = "verified"
owners = ["quality-owner"]
created = "2026-09-02"
updated = "2026-09-02"
commit = "6c79cb730631158484b9c03f18e0b75b9d303cba"
git_object_format = "sha1"
worktree_state = "clean"
prepared_at = "2026-09-02T10:53:26Z"
prepared_by = "quality-owner"
artifact_snapshot_sha256 = "d9b88d77bbb6b9596bf7ad3e080268b1a34f46c2bc77750b9bde500bbc0554da"
evidence_paths = ["docs/engineering/dashboard-publication/evidence/WO-DPG-002/WO-DPG-002-handoff.md", "docs/engineering/dashboard-publication/evidence/WO-DPG-002/handoff.json"]
evaluator_evidence_path = "docs/engineering/dashboard-publication/evidence/VREC-DPG-002-evaluator.json"
evaluator_evidence_sha256 = "21ded06932d284d3ab2145b5ba7b9d5d3fc40997da8b047f7fb6f9f164910044"

verified_at = "2026-09-02T10:53:35Z"
verified_by = "assurance-owner"
[relations]
verifies_work_order = ["WO-DPG-002"]
conforms_to = ["VER-DPG-001"]

[[lifecycle_events]]
from = "ready"
to = "verified"
decided_at = "2026-09-02T10:53:35Z"
decided_by = "assurance-owner"
reason = "Verified by the accountable assurance owner on 2026-09-02 by selecting the presented option 'Approve, start, complete on green, prepare and verify the VREC'. Re-measured immediately before this transition: bound commit 6c79cb7 is the implemented-transition commit of WO-DPG-002 with a clean worktree; the evaluator packet matches its recorded digest, produced by the exact public 0.13.0 root outside the checkout. The record binds the keyed handoff packet whose readings satisfy VER-DPG-001's packaging rows: the notice is inserted after the one accepted boundary and packaging fails closed otherwise, bound by test to the real root and canonical templates and shown end to end on the 0.13.0 root's generated Explorer; validate 0 errors, doctor 0 FAIL, review preflight PASS, the suite at its one baseline name, all lanes of pull request #316 passing at 085232b. The deployed-site semantic review row of VER-DPG-001 is observed on the recovery publication, a separate act. This verifies WO-DPG-002 only; it merges, deploys and publishes nothing."
+++

# Verification Record Candidate

This ready record binds retained evidence for `WO-DPG-002` to candidate commit `6c79cb730631158484b9c03f18e0b75b9d303cba`. An accountable assurance owner must review the evidence and transition the record to `verified`; this command did not approve, commit, tag, release, or publish anything.

The record is intentionally created after the candidate commit it names, avoiding self-referential commit metadata.

17a178e826060f150140d8412726cc1a7a8eb9e3 blob 875
{"diagnostics":[],"environment":{"checkout_excluded":true,"entry_point_resolved":true,"isolated_python":true,"pythonpath_present":false,"user_site_enabled":false},"evaluator":{"archive_name":"se_harness-0.14.0-py3-none-any.whl","archive_sha256":"70d438b501d374fec06f41e25571f674b3cd1f43178389e6e06b0269c92f4856","payload_manifest":"se-harness-installed-payload-v1","payload_sha256":"25034dc72a6be582ebef3c6b9a733c6ab9b6dcd879b9fda162d4d3e131a04306","version":"0.14.0"},"origins":{"distribution":"<evaluator-root>/Lib/site-packages","entry_point":"<evaluator-root>/Scripts/harnessctl.exe","module":"<evaluator-root>/Lib/site-packages/se_harness/runtime_identity.py","python_executable":"<evaluator-root>/Scripts/python.exe","templates":"<evaluator-root>/share/se-harness/templates/repository/standard"},"role":"released-evaluator","schema":"se-harness-evaluator-evidence-v1"}

9a360a876ab306f227fa52199464668c9d4cc6d2 blob 2558
+++
id = "VREC-DCM-001"
type = "verification_record"
title = "Verification candidate for WO-DCM-001"
status = "verified"
owners = ["delegated-executor"]
created = "2026-09-03"
updated = "2026-09-04"
commit = "a7edc5ccb606ea943d1025bfab1d81c020af564d"
git_object_format = "sha1"
worktree_state = "clean"
prepared_at = "2026-09-03T20:30:13Z"
prepared_by = "delegated-executor"
artifact_snapshot_sha256 = "9cd45af2dcf9ff701967c8ce1d6f317858b72f9e5d7c18e9b8f9bf26d14ffa6f"
evidence_paths = ["docs/engineering/decision-management/evidence/WO-DCM-001-verification.md", "docs/engineering/decision-management/evidence/WO-DCM-001/WO-DCM-001-handoff.md", "docs/engineering/decision-management/evidence/WO-DCM-001/handoff.json"]
evaluator_evidence_path = "docs/engineering/decision-management/evidence/VREC-DCM-001-evaluator.json"
evaluator_evidence_sha256 = "35e55a43897ec79be254438dab550d99fed9d904a6d1db2d51f6a56875c4d89f"

verified_at = "2026-09-04T06:28:07Z"
verified_by = "assurance-owner"
[relations]
verifies_work_order = ["WO-DCM-001"]
conforms_to = ["VER-DCM-001"]

[[lifecycle_events]]
from = "ready"
to = "verified"
decided_at = "2026-09-04T06:28:07Z"
decided_by = "assurance-owner"
reason = "Assurance owner accepted the retained evidence on 2026-09-04 with 'i verify VREC-DCM-001', after the five disclosures recorded in docs/engineering/decision-management/evidence/WO-DCM-001-verification.md were presented: one QGP-*-DECISION predicate per gate with SPEC-DCM-001 amended by record (1); records reached through standing deviations rather than named in blocks, VER-DCM-001 row-one wording left for the owner (2); E-DCM and W-DCM absent from the generated diagnostic-code index, outside this scope (3); no separate decide-apply guard operation (4); Windows-only figures with the Linux reading from the managed check (5). Candidate a7edc5ccb606ea943d1025bfab1d81c020af564d; released 0.14.0 evaluator; graph 0 errors."
+++

# Verification Record Candidate

This ready record binds retained evidence for `WO-DCM-001` to candidate commit `a7edc5ccb606ea943d1025bfab1d81c020af564d`. An accountable assurance owner must review the evidence and transition the record to `verified`; this command did not approve, commit, tag, release, or publish anything. Delegated DR-VREC-PREPARE under [delegation] class 'execution': required check 'validate' success at a7edc5ccb606ea943d1025bfab1d81c020af564d (check-run 100804964981, source github-checks).

The record is intentionally created after the candidate commit it names, avoiding self-referential commit metadata.

d7a21e3e605c6d25759ef2f759fd9abeec976f94 blob 1910
+++
id = "VREC-EVK-001"
type = "verification_record"
title = "Verification candidate for WO-EVK-001"
status = "verified"
owners = ["quality-owner"]
created = "2026-08-19"
updated = "2026-08-19"
commit = "282df1af4a2a9623006eb849f3295f41dc2a0d78"
git_object_format = "sha1"
worktree_state = "clean"
verified_at = "2026-08-19T08:39:12Z"
artifact_snapshot_sha256 = "013096b288d27005ca834be9d539c2b063c10016c747c0e80c56421005ed4472"
evidence_paths = ["docs/engineering/evidence-keying/evidence/WO-EVK-001-verification.md"]

[relations]
verifies_work_order = ["WO-EVK-001"]
conforms_to = ["VER-EVK-001"]
+++

# Verification Record

On 2026-08-19, after the retained implementation evidence, exact candidate binding, and green hosted three-plane checks were presented, the accountable owner explicitly stated `i validate`. That human assurance decision transitions this record from `ready` to `verified`; automation did not grant the authority. The captured candidate commit, object format, clean worktree state, capture timestamp, artifact snapshot, evidence path, work-order coverage, and verification-contract coverage remain unchanged.

This verified record binds retained evidence for `WO-EVK-001` to candidate commit `282df1af4a2a9623006eb849f3295f41dc2a0d78`. The candidate passed 247 repository tests with four conditional skips, formal validation with zero errors, managed-integrity doctor, review preflight, deterministic Explorer generation, and all three hosted governed-self-hosting checks on pull request 76. The exact implementation evidence remains at `docs/engineering/evidence-keying/evidence/WO-EVK-001-verification.md`.

The record was intentionally created after the candidate commit it names, avoiding self-referential commit metadata. This separate accountable transition does not merge the pull request, prepare or authorize a release, create a tag, publish, deploy, or promote the governor.

de36bdf5f0542542422daa0c248af21f06dc4f27 blob 1989
+++
id = "VREC-EVK-002"
type = "verification_record"
title = "Verification candidate for WO-EVK-001"
status = "verified"
owners = ["quality-owner"]
created = "2026-08-19"
updated = "2026-08-19"
commit = "ccf9ea7a0c71a3ec0f780bd8af5ca1f78eea6623"
git_object_format = "sha1"
worktree_state = "clean"
verified_at = "2026-08-19T09:07:08Z"
artifact_snapshot_sha256 = "5331168c5ae8397c39cc86cfe2c2497f94a8c62199486bd1f7dc32cc9d52bde5"
evidence_paths = ["docs/engineering/evidence-keying/evidence/WO-EVK-001-verification.md"]

[relations]
verifies_work_order = ["WO-EVK-001"]
conforms_to = ["VER-EVK-001"]
+++

# Verification Record

On 2026-08-19, after the current-main integration evidence, exact candidate binding, and green hosted checks were presented, the accountable owner explicitly stated `ok, I validate the verification record, I already merged, so push again`. That human assurance decision transitions this record from `ready` to `verified`; automation did not grant the authority. The captured candidate commit, object format, clean worktree state, capture timestamp, artifact snapshot, evidence path, work-order coverage, and verification-contract coverage remain unchanged.

This verified record binds retained evidence for `WO-EVK-001` to integrated candidate commit `ccf9ea7a0c71a3ec0f780bd8af5ca1f78eea6623`, whose parents are the verified feature-governance head and current `main` at conflict resolution. The candidate passed 269 repository tests with four conditional skips, formal validation with zero errors, managed-integrity doctor, review preflight, deterministic Explorer generation, and all refreshed governed-self-hosting checks. Pull request 76 subsequently merged as `d5967be6feb77b95b196e426fed5416d6337d380`.

The record was intentionally created after the candidate commit it names, avoiding self-referential commit metadata. This separate accountable transition does not prepare or authorize a release, create a tag, publish, deploy, or promote the governor.

b831168fdf392f726e61822c57ea4d84dd0542e1 blob 786
{"diagnostics":[],"environment":{"checkout_excluded":true,"entry_point_resolved":true,"isolated_python":true,"pythonpath_present":false,"user_site_enabled":false},"evaluator":{"archive_name":null,"archive_sha256":null,"payload_manifest":"se-harness-installed-payload-v1","payload_sha256":"995ee973b2959af3bcbf7f7cc4388f079ad033e7c68509e71feb142b0691451f","version":"0.7.1"},"origins":{"distribution":"<evaluator-root>/lib/python3.12/site-packages","entry_point":"<evaluator-root>/bin/harnessctl","module":"<evaluator-root>/lib/python3.12/site-packages/se_harness/runtime_identity.py","python_executable":"<evaluator-root>/bin/python","templates":"<evaluator-root>/share/se-harness/templates/repository/standard"},"role":"released-evaluator","schema":"se-harness-evaluator-evidence-v1"}

b831168fdf392f726e61822c57ea4d84dd0542e1 blob 786
{"diagnostics":[],"environment":{"checkout_excluded":true,"entry_point_resolved":true,"isolated_python":true,"pythonpath_present":false,"user_site_enabled":false},"evaluator":{"archive_name":null,"archive_sha256":null,"payload_manifest":"se-harness-installed-payload-v1","payload_sha256":"995ee973b2959af3bcbf7f7cc4388f079ad033e7c68509e71feb142b0691451f","version":"0.7.1"},"origins":{"distribution":"<evaluator-root>/lib/python3.12/site-packages","entry_point":"<evaluator-root>/bin/harnessctl","module":"<evaluator-root>/lib/python3.12/site-packages/se_harness/runtime_identity.py","python_executable":"<evaluator-root>/bin/python","templates":"<evaluator-root>/share/se-harness/templates/repository/standard"},"role":"released-evaluator","schema":"se-harness-evaluator-evidence-v1"}

b831168fdf392f726e61822c57ea4d84dd0542e1 blob 786
{"diagnostics":[],"environment":{"checkout_excluded":true,"entry_point_resolved":true,"isolated_python":true,"pythonpath_present":false,"user_site_enabled":false},"evaluator":{"archive_name":null,"archive_sha256":null,"payload_manifest":"se-harness-installed-payload-v1","payload_sha256":"995ee973b2959af3bcbf7f7cc4388f079ad033e7c68509e71feb142b0691451f","version":"0.7.1"},"origins":{"distribution":"<evaluator-root>/lib/python3.12/site-packages","entry_point":"<evaluator-root>/bin/harnessctl","module":"<evaluator-root>/lib/python3.12/site-packages/se_harness/runtime_identity.py","python_executable":"<evaluator-root>/bin/python","templates":"<evaluator-root>/share/se-harness/templates/repository/standard"},"role":"released-evaluator","schema":"se-harness-evaluator-evidence-v1"}

645c169348430bf698c7c3992f3a58fb7988fb28 blob 879
{"diagnostics":[],"environment":{"checkout_excluded":true,"entry_point_resolved":true,"isolated_python":true,"pythonpath_present":false,"user_site_enabled":false},"evaluator":{"archive_name":"se_harness-0.8.0-py3-none-any.whl","archive_sha256":"e08aab8a96c156f9e5edf99b9a28aad96c7cffe5b18c262a2598a6b6873fadeb","payload_manifest":"se-harness-installed-payload-v1","payload_sha256":"ea75cc53a518cfe0f027336f1a9aabfa301175a00410091f6c2f4b50ccd92eb5","version":"0.8.0"},"origins":{"distribution":"<evaluator-root>/lib/python3.12/site-packages","entry_point":"<evaluator-root>/bin/harnessctl","module":"<evaluator-root>/lib/python3.12/site-packages/se_harness/runtime_identity.py","python_executable":"<evaluator-root>/bin/python","templates":"<evaluator-root>/share/se-harness/templates/repository/standard"},"role":"released-evaluator","schema":"se-harness-evaluator-evidence-v1"}

645c169348430bf698c7c3992f3a58fb7988fb28 blob 879
{"diagnostics":[],"environment":{"checkout_excluded":true,"entry_point_resolved":true,"isolated_python":true,"pythonpath_present":false,"user_site_enabled":false},"evaluator":{"archive_name":"se_harness-0.8.0-py3-none-any.whl","archive_sha256":"e08aab8a96c156f9e5edf99b9a28aad96c7cffe5b18c262a2598a6b6873fadeb","payload_manifest":"se-harness-installed-payload-v1","payload_sha256":"ea75cc53a518cfe0f027336f1a9aabfa301175a00410091f6c2f4b50ccd92eb5","version":"0.8.0"},"origins":{"distribution":"<evaluator-root>/lib/python3.12/site-packages","entry_point":"<evaluator-root>/bin/harnessctl","module":"<evaluator-root>/lib/python3.12/site-packages/se_harness/runtime_identity.py","python_executable":"<evaluator-root>/bin/python","templates":"<evaluator-root>/share/se-harness/templates/repository/standard"},"role":"released-evaluator","schema":"se-harness-evaluator-evidence-v1"}

645c169348430bf698c7c3992f3a58fb7988fb28 blob 879
{"diagnostics":[],"environment":{"checkout_excluded":true,"entry_point_resolved":true,"isolated_python":true,"pythonpath_present":false,"user_site_enabled":false},"evaluator":{"archive_name":"se_harness-0.8.0-py3-none-any.whl","archive_sha256":"e08aab8a96c156f9e5edf99b9a28aad96c7cffe5b18c262a2598a6b6873fadeb","payload_manifest":"se-harness-installed-payload-v1","payload_sha256":"ea75cc53a518cfe0f027336f1a9aabfa301175a00410091f6c2f4b50ccd92eb5","version":"0.8.0"},"origins":{"distribution":"<evaluator-root>/lib/python3.12/site-packages","entry_point":"<evaluator-root>/bin/harnessctl","module":"<evaluator-root>/lib/python3.12/site-packages/se_harness/runtime_identity.py","python_executable":"<evaluator-root>/bin/python","templates":"<evaluator-root>/share/se-harness/templates/repository/standard"},"role":"released-evaluator","schema":"se-harness-evaluator-evidence-v1"}

645c169348430bf698c7c3992f3a58fb7988fb28 blob 879
{"diagnostics":[],"environment":{"checkout_excluded":true,"entry_point_resolved":true,"isolated_python":true,"pythonpath_present":false,"user_site_enabled":false},"evaluator":{"archive_name":"se_harness-0.8.0-py3-none-any.whl","archive_sha256":"e08aab8a96c156f9e5edf99b9a28aad96c7cffe5b18c262a2598a6b6873fadeb","payload_manifest":"se-harness-installed-payload-v1","payload_sha256":"ea75cc53a518cfe0f027336f1a9aabfa301175a00410091f6c2f4b50ccd92eb5","version":"0.8.0"},"origins":{"distribution":"<evaluator-root>/lib/python3.12/site-packages","entry_point":"<evaluator-root>/bin/harnessctl","module":"<evaluator-root>/lib/python3.12/site-packages/se_harness/runtime_identity.py","python_executable":"<evaluator-root>/bin/python","templates":"<evaluator-root>/share/se-harness/templates/repository/standard"},"role":"released-evaluator","schema":"se-harness-evaluator-evidence-v1"}

6fa296fcb2a8d3b7e27f11e2fe7b81c49e04a414 blob 879
{"diagnostics":[],"environment":{"checkout_excluded":true,"entry_point_resolved":true,"isolated_python":true,"pythonpath_present":false,"user_site_enabled":false},"evaluator":{"archive_name":"se_harness-0.9.0-py3-none-any.whl","archive_sha256":"c4b5617585a3cb908a3b3c14b97e1039824ca731b8acce0251888d095927f364","payload_manifest":"se-harness-installed-payload-v1","payload_sha256":"e74ad2ae73d7298ebf2ae5125f84068c5f011d96d7c6bb75a105ff45895348f7","version":"0.9.0"},"origins":{"distribution":"<evaluator-root>/lib/python3.12/site-packages","entry_point":"<evaluator-root>/bin/harnessctl","module":"<evaluator-root>/lib/python3.12/site-packages/se_harness/runtime_identity.py","python_executable":"<evaluator-root>/bin/python","templates":"<evaluator-root>/share/se-harness/templates/repository/standard"},"role":"released-evaluator","schema":"se-harness-evaluator-evidence-v1"}

6fa296fcb2a8d3b7e27f11e2fe7b81c49e04a414 blob 879
{"diagnostics":[],"environment":{"checkout_excluded":true,"entry_point_resolved":true,"isolated_python":true,"pythonpath_present":false,"user_site_enabled":false},"evaluator":{"archive_name":"se_harness-0.9.0-py3-none-any.whl","archive_sha256":"c4b5617585a3cb908a3b3c14b97e1039824ca731b8acce0251888d095927f364","payload_manifest":"se-harness-installed-payload-v1","payload_sha256":"e74ad2ae73d7298ebf2ae5125f84068c5f011d96d7c6bb75a105ff45895348f7","version":"0.9.0"},"origins":{"distribution":"<evaluator-root>/lib/python3.12/site-packages","entry_point":"<evaluator-root>/bin/harnessctl","module":"<evaluator-root>/lib/python3.12/site-packages/se_harness/runtime_identity.py","python_executable":"<evaluator-root>/bin/python","templates":"<evaluator-root>/share/se-harness/templates/repository/standard"},"role":"released-evaluator","schema":"se-harness-evaluator-evidence-v1"}

6fa296fcb2a8d3b7e27f11e2fe7b81c49e04a414 blob 879
{"diagnostics":[],"environment":{"checkout_excluded":true,"entry_point_resolved":true,"isolated_python":true,"pythonpath_present":false,"user_site_enabled":false},"evaluator":{"archive_name":"se_harness-0.9.0-py3-none-any.whl","archive_sha256":"c4b5617585a3cb908a3b3c14b97e1039824ca731b8acce0251888d095927f364","payload_manifest":"se-harness-installed-payload-v1","payload_sha256":"e74ad2ae73d7298ebf2ae5125f84068c5f011d96d7c6bb75a105ff45895348f7","version":"0.9.0"},"origins":{"distribution":"<evaluator-root>/lib/python3.12/site-packages","entry_point":"<evaluator-root>/bin/harnessctl","module":"<evaluator-root>/lib/python3.12/site-packages/se_harness/runtime_identity.py","python_executable":"<evaluator-root>/bin/python","templates":"<evaluator-root>/share/se-harness/templates/repository/standard"},"role":"released-evaluator","schema":"se-harness-evaluator-evidence-v1"}

9353043318d59f44edf50989dc4bf8271d7396a0 blob 875
{"diagnostics":[],"environment":{"checkout_excluded":true,"entry_point_resolved":true,"isolated_python":true,"pythonpath_present":false,"user_site_enabled":false},"evaluator":{"archive_name":"se_harness-0.10.0-py3-none-any.whl","archive_sha256":"e2f8077264ee2c8ad39d6ac33f726030627f0f70de5579e80bcc159d971f93c3","payload_manifest":"se-harness-installed-payload-v1","payload_sha256":"723c98ecf21a853441ead771956af7aed6564fcffb97389c0468b9376214235d","version":"0.10.0"},"origins":{"distribution":"<evaluator-root>/Lib/site-packages","entry_point":"<evaluator-root>/Scripts/harnessctl.exe","module":"<evaluator-root>/Lib/site-packages/se_harness/runtime_identity.py","python_executable":"<evaluator-root>/Scripts/python.exe","templates":"<evaluator-root>/share/se-harness/templates/repository/standard"},"role":"released-evaluator","schema":"se-harness-evaluator-evidence-v1"}

9353043318d59f44edf50989dc4bf8271d7396a0 blob 875
{"diagnostics":[],"environment":{"checkout_excluded":true,"entry_point_resolved":true,"isolated_python":true,"pythonpath_present":false,"user_site_enabled":false},"evaluator":{"archive_name":"se_harness-0.10.0-py3-none-any.whl","archive_sha256":"e2f8077264ee2c8ad39d6ac33f726030627f0f70de5579e80bcc159d971f93c3","payload_manifest":"se-harness-installed-payload-v1","payload_sha256":"723c98ecf21a853441ead771956af7aed6564fcffb97389c0468b9376214235d","version":"0.10.0"},"origins":{"distribution":"<evaluator-root>/Lib/site-packages","entry_point":"<evaluator-root>/Scripts/harnessctl.exe","module":"<evaluator-root>/Lib/site-packages/se_harness/runtime_identity.py","python_executable":"<evaluator-root>/Scripts/python.exe","templates":"<evaluator-root>/share/se-harness/templates/repository/standard"},"role":"released-evaluator","schema":"se-harness-evaluator-evidence-v1"}

9353043318d59f44edf50989dc4bf8271d7396a0 blob 875
{"diagnostics":[],"environment":{"checkout_excluded":true,"entry_point_resolved":true,"isolated_python":true,"pythonpath_present":false,"user_site_enabled":false},"evaluator":{"archive_name":"se_harness-0.10.0-py3-none-any.whl","archive_sha256":"e2f8077264ee2c8ad39d6ac33f726030627f0f70de5579e80bcc159d971f93c3","payload_manifest":"se-harness-installed-payload-v1","payload_sha256":"723c98ecf21a853441ead771956af7aed6564fcffb97389c0468b9376214235d","version":"0.10.0"},"origins":{"distribution":"<evaluator-root>/Lib/site-packages","entry_point":"<evaluator-root>/Scripts/harnessctl.exe","module":"<evaluator-root>/Lib/site-packages/se_harness/runtime_identity.py","python_executable":"<evaluator-root>/Scripts/python.exe","templates":"<evaluator-root>/share/se-harness/templates/repository/standard"},"role":"released-evaluator","schema":"se-harness-evaluator-evidence-v1"}

9353043318d59f44edf50989dc4bf8271d7396a0 blob 875
{"diagnostics":[],"environment":{"checkout_excluded":true,"entry_point_resolved":true,"isolated_python":true,"pythonpath_present":false,"user_site_enabled":false},"evaluator":{"archive_name":"se_harness-0.10.0-py3-none-any.whl","archive_sha256":"e2f8077264ee2c8ad39d6ac33f726030627f0f70de5579e80bcc159d971f93c3","payload_manifest":"se-harness-installed-payload-v1","payload_sha256":"723c98ecf21a853441ead771956af7aed6564fcffb97389c0468b9376214235d","version":"0.10.0"},"origins":{"distribution":"<evaluator-root>/Lib/site-packages","entry_point":"<evaluator-root>/Scripts/harnessctl.exe","module":"<evaluator-root>/Lib/site-packages/se_harness/runtime_identity.py","python_executable":"<evaluator-root>/Scripts/python.exe","templates":"<evaluator-root>/share/se-harness/templates/repository/standard"},"role":"released-evaluator","schema":"se-harness-evaluator-evidence-v1"}

869e42a451b218f67d8799007eea729b8d5332a6 blob 875
{"diagnostics":[],"environment":{"checkout_excluded":true,"entry_point_resolved":true,"isolated_python":true,"pythonpath_present":false,"user_site_enabled":false},"evaluator":{"archive_name":"se_harness-0.11.0-py3-none-any.whl","archive_sha256":"ba26ab7be14321cdc26b69d59e2b894d544c3e7b529227de1f24ad9cd8f935c0","payload_manifest":"se-harness-installed-payload-v1","payload_sha256":"71b4b5b694111a42785328f4b742f40e5654d7d4c67d88b9939a6c80213dd016","version":"0.11.0"},"origins":{"distribution":"<evaluator-root>/Lib/site-packages","entry_point":"<evaluator-root>/Scripts/harnessctl.exe","module":"<evaluator-root>/Lib/site-packages/se_harness/runtime_identity.py","python_executable":"<evaluator-root>/Scripts/python.exe","templates":"<evaluator-root>/share/se-harness/templates/repository/standard"},"role":"released-evaluator","schema":"se-harness-evaluator-evidence-v1"}

869e42a451b218f67d8799007eea729b8d5332a6 blob 875
{"diagnostics":[],"environment":{"checkout_excluded":true,"entry_point_resolved":true,"isolated_python":true,"pythonpath_present":false,"user_site_enabled":false},"evaluator":{"archive_name":"se_harness-0.11.0-py3-none-any.whl","archive_sha256":"ba26ab7be14321cdc26b69d59e2b894d544c3e7b529227de1f24ad9cd8f935c0","payload_manifest":"se-harness-installed-payload-v1","payload_sha256":"71b4b5b694111a42785328f4b742f40e5654d7d4c67d88b9939a6c80213dd016","version":"0.11.0"},"origins":{"distribution":"<evaluator-root>/Lib/site-packages","entry_point":"<evaluator-root>/Scripts/harnessctl.exe","module":"<evaluator-root>/Lib/site-packages/se_harness/runtime_identity.py","python_executable":"<evaluator-root>/Scripts/python.exe","templates":"<evaluator-root>/share/se-harness/templates/repository/standard"},"role":"released-evaluator","schema":"se-harness-evaluator-evidence-v1"}

869e42a451b218f67d8799007eea729b8d5332a6 blob 875
{"diagnostics":[],"environment":{"checkout_excluded":true,"entry_point_resolved":true,"isolated_python":true,"pythonpath_present":false,"user_site_enabled":false},"evaluator":{"archive_name":"se_harness-0.11.0-py3-none-any.whl","archive_sha256":"ba26ab7be14321cdc26b69d59e2b894d544c3e7b529227de1f24ad9cd8f935c0","payload_manifest":"se-harness-installed-payload-v1","payload_sha256":"71b4b5b694111a42785328f4b742f40e5654d7d4c67d88b9939a6c80213dd016","version":"0.11.0"},"origins":{"distribution":"<evaluator-root>/Lib/site-packages","entry_point":"<evaluator-root>/Scripts/harnessctl.exe","module":"<evaluator-root>/Lib/site-packages/se_harness/runtime_identity.py","python_executable":"<evaluator-root>/Scripts/python.exe","templates":"<evaluator-root>/share/se-harness/templates/repository/standard"},"role":"released-evaluator","schema":"se-harness-evaluator-evidence-v1"}

869e42a451b218f67d8799007eea729b8d5332a6 blob 875
{"diagnostics":[],"environment":{"checkout_excluded":true,"entry_point_resolved":true,"isolated_python":true,"pythonpath_present":false,"user_site_enabled":false},"evaluator":{"archive_name":"se_harness-0.11.0-py3-none-any.whl","archive_sha256":"ba26ab7be14321cdc26b69d59e2b894d544c3e7b529227de1f24ad9cd8f935c0","payload_manifest":"se-harness-installed-payload-v1","payload_sha256":"71b4b5b694111a42785328f4b742f40e5654d7d4c67d88b9939a6c80213dd016","version":"0.11.0"},"origins":{"distribution":"<evaluator-root>/Lib/site-packages","entry_point":"<evaluator-root>/Scripts/harnessctl.exe","module":"<evaluator-root>/Lib/site-packages/se_harness/runtime_identity.py","python_executable":"<evaluator-root>/Scripts/python.exe","templates":"<evaluator-root>/share/se-harness/templates/repository/standard"},"role":"released-evaluator","schema":"se-harness-evaluator-evidence-v1"}

869e42a451b218f67d8799007eea729b8d5332a6 blob 875
{"diagnostics":[],"environment":{"checkout_excluded":true,"entry_point_resolved":true,"isolated_python":true,"pythonpath_present":false,"user_site_enabled":false},"evaluator":{"archive_name":"se_harness-0.11.0-py3-none-any.whl","archive_sha256":"ba26ab7be14321cdc26b69d59e2b894d544c3e7b529227de1f24ad9cd8f935c0","payload_manifest":"se-harness-installed-payload-v1","payload_sha256":"71b4b5b694111a42785328f4b742f40e5654d7d4c67d88b9939a6c80213dd016","version":"0.11.0"},"origins":{"distribution":"<evaluator-root>/Lib/site-packages","entry_point":"<evaluator-root>/Scripts/harnessctl.exe","module":"<evaluator-root>/Lib/site-packages/se_harness/runtime_identity.py","python_executable":"<evaluator-root>/Scripts/python.exe","templates":"<evaluator-root>/share/se-harness/templates/repository/standard"},"role":"released-evaluator","schema":"se-harness-evaluator-evidence-v1"}

869e42a451b218f67d8799007eea729b8d5332a6 blob 875
{"diagnostics":[],"environment":{"checkout_excluded":true,"entry_point_resolved":true,"isolated_python":true,"pythonpath_present":false,"user_site_enabled":false},"evaluator":{"archive_name":"se_harness-0.11.0-py3-none-any.whl","archive_sha256":"ba26ab7be14321cdc26b69d59e2b894d544c3e7b529227de1f24ad9cd8f935c0","payload_manifest":"se-harness-installed-payload-v1","payload_sha256":"71b4b5b694111a42785328f4b742f40e5654d7d4c67d88b9939a6c80213dd016","version":"0.11.0"},"origins":{"distribution":"<evaluator-root>/Lib/site-packages","entry_point":"<evaluator-root>/Scripts/harnessctl.exe","module":"<evaluator-root>/Lib/site-packages/se_harness/runtime_identity.py","python_executable":"<evaluator-root>/Scripts/python.exe","templates":"<evaluator-root>/share/se-harness/templates/repository/standard"},"role":"released-evaluator","schema":"se-harness-evaluator-evidence-v1"}

aef01322b8d07c436a313cb62341969ebb412021 blob 875
{"diagnostics":[],"environment":{"checkout_excluded":true,"entry_point_resolved":true,"isolated_python":true,"pythonpath_present":false,"user_site_enabled":false},"evaluator":{"archive_name":"se_harness-0.12.0-py3-none-any.whl","archive_sha256":"639edbeed4bdca7c9e21a5eb2afc3b9fc993ddb3f66177eec962f1646a545811","payload_manifest":"se-harness-installed-payload-v1","payload_sha256":"0df83ce9c9bb6d456f3244f517031753daee740bb22180a492f835d25831ee0d","version":"0.12.0"},"origins":{"distribution":"<evaluator-root>/Lib/site-packages","entry_point":"<evaluator-root>/Scripts/harnessctl.exe","module":"<evaluator-root>/Lib/site-packages/se_harness/runtime_identity.py","python_executable":"<evaluator-root>/Scripts/python.exe","templates":"<evaluator-root>/share/se-harness/templates/repository/standard"},"role":"released-evaluator","schema":"se-harness-evaluator-evidence-v1"}

17a178e826060f150140d8412726cc1a7a8eb9e3 blob 875
{"diagnostics":[],"environment":{"checkout_excluded":true,"entry_point_resolved":true,"isolated_python":true,"pythonpath_present":false,"user_site_enabled":false},"evaluator":{"archive_name":"se_harness-0.14.0-py3-none-any.whl","archive_sha256":"70d438b501d374fec06f41e25571f674b3cd1f43178389e6e06b0269c92f4856","payload_manifest":"se-harness-installed-payload-v1","payload_sha256":"25034dc72a6be582ebef3c6b9a733c6ab9b6dcd879b9fda162d4d3e131a04306","version":"0.14.0"},"origins":{"distribution":"<evaluator-root>/Lib/site-packages","entry_point":"<evaluator-root>/Scripts/harnessctl.exe","module":"<evaluator-root>/Lib/site-packages/se_harness/runtime_identity.py","python_executable":"<evaluator-root>/Scripts/python.exe","templates":"<evaluator-root>/share/se-harness/templates/repository/standard"},"role":"released-evaluator","schema":"se-harness-evaluator-evidence-v1"}

88c3f8dcfa00a082011e9320b40d5dd268ef5c87 blob 875
{"diagnostics":[],"environment":{"checkout_excluded":true,"entry_point_resolved":true,"isolated_python":true,"pythonpath_present":false,"user_site_enabled":false},"evaluator":{"archive_name":"se_harness-0.15.0-py3-none-any.whl","archive_sha256":"eb09343f65a52ecc7511aacbe7f4cc546cfe4bf28eeed62cf3ff2bccf838d947","payload_manifest":"se-harness-installed-payload-v1","payload_sha256":"11e4ad03da90093dc1f4bd1ac7fed746c157162187019d7b6feb37873d3a237e","version":"0.15.0"},"origins":{"distribution":"<evaluator-root>/Lib/site-packages","entry_point":"<evaluator-root>/Scripts/harnessctl.exe","module":"<evaluator-root>/Lib/site-packages/se_harness/runtime_identity.py","python_executable":"<evaluator-root>/Scripts/python.exe","templates":"<evaluator-root>/share/se-harness/templates/repository/standard"},"role":"released-evaluator","schema":"se-harness-evaluator-evidence-v1"}

43178f539e832d57ece629053c45254923ec71c2 blob 875
{"diagnostics":[],"environment":{"checkout_excluded":true,"entry_point_resolved":true,"isolated_python":true,"pythonpath_present":false,"user_site_enabled":false},"evaluator":{"archive_name":"se_harness-0.16.0-py3-none-any.whl","archive_sha256":"a969d6ab9e80acc2c9f9e7b6679a02e7ffab371f1f11cb0c0f4243f208ed9eae","payload_manifest":"se-harness-installed-payload-v1","payload_sha256":"51712fcfe5253db8d542deb870a0017b25c2976f5f4e76a81fd08923bba45e3c","version":"0.16.0"},"origins":{"distribution":"<evaluator-root>/Lib/site-packages","entry_point":"<evaluator-root>/Scripts/harnessctl.exe","module":"<evaluator-root>/Lib/site-packages/se_harness/runtime_identity.py","python_executable":"<evaluator-root>/Scripts/python.exe","templates":"<evaluator-root>/share/se-harness/templates/repository/standard"},"role":"released-evaluator","schema":"se-harness-evaluator-evidence-v1"}

43178f539e832d57ece629053c45254923ec71c2 blob 875
{"diagnostics":[],"environment":{"checkout_excluded":true,"entry_point_resolved":true,"isolated_python":true,"pythonpath_present":false,"user_site_enabled":false},"evaluator":{"archive_name":"se_harness-0.16.0-py3-none-any.whl","archive_sha256":"a969d6ab9e80acc2c9f9e7b6679a02e7ffab371f1f11cb0c0f4243f208ed9eae","payload_manifest":"se-harness-installed-payload-v1","payload_sha256":"51712fcfe5253db8d542deb870a0017b25c2976f5f4e76a81fd08923bba45e3c","version":"0.16.0"},"origins":{"distribution":"<evaluator-root>/Lib/site-packages","entry_point":"<evaluator-root>/Scripts/harnessctl.exe","module":"<evaluator-root>/Lib/site-packages/se_harness/runtime_identity.py","python_executable":"<evaluator-root>/Scripts/python.exe","templates":"<evaluator-root>/share/se-harness/templates/repository/standard"},"role":"released-evaluator","schema":"se-harness-evaluator-evidence-v1"}

43178f539e832d57ece629053c45254923ec71c2 blob 875
{"diagnostics":[],"environment":{"checkout_excluded":true,"entry_point_resolved":true,"isolated_python":true,"pythonpath_present":false,"user_site_enabled":false},"evaluator":{"archive_name":"se_harness-0.16.0-py3-none-any.whl","archive_sha256":"a969d6ab9e80acc2c9f9e7b6679a02e7ffab371f1f11cb0c0f4243f208ed9eae","payload_manifest":"se-harness-installed-payload-v1","payload_sha256":"51712fcfe5253db8d542deb870a0017b25c2976f5f4e76a81fd08923bba45e3c","version":"0.16.0"},"origins":{"distribution":"<evaluator-root>/Lib/site-packages","entry_point":"<evaluator-root>/Scripts/harnessctl.exe","module":"<evaluator-root>/Lib/site-packages/se_harness/runtime_identity.py","python_executable":"<evaluator-root>/Scripts/python.exe","templates":"<evaluator-root>/share/se-harness/templates/repository/standard"},"role":"released-evaluator","schema":"se-harness-evaluator-evidence-v1"}

43178f539e832d57ece629053c45254923ec71c2 blob 875
{"diagnostics":[],"environment":{"checkout_excluded":true,"entry_point_resolved":true,"isolated_python":true,"pythonpath_present":false,"user_site_enabled":false},"evaluator":{"archive_name":"se_harness-0.16.0-py3-none-any.whl","archive_sha256":"a969d6ab9e80acc2c9f9e7b6679a02e7ffab371f1f11cb0c0f4243f208ed9eae","payload_manifest":"se-harness-installed-payload-v1","payload_sha256":"51712fcfe5253db8d542deb870a0017b25c2976f5f4e76a81fd08923bba45e3c","version":"0.16.0"},"origins":{"distribution":"<evaluator-root>/Lib/site-packages","entry_point":"<evaluator-root>/Scripts/harnessctl.exe","module":"<evaluator-root>/Lib/site-packages/se_harness/runtime_identity.py","python_executable":"<evaluator-root>/Scripts/python.exe","templates":"<evaluator-root>/share/se-harness/templates/repository/standard"},"role":"released-evaluator","schema":"se-harness-evaluator-evidence-v1"}

43178f539e832d57ece629053c45254923ec71c2 blob 875
{"diagnostics":[],"environment":{"checkout_excluded":true,"entry_point_resolved":true,"isolated_python":true,"pythonpath_present":false,"user_site_enabled":false},"evaluator":{"archive_name":"se_harness-0.16.0-py3-none-any.whl","archive_sha256":"a969d6ab9e80acc2c9f9e7b6679a02e7ffab371f1f11cb0c0f4243f208ed9eae","payload_manifest":"se-harness-installed-payload-v1","payload_sha256":"51712fcfe5253db8d542deb870a0017b25c2976f5f4e76a81fd08923bba45e3c","version":"0.16.0"},"origins":{"distribution":"<evaluator-root>/Lib/site-packages","entry_point":"<evaluator-root>/Scripts/harnessctl.exe","module":"<evaluator-root>/Lib/site-packages/se_harness/runtime_identity.py","python_executable":"<evaluator-root>/Scripts/python.exe","templates":"<evaluator-root>/share/se-harness/templates/repository/standard"},"role":"released-evaluator","schema":"se-harness-evaluator-evidence-v1"}

43178f539e832d57ece629053c45254923ec71c2 blob 875
{"diagnostics":[],"environment":{"checkout_excluded":true,"entry_point_resolved":true,"isolated_python":true,"pythonpath_present":false,"user_site_enabled":false},"evaluator":{"archive_name":"se_harness-0.16.0-py3-none-any.whl","archive_sha256":"a969d6ab9e80acc2c9f9e7b6679a02e7ffab371f1f11cb0c0f4243f208ed9eae","payload_manifest":"se-harness-installed-payload-v1","payload_sha256":"51712fcfe5253db8d542deb870a0017b25c2976f5f4e76a81fd08923bba45e3c","version":"0.16.0"},"origins":{"distribution":"<evaluator-root>/Lib/site-packages","entry_point":"<evaluator-root>/Scripts/harnessctl.exe","module":"<evaluator-root>/Lib/site-packages/se_harness/runtime_identity.py","python_executable":"<evaluator-root>/Scripts/python.exe","templates":"<evaluator-root>/share/se-harness/templates/repository/standard"},"role":"released-evaluator","schema":"se-harness-evaluator-evidence-v1"}

43178f539e832d57ece629053c45254923ec71c2 blob 875
{"diagnostics":[],"environment":{"checkout_excluded":true,"entry_point_resolved":true,"isolated_python":true,"pythonpath_present":false,"user_site_enabled":false},"evaluator":{"archive_name":"se_harness-0.16.0-py3-none-any.whl","archive_sha256":"a969d6ab9e80acc2c9f9e7b6679a02e7ffab371f1f11cb0c0f4243f208ed9eae","payload_manifest":"se-harness-installed-payload-v1","payload_sha256":"51712fcfe5253db8d542deb870a0017b25c2976f5f4e76a81fd08923bba45e3c","version":"0.16.0"},"origins":{"distribution":"<evaluator-root>/Lib/site-packages","entry_point":"<evaluator-root>/Scripts/harnessctl.exe","module":"<evaluator-root>/Lib/site-packages/se_harness/runtime_identity.py","python_executable":"<evaluator-root>/Scripts/python.exe","templates":"<evaluator-root>/share/se-harness/templates/repository/standard"},"role":"released-evaluator","schema":"se-harness-evaluator-evidence-v1"}

43178f539e832d57ece629053c45254923ec71c2 blob 875
{"diagnostics":[],"environment":{"checkout_excluded":true,"entry_point_resolved":true,"isolated_python":true,"pythonpath_present":false,"user_site_enabled":false},"evaluator":{"archive_name":"se_harness-0.16.0-py3-none-any.whl","archive_sha256":"a969d6ab9e80acc2c9f9e7b6679a02e7ffab371f1f11cb0c0f4243f208ed9eae","payload_manifest":"se-harness-installed-payload-v1","payload_sha256":"51712fcfe5253db8d542deb870a0017b25c2976f5f4e76a81fd08923bba45e3c","version":"0.16.0"},"origins":{"distribution":"<evaluator-root>/Lib/site-packages","entry_point":"<evaluator-root>/Scripts/harnessctl.exe","module":"<evaluator-root>/Lib/site-packages/se_harness/runtime_identity.py","python_executable":"<evaluator-root>/Scripts/python.exe","templates":"<evaluator-root>/share/se-harness/templates/repository/standard"},"role":"released-evaluator","schema":"se-harness-evaluator-evidence-v1"}

43178f539e832d57ece629053c45254923ec71c2 blob 875
{"diagnostics":[],"environment":{"checkout_excluded":true,"entry_point_resolved":true,"isolated_python":true,"pythonpath_present":false,"user_site_enabled":false},"evaluator":{"archive_name":"se_harness-0.16.0-py3-none-any.whl","archive_sha256":"a969d6ab9e80acc2c9f9e7b6679a02e7ffab371f1f11cb0c0f4243f208ed9eae","payload_manifest":"se-harness-installed-payload-v1","payload_sha256":"51712fcfe5253db8d542deb870a0017b25c2976f5f4e76a81fd08923bba45e3c","version":"0.16.0"},"origins":{"distribution":"<evaluator-root>/Lib/site-packages","entry_point":"<evaluator-root>/Scripts/harnessctl.exe","module":"<evaluator-root>/Lib/site-packages/se_harness/runtime_identity.py","python_executable":"<evaluator-root>/Scripts/python.exe","templates":"<evaluator-root>/share/se-harness/templates/repository/standard"},"role":"released-evaluator","schema":"se-harness-evaluator-evidence-v1"}

43178f539e832d57ece629053c45254923ec71c2 blob 875
{"diagnostics":[],"environment":{"checkout_excluded":true,"entry_point_resolved":true,"isolated_python":true,"pythonpath_present":false,"user_site_enabled":false},"evaluator":{"archive_name":"se_harness-0.16.0-py3-none-any.whl","archive_sha256":"a969d6ab9e80acc2c9f9e7b6679a02e7ffab371f1f11cb0c0f4243f208ed9eae","payload_manifest":"se-harness-installed-payload-v1","payload_sha256":"51712fcfe5253db8d542deb870a0017b25c2976f5f4e76a81fd08923bba45e3c","version":"0.16.0"},"origins":{"distribution":"<evaluator-root>/Lib/site-packages","entry_point":"<evaluator-root>/Scripts/harnessctl.exe","module":"<evaluator-root>/Lib/site-packages/se_harness/runtime_identity.py","python_executable":"<evaluator-root>/Scripts/python.exe","templates":"<evaluator-root>/share/se-harness/templates/repository/standard"},"role":"released-evaluator","schema":"se-harness-evaluator-evidence-v1"}

b5ab3f2618921c94f7ddc7dcf9de37816656d3a0 blob 2304
+++
id = "VREC-ECP-005"
type = "verification_record"
title = "Verification candidate for WO-ECP-005"
status = "verified"
owners = ["quality-owner"]
created = "2026-08-28"
updated = "2026-08-28"
commit = "32652b4dfe34ce6c2c919db998253b2f0529a963"
git_object_format = "sha1"
worktree_state = "clean"
prepared_at = "2026-08-28T12:32:06Z"
prepared_by = "quality-owner"
artifact_snapshot_sha256 = "aba2a9aeed3421a25513bb67491fe8ca771e39a781b37e734024c9d7133c6b60"
evidence_paths = ["docs/engineering/execution-control-plane/evidence/WO-ECP-005/WO-ECP-005-verification.md"]
evaluator_evidence_path = "docs/engineering/execution-control-plane/evidence/VREC-ECP-005-evaluator.json"
evaluator_evidence_sha256 = "1e713a859270491fe587d79b3b499a1a077d1c7dc9e588260ef8adc5b429f5cf"

verified_at = "2026-08-28T12:37:45Z"
verified_by = "assurance-owner"
[relations]
verifies_work_order = ["WO-ECP-005"]
conforms_to = ["VER-ECP-005"]

[[lifecycle_events]]
from = "ready"
to = "verified"
decided_at = "2026-08-28T12:37:45Z"
decided_by = "assurance-owner"
reason = "Verified on 2026-08-28 by the accountable assurance owner, 'I verify VREC-ECP-005'. Re-measured immediately before this transition: candidate commit 32652b4dfe34ce6c2c919db998253b2f0529a963 is an ancestor of the branch tip with a clean worktree; the evidence blob is byte-identical at the candidate and the tip; the evaluator packet matches its recorded raw digest; all thirteen hosted checks pass at f054a66 including the Windows legs; the graph reads 1059 artifacts and 0 errors under the released 0.7.1 evaluator; the released evaluator's golden focus digest is reproduced by the candidate. Acceptance covers the evidence as recorded with its six disclosures, including the deferral of ECP-KRN-008's per-predicate refusal labels to WO-ECP-009. It authorizes no merge, release, publication or deployment."
+++

# Verification Record Candidate

This ready record binds retained evidence for `WO-ECP-005` to candidate commit `32652b4dfe34ce6c2c919db998253b2f0529a963`. An accountable assurance owner must review the evidence and transition the record to `verified`; this command did not approve, commit, tag, release, or publish anything.

The record is intentionally created after the candidate commit it names, avoiding self-referential commit metadata.

1ea7f11e8fb3e80be0dcfd809023d0c4d05391d5 blob 2299
+++
id = "VREC-ECP-009"
type = "verification_record"
title = "Verification candidate for WO-ECP-009"
status = "verified"
owners = ["quality-owner"]
created = "2026-08-28"
updated = "2026-08-28"
commit = "c24d4e2cce36282e1036952a41e0f4944593b270"
git_object_format = "sha1"
worktree_state = "clean"
prepared_at = "2026-08-28T13:08:01Z"
prepared_by = "quality-owner"
artifact_snapshot_sha256 = "79ecd07658f5c38a7297c342283cad7626d1b4c353b94e6b1ad155e89a778b08"
evidence_paths = ["docs/engineering/execution-control-plane/evidence/WO-ECP-009/WO-ECP-009-verification.md"]
evaluator_evidence_path = "docs/engineering/execution-control-plane/evidence/VREC-ECP-009-evaluator.json"
evaluator_evidence_sha256 = "1e713a859270491fe587d79b3b499a1a077d1c7dc9e588260ef8adc5b429f5cf"

verified_at = "2026-08-28T13:12:29Z"
verified_by = "assurance-owner"
[relations]
verifies_work_order = ["WO-ECP-009"]
conforms_to = ["VER-ECP-005"]

[[lifecycle_events]]
from = "ready"
to = "verified"
decided_at = "2026-08-28T13:12:29Z"
decided_by = "assurance-owner"
reason = "Verified on 2026-08-28 by the accountable assurance owner, 'I verify VREC-ECP-009'. Re-measured immediately before this transition: candidate commit c24d4e2cce36282e1036952a41e0f4944593b270 is an ancestor of the branch tip with a clean worktree; the evidence blob is byte-identical at the candidate and the tip; the evaluator packet matches its recorded raw digest; all thirteen hosted checks pass at 33eda62 including the Windows legs; the graph reads 1060 artifacts and 0 errors under the released 0.7.1 evaluator. Acceptance covers the evidence as recorded with its seven disclosures, including the Phase 4 delegated completion's dependency on WO-ECP-006 for handoff-bound evidence and the corrected handoff declaration of commit 7557801. It authorizes no merge, release, publication or deployment."
+++

# Verification Record Candidate

This ready record binds retained evidence for `WO-ECP-009` to candidate commit `c24d4e2cce36282e1036952a41e0f4944593b270`. An accountable assurance owner must review the evidence and transition the record to `verified`; this command did not approve, commit, tag, release, or publish anything.

The record is intentionally created after the candidate commit it names, avoiding self-referential commit metadata.

f59aa1e2053ebb305cbd3378f216c2c412dc0b15 blob 2450
+++
id = "VREC-ECP-010"
type = "verification_record"
title = "Verification candidate for WO-ECP-010"
status = "verified"
owners = ["quality-owner"]
created = "2026-08-28"
updated = "2026-08-28"
commit = "f9ca5d86e97e718cc9777b176a0a8629f89e487f"
git_object_format = "sha1"
worktree_state = "clean"
prepared_at = "2026-08-28T14:00:36Z"
prepared_by = "quality-owner"
artifact_snapshot_sha256 = "9d4603c20b463311d73cd2704f143767e37c1f63670bb90d0b95d6f3b30120ec"
evidence_paths = ["docs/engineering/execution-control-plane/evidence/WO-ECP-010/WO-ECP-010-verification.md"]
evaluator_evidence_path = "docs/engineering/execution-control-plane/evidence/VREC-ECP-010-evaluator.json"
evaluator_evidence_sha256 = "1e713a859270491fe587d79b3b499a1a077d1c7dc9e588260ef8adc5b429f5cf"

verified_at = "2026-08-28T14:04:42Z"
verified_by = "assurance-owner"
[relations]
verifies_work_order = ["WO-ECP-010"]
conforms_to = ["VER-ECP-007"]

[[lifecycle_events]]
from = "ready"
to = "verified"
decided_at = "2026-08-28T14:04:42Z"
decided_by = "assurance-owner"
reason = "Verified on 2026-08-28 by the accountable assurance owner, 'Verify it', on the record as prepared. Re-measured immediately before this transition: candidate commit f9ca5d86e97e718cc9777b176a0a8629f89e487f is an ancestor of the branch tip with a clean worktree; the evidence blob is byte-identical at the candidate and the tip; the evaluator packet matches its recorded raw digest; all thirteen hosted checks pass at eb53ff5 including the real upgrade rehearsal on Linux and on Windows with agreeing lock digests; the graph reads 1062 artifacts and 0 errors under the released 0.7.1 evaluator. Acceptance covers the evidence as recorded with its nine disclosures, including the owner's amendment that the stage-machine files stay tracked and dead until the root advances past 0.7.1, the retained interpreter-safety module under ARCH-REB-010, and the two intermediate red pushes before eb53ff5. It authorizes no merge, release, publication or deployment."
+++

# Verification Record Candidate

This ready record binds retained evidence for `WO-ECP-010` to candidate commit `f9ca5d86e97e718cc9777b176a0a8629f89e487f`. An accountable assurance owner must review the evidence and transition the record to `verified`; this command did not approve, commit, tag, release, or publish anything.

The record is intentionally created after the candidate commit it names, avoiding self-referential commit metadata.

7816966efe2d1dfc3567974445fe814bd80b1c5b blob 2529
+++
id = "VREC-ECP-011"
type = "verification_record"
title = "Verification candidate for WO-ECP-011"
status = "verified"
owners = ["Mathieu Meadele"]
created = "2026-08-28"
updated = "2026-08-28"
commit = "163f1a37a0daa096bfd7629e0d124bd54fc7233a"
git_object_format = "sha1"
worktree_state = "clean"
prepared_at = "2026-08-28T19:09:52Z"
prepared_by = "Mathieu Meadele"
artifact_snapshot_sha256 = "ff26c098aacea96012b505eb2d3ace5981a46134fa9ba6682deebc18182e55e2"
evidence_paths = ["docs/engineering/execution-control-plane/evidence/WO-ECP-011/WO-ECP-011-verification.md"]
evaluator_evidence_path = "docs/engineering/execution-control-plane/evidence/VREC-ECP-011-evaluator.json"
evaluator_evidence_sha256 = "8d217a429db288836d69c843e6f0017c0be29a2b743f589a7fe28bfa8b1cf560"

verified_at = "2026-08-28T19:10:30Z"
verified_by = "assurance-owner"
[relations]
verifies_work_order = ["WO-ECP-011"]
conforms_to = ["VER-ECP-007"]

[[lifecycle_events]]
from = "ready"
to = "verified"
decided_at = "2026-08-28T19:10:30Z"
decided_by = "assurance-owner"
reason = "Verified by the accountable assurance owner on 2026-08-28, 'I verify VREC-ECP-011'. Re-measured immediately before this transition: bound commit 163f1a3 is an ancestor of the branch tip with a clean worktree; WO-ECP-011 is implemented; the evaluator packet matches its recorded digest. The retained evidence shows the retired governance-migration stage machine deleted in full \u2014 four files, owner-region rules, the interpreter-safety boundary with ARCH-REB-010 amended, package data and test exemptions \u2014 with the retired members forbidden on the portable surface; under the governing 0.8.0 root validate 0 errors, doctor 0 FAIL, surface checks PASS on a wheel of 107 members naming nothing of it, suite 1009 tests with only the known workstation file-mode failure, and all thirteen hosted lanes passing at the deletion commit. VER-ECP-007's product-boundary conditions that apply are met and issue #210's second criterion is proven without exemption. This verifies WO-ECP-011 only; it releases and publishes nothing."
+++

# Verification Record Candidate

This ready record binds retained evidence for `WO-ECP-011` to candidate commit `163f1a37a0daa096bfd7629e0d124bd54fc7233a`. An accountable assurance owner must review the evidence and transition the record to `verified`; this command did not approve, commit, tag, release, or publish anything.

The record is intentionally created after the candidate commit it names, avoiding self-referential commit metadata.

b96bb46c3f9278cc955af3e61316bbe919fd1867 blob 2389
+++
id = "VREC-ECP-012"
type = "verification_record"
title = "Verification candidate for WO-ECP-001"
status = "verified"
owners = ["Mathieu Meadele"]
created = "2026-08-28"
updated = "2026-08-28"
commit = "b0cb0f9c71f8272d07f58b4c06bc6aac1bfadb56"
git_object_format = "sha1"
worktree_state = "clean"
prepared_at = "2026-08-28T20:53:07Z"
prepared_by = "Mathieu Meadele"
artifact_snapshot_sha256 = "80b3f0540156fe7f18b72aa2fb6eb44f9f4c1d87972532db6fac1d4488586f21"
evidence_paths = ["docs/engineering/execution-control-plane/evidence/WO-ECP-001/WO-ECP-001-verification.md"]
evaluator_evidence_path = "docs/engineering/execution-control-plane/evidence/VREC-ECP-012-evaluator.json"
evaluator_evidence_sha256 = "8d217a429db288836d69c843e6f0017c0be29a2b743f589a7fe28bfa8b1cf560"

verified_at = "2026-08-28T20:56:53Z"
verified_by = "assurance-owner"
[relations]
verifies_work_order = ["WO-ECP-001"]
conforms_to = ["VER-ECP-001"]

[[lifecycle_events]]
from = "ready"
to = "verified"
decided_at = "2026-08-28T20:56:53Z"
decided_by = "assurance-owner"
reason = "Verified by the accountable assurance owner on 2026-08-28, 'I verify VREC-ECP-012'. Re-measured immediately before this transition: bound commit b0cb0f9 is an ancestor of the branch tip with a clean worktree; WO-ECP-001 is implemented; the evaluator packet matches its recorded digest. The retained evidence shows harnessctl next and check --from-git shipped as SPEC-ECP-001 specifies with ECP-CHG-007 by dated amendment, the failed-operation retry naming next, the corrective naming --from-git, tests for every VER-ECP-001 scenario of REQ-ECP-001 and REQ-ECP-002 on both platforms, 0.8.0 validate 0 errors and doctor 0 FAIL, suite 1050 with only the known workstation file-mode failure, and all thirteen hosted lanes passing at the implementation commit. VER-ECP-001's conditions for REQ-ECP-001 and REQ-ECP-002 are met. This verifies WO-ECP-001 only; it releases and publishes nothing."
+++

# Verification Record Candidate

This ready record binds retained evidence for `WO-ECP-001` to candidate commit `b0cb0f9c71f8272d07f58b4c06bc6aac1bfadb56`. An accountable assurance owner must review the evidence and transition the record to `verified`; this command did not approve, commit, tag, release, or publish anything.

The record is intentionally created after the candidate commit it names, avoiding self-referential commit metadata.

47d32ed79d1043677c2cd08d4b63f701773e1516 blob 2717
+++
id = "VREC-ECP-013"
type = "verification_record"
title = "Verification candidate for WO-ECP-002"
status = "verified"
owners = ["Mathieu Meadele"]
created = "2026-08-28"
updated = "2026-08-28"
commit = "5eea42becbe62fab4f61c8dc50f060a91ec17a19"
git_object_format = "sha1"
worktree_state = "clean"
prepared_at = "2026-08-28T21:27:17Z"
prepared_by = "Mathieu Meadele"
artifact_snapshot_sha256 = "e2321f08befe6d9641cbe7e704511ae2bb8a2bc536929f240d15e2a26c6db9a3"
evidence_paths = ["docs/engineering/execution-control-plane/evidence/WO-ECP-002/WO-ECP-002-handoff.md", "docs/engineering/execution-control-plane/evidence/WO-ECP-002/handoff.json"]
evaluator_evidence_path = "docs/engineering/execution-control-plane/evidence/VREC-ECP-013-evaluator.json"
evaluator_evidence_sha256 = "8d217a429db288836d69c843e6f0017c0be29a2b743f589a7fe28bfa8b1cf560"

verified_at = "2026-08-28T21:29:08Z"
verified_by = "assurance-owner"
[relations]
verifies_work_order = ["WO-ECP-002"]
conforms_to = ["VER-ECP-002"]

[[lifecycle_events]]
from = "ready"
to = "verified"
decided_at = "2026-08-28T21:29:08Z"
decided_by = "assurance-owner"
reason = "Verified by the accountable assurance owner on 2026-08-28, 'I verify VREC-ECP-013'. Re-measured immediately before this transition: bound commit 5eea42b is an ancestor of the branch tip with a clean worktree; WO-ECP-002 is implemented; the evaluator packet matches its recorded digest. The retained packet, itself written and rebound by harnessctl evidence with the machine header the candidate reads and the legacy lines the 0.8.0 governor reads, shows the evidence packet writer, the parser-read predicate with its one-release grace, identifier allocation across local refs, pr-body and the harness-retained handoff.json shipped as SPEC-ECP-002 amended specifies; VER-ECP-002's scenarios for REQ-ECP-003, REQ-ECP-004 and REQ-ECP-005 are covered by tests on both platforms; 0.8.0 validate 0 errors and doctor 0 FAIL; suite 1077 with only the known workstation file-mode failure; all thirteen hosted lanes pass at the implementation commit; five deviations are recorded, the fifth explaining the restitution line omitted from the pull request until the root carries WO-ECP-001. This verifies WO-ECP-002 only; it releases and publishes nothing."
+++

# Verification Record Candidate

This ready record binds retained evidence for `WO-ECP-002` to candidate commit `5eea42becbe62fab4f61c8dc50f060a91ec17a19`. An accountable assurance owner must review the evidence and transition the record to `verified`; this command did not approve, commit, tag, release, or publish anything.

The record is intentionally created after the candidate commit it names, avoiding self-referential commit metadata.

39d211b241c8fdd1a702337de16804fa1c53c9e7 blob 2745
+++
id = "VREC-ECP-014"
type = "verification_record"
title = "Verification candidate for WO-ECP-003"
status = "verified"
owners = ["Mathieu Meadele"]
created = "2026-08-28"
updated = "2026-08-28"
commit = "a9f0d5d4bc6db1349dc0ece1468439320756fa07"
git_object_format = "sha1"
worktree_state = "clean"
prepared_at = "2026-08-28T21:54:39Z"
prepared_by = "Mathieu Meadele"
artifact_snapshot_sha256 = "df0547cd6778832c9bcc4def47d5753b3a82fb05bd04e13db3922f33e4068adb"
evidence_paths = ["docs/engineering/execution-control-plane/evidence/WO-ECP-003/WO-ECP-003-handoff.md", "docs/engineering/execution-control-plane/evidence/WO-ECP-003/demonstration/in-scope-canonical-block.txt", "docs/engineering/execution-control-plane/evidence/WO-ECP-003/handoff.json"]
evaluator_evidence_path = "docs/engineering/execution-control-plane/evidence/VREC-ECP-014-evaluator.json"
evaluator_evidence_sha256 = "8d217a429db288836d69c843e6f0017c0be29a2b743f589a7fe28bfa8b1cf560"

verified_at = "2026-08-28T21:55:20Z"
verified_by = "assurance-owner"
[relations]
verifies_work_order = ["WO-ECP-003"]
conforms_to = ["VER-ECP-003"]

[[lifecycle_events]]
from = "ready"
to = "verified"
decided_at = "2026-08-28T21:55:20Z"
decided_by = "assurance-owner"
reason = "Verified by the accountable assurance owner on 2026-08-28, 'I verify VREC-ECP-014'. Re-measured immediately before this transition: bound commit a9f0d5d is an ancestor of the branch tip with a clean worktree; WO-ECP-003 is implemented; the evaluator packet matches its recorded digest. The retained packet shows the managed template workflow enforcing scope on every pull request over the Git diff with the released evaluator, the canonical block carrying the change set and every predicate status with the golden re-pinned by dated note, the seed stating the gate, and the demonstration run locally as VER-ECP-003 amended specifies with its logs and canonical block retained and the throwaway branches deleted; 0.8.0 validate 0 errors and doctor 0 FAIL; suite 1117 with only the known workstation file-mode failure; all thirteen hosted lanes pass at the implementation commit. The hosted form of the demonstration is a verification condition of the first release carrying WO-ECP-001 to WO-ECP-003. This verifies WO-ECP-003 only; it releases and publishes nothing."
+++

# Verification Record Candidate

This ready record binds retained evidence for `WO-ECP-003` to candidate commit `a9f0d5d4bc6db1349dc0ece1468439320756fa07`. An accountable assurance owner must review the evidence and transition the record to `verified`; this command did not approve, commit, tag, release, or publish anything.

The record is intentionally created after the candidate commit it names, avoiding self-referential commit metadata.

4d7351d8928d4f7c7b74ca9272df8774e139001c blob 2717
+++
id = "VREC-ECP-015"
type = "verification_record"
title = "Verification candidate for WO-ECP-012"
status = "verified"
owners = ["Mathieu Meadele"]
created = "2026-08-29"
updated = "2026-08-29"
commit = "bc6cd741cdffd1cbaf03c38380f16d3449d5a85e"
git_object_format = "sha1"
worktree_state = "clean"
prepared_at = "2026-08-29T08:08:45Z"
prepared_by = "Mathieu Meadele"
artifact_snapshot_sha256 = "d7c6d7b04af7ad7d20e8f78388f17140efcfce5974201d0af369092c55006f9b"
evidence_paths = ["docs/engineering/execution-control-plane/evidence/WO-ECP-012/WO-ECP-012-handoff.md", "docs/engineering/execution-control-plane/evidence/WO-ECP-012/handoff.json"]
evaluator_evidence_path = "docs/engineering/execution-control-plane/evidence/VREC-ECP-015-evaluator.json"
evaluator_evidence_sha256 = "e78737d57a52748c0381cddd376cd8627a9328f600210a957e5ddd308ef48d91"

verified_at = "2026-08-29T08:09:53Z"
verified_by = "assurance-owner"
[relations]
verifies_work_order = ["WO-ECP-012"]
conforms_to = ["VER-ECP-008"]

[[lifecycle_events]]
from = "ready"
to = "verified"
decided_at = "2026-08-29T08:09:53Z"
decided_by = "assurance-owner"
reason = "Verified by the accountable assurance owner on 2026-08-29, 'I verify VREC-ECP-015 as assurance owner'. Re-measured immediately before this transition: bound commit bc6cd74 is an ancestor of the branch tip with a clean worktree; WO-ECP-012 is implemented; the evaluator packet matches its recorded digest. The retained evidence shows evidence_packet_path handing the resolver the POSIX form of the evaluator's own path and the resolver rendering any PurePath as POSIX before an unchanged backslash guard for str; PureWindowsPath regression tests; the Windows workstation suite from 64 failing names to 2 unrelated ones with zero WEX-ECP-010; Linux OK; the check reference indexed, linked and identifier-checked; no managed or hash-locked file moved; the handoff check completed at its fixed point and all thirteen lanes passing on #257 at bafc534 with the declared digest matching, before the completion transition turned the managed lane red by issue #255. VER-ECP-008's pass conditions are met; its Windows reading is a workstation reading, as its residual uncertainty states. This verifies WO-ECP-012 only; it releases and publishes nothing."
+++

# Verification Record Candidate

This ready record binds retained evidence for `WO-ECP-012` to candidate commit `bc6cd741cdffd1cbaf03c38380f16d3449d5a85e`. An accountable assurance owner must review the evidence and transition the record to `verified`; this command did not approve, commit, tag, release, or publish anything.

The record is intentionally created after the candidate commit it names, avoiding self-referential commit metadata.

b2ac4024dc8a32a613eb2044da6e24be973ca2e2 blob 2895
+++
id = "VREC-ECP-016"
type = "verification_record"
title = "Verification candidate for WO-ECP-013"
status = "verified"
owners = ["Mathieu Meadele"]
created = "2026-08-29"
updated = "2026-08-29"
commit = "bab4c726647f7db75c08d9d142794017cafeddd2"
git_object_format = "sha1"
worktree_state = "clean"
prepared_at = "2026-08-29T08:57:36Z"
prepared_by = "Mathieu Meadele"
artifact_snapshot_sha256 = "ef431b1a3a1d26eee0e6d705267388bb372b99d575daa1094ebb2a4dc87c6919"
evidence_paths = ["docs/engineering/execution-control-plane/evidence/WO-ECP-013/WO-ECP-013-handoff.md", "docs/engineering/execution-control-plane/evidence/WO-ECP-013/handoff.json"]
evaluator_evidence_path = "docs/engineering/execution-control-plane/evidence/VREC-ECP-016-evaluator.json"
evaluator_evidence_sha256 = "e78737d57a52748c0381cddd376cd8627a9328f600210a957e5ddd308ef48d91"

verified_at = "2026-08-29T08:58:29Z"
verified_by = "assurance-owner"
[relations]
verifies_work_order = ["WO-ECP-013"]
conforms_to = ["VER-ECP-009"]

[[lifecycle_events]]
from = "ready"
to = "verified"
decided_at = "2026-08-29T08:58:29Z"
decided_by = "assurance-owner"
reason = "Verified by the accountable assurance owner on 2026-08-29, 'I verify VREC-ECP-016 as assurance owner'. Re-measured immediately before this transition: bound commit bab4c72 is an ancestor of the branch tip with a clean worktree; WO-ECP-013 is implemented; the evaluator packet matches its recorded digest. The retained evidence shows the scope checkpoint evaluating only the three scope predicates of QG-G4-IMPLEMENTATION-EVIDENCE for a work order in every lifecycle state with no identifier or evaluator moved, the managed step running it on every pull request and the handoff check with the digest comparison only while in progress, the five checkpoints documented, the amendment records on SPEC-ECP-003 and ARCH-ECP-001, the Linux suite OK, the Windows workstation at its two baseline failures, the demonstration on this repository with the candidate CLI, the handoff check completed at its fixed point b27e6177, and all thirteen lanes passing on #258 at 94113de before completion; the managed lane's red from completion on is the rule this work order removes, as VER-ECP-009's residual uncertainty states, and scenario 6 is left to the first pull request governed by the release that carries the change. VER-ECP-009's pass conditions are otherwise met. This verifies WO-ECP-013 only; it releases and publishes nothing."
+++

# Verification Record Candidate

This ready record binds retained evidence for `WO-ECP-013` to candidate commit `bab4c726647f7db75c08d9d142794017cafeddd2`. An accountable assurance owner must review the evidence and transition the record to `verified`; this command did not approve, commit, tag, release, or publish anything.

The record is intentionally created after the candidate commit it names, avoiding self-referential commit metadata.

d3aedfa3c539df9ce66b65e634d418dc9cfa2630 blob 2751
+++
id = "VREC-ECP-017"
type = "verification_record"
title = "Verification candidate for WO-ECP-014"
status = "verified"
owners = ["Mathieu Meadele"]
created = "2026-08-29"
updated = "2026-08-29"
commit = "db4a177a1aa4758d618fec9fd4a8f4ed3d466eb9"
git_object_format = "sha1"
worktree_state = "clean"
prepared_at = "2026-08-29T09:27:25Z"
prepared_by = "Mathieu Meadele"
artifact_snapshot_sha256 = "edb9a31b9e96daefc9ad8c85c3b580935a42c8017661bf8fd8e7426bbadd63b6"
evidence_paths = ["docs/engineering/execution-control-plane/evidence/WO-ECP-014/WO-ECP-014-handoff.md", "docs/engineering/execution-control-plane/evidence/WO-ECP-014/handoff.json"]
evaluator_evidence_path = "docs/engineering/execution-control-plane/evidence/VREC-ECP-017-evaluator.json"
evaluator_evidence_sha256 = "e78737d57a52748c0381cddd376cd8627a9328f600210a957e5ddd308ef48d91"

verified_at = "2026-08-29T09:28:45Z"
verified_by = "assurance-owner"
[relations]
verifies_work_order = ["WO-ECP-014"]
conforms_to = ["VER-ECP-010"]

[[lifecycle_events]]
from = "ready"
to = "verified"
decided_at = "2026-08-29T09:28:45Z"
decided_by = "assurance-owner"
reason = "Verified by the accountable assurance owner on 2026-08-29, 'I verify VREC-ECP-017 as assurance owner'. Re-measured immediately before this transition: bound commit db4a177 is an ancestor of the branch tip with a clean worktree; WO-ECP-014 is implemented; the evaluator packet matches its recorded digest. The retained evidence shows formal_snapshot_digest hashing each artifact's utf8-text-lf-v1 canonical bytes through the one function every snapshot comes from, the LF digest of the fixture chain pinned at the raw-rule value measured before the change, a CRLF tree computing the same digest and one changed character breaking it, candidate evidence on the CRLF Windows worktree and on the LF Linux clone at c066269 both reading 51b08822, the Linux suite OK, the Windows workstation at its two baseline failures, the handoff check completed at its fixed point 9ab56eda, the managed gate passing at e932993 with the declared digest matching, and at 6185a06 twelve of thirteen lanes passing with the managed lane red by issue #255 on the 0.9.0 root, as the packet records. VER-ECP-010's pass conditions are met. This verifies WO-ECP-014 only; it releases and publishes nothing."
+++

# Verification Record Candidate

This ready record binds retained evidence for `WO-ECP-014` to candidate commit `db4a177a1aa4758d618fec9fd4a8f4ed3d466eb9`. An accountable assurance owner must review the evidence and transition the record to `verified`; this command did not approve, commit, tag, release, or publish anything.

The record is intentionally created after the candidate commit it names, avoiding self-referential commit metadata.

9a2319ac0a3bafaa98cb6e958108b65f198e24e3 blob 2707
+++
id = "VREC-ECP-018"
type = "verification_record"
title = "Verification candidate for WO-ECP-015"
status = "verified"
owners = ["Mathieu Meadele"]
created = "2026-08-29"
updated = "2026-08-29"
commit = "f22b764b1d12ab0ed0854bbbf45643015a077583"
git_object_format = "sha1"
worktree_state = "clean"
prepared_at = "2026-08-29T11:31:02Z"
prepared_by = "Mathieu Meadele"
artifact_snapshot_sha256 = "a8f91fba9b982765e9139dd962d02f4d4f0f9f57e1698eb39c21692307b6552e"
evidence_paths = ["docs/engineering/execution-control-plane/evidence/WO-ECP-015/WO-ECP-015-handoff.md", "docs/engineering/execution-control-plane/evidence/WO-ECP-015/handoff.json"]
evaluator_evidence_path = "docs/engineering/execution-control-plane/evidence/VREC-ECP-018-evaluator.json"
evaluator_evidence_sha256 = "41578bab531e143cd9864870c9af1495aed7465eff512571387403aa734a1f26"

verified_at = "2026-08-29T11:32:02Z"
verified_by = "assurance-owner"
[relations]
verifies_work_order = ["WO-ECP-015"]
conforms_to = ["VER-ECP-011"]

[[lifecycle_events]]
from = "ready"
to = "verified"
decided_at = "2026-08-29T11:32:02Z"
decided_by = "assurance-owner"
reason = "Verified by the accountable assurance owner on 2026-08-29, 'I verify VREC-ECP-018 as assurance owner'. Re-measured immediately before this transition: bound commit f22b764 is an ancestor of the branch tip with a clean worktree; WO-ECP-015 is implemented; the evaluator packet matches its recorded digest. The retained evidence shows check without a checkpoint returning the projection focus returned with no gate and no write, the focus alias keeping its bytes against a fixture captured before the change and printing its notice, the five procedure steps and WFL-003 naming check, the notes and README following, the Linux suite OK, the Windows workstation at its two baseline failures, all thirteen lanes passing at 407e6f4 under the 0.10.0 root's gate and every reading produced natively on the Windows checkout. ECP-ONE-007 is deferred by the completion decision, recorded in the packet's deviation 1: the harness-orient core is a frozen, vector-pinned surface and moves to check with the alias-removal work order. VER-ECP-011's pass conditions are otherwise met. This verifies WO-ECP-015 only; it releases and publishes nothing."
+++

# Verification Record Candidate

This ready record binds retained evidence for `WO-ECP-015` to candidate commit `f22b764b1d12ab0ed0854bbbf45643015a077583`. An accountable assurance owner must review the evidence and transition the record to `verified`; this command did not approve, commit, tag, release, or publish anything.

The record is intentionally created after the candidate commit it names, avoiding self-referential commit metadata.

25ea9a7e626cd4bdcfe59afaffd614970e6fe1e3 blob 2831
+++
id = "VREC-ECP-019"
type = "verification_record"
title = "Verification candidate for WO-ECP-016"
status = "verified"
owners = ["assurance-owner"]
created = "2026-08-29"
updated = "2026-08-29"
commit = "4bd5132ae5fd361718585e8caabb45f52e78d171"
git_object_format = "sha1"
worktree_state = "clean"
prepared_at = "2026-08-29T12:00:32Z"
prepared_by = "assurance-owner"
artifact_snapshot_sha256 = "de0b151247f069e5c39e19b729963451833d1c7605d68260759b989b681be54e"
evidence_paths = ["docs/engineering/execution-control-plane/evidence/WO-ECP-016/WO-ECP-016-handoff.md", "docs/engineering/execution-control-plane/evidence/WO-ECP-016/handoff.json"]
evaluator_evidence_path = "docs/engineering/execution-control-plane/evidence/VREC-ECP-019-evaluator.json"
evaluator_evidence_sha256 = "41578bab531e143cd9864870c9af1495aed7465eff512571387403aa734a1f26"

verified_at = "2026-08-29T12:06:18Z"
verified_by = "assurance-owner"
[relations]
verifies_work_order = ["WO-ECP-016"]
conforms_to = ["VER-ECP-012"]

[[lifecycle_events]]
from = "ready"
to = "verified"
decided_at = "2026-08-29T12:06:18Z"
decided_by = "assurance-owner"
reason = "Verified by the accountable assurance owner on 2026-08-29, 'I verify VREC-ECP-019 as assurance owner'. Re-measured immediately before this transition: bound commit 4bd5132 is an ancestor of the branch tip with a clean worktree; WO-ECP-016 is implemented; the evaluator packet matches its recorded digest 41578bab. The retained evidence shows own_record_paths admitting, as exact paths, the verification and release records naming the selected work order and their evaluator evidence, the five OwnRecordAdmissionTests passing, the Windows workstation at its two baseline failures, and the exact diff of pull request #263 reading blocked under released 0.10.0 and completed under the candidate. At the bound commit the managed Engineering Harness lane and the governor assessment completed success while the Publication Rehearsal and Candidate Evidence workflows were cancelled by the record push; at the record head de03bd2, which carries the identical product tree, all thirteen lanes pass. VER-ECP-012's hosted demonstration under the new rule is deferred, as the contract states, to the first pull request governed by a release carrying it. VER-ECP-012's pass conditions are otherwise met. This verifies WO-ECP-016 only; it releases and publishes nothing."
+++

# Verification Record Candidate

This ready record binds retained evidence for `WO-ECP-016` to candidate commit `4bd5132ae5fd361718585e8caabb45f52e78d171`. An accountable assurance owner must review the evidence and transition the record to `verified`; this command did not approve, commit, tag, release, or publish anything.

The record is intentionally created after the candidate commit it names, avoiding self-referential commit metadata.

047b5fc897e66755a641f2d1257260a3a49e60fe blob 3085
+++
id = "VREC-ECP-020"
type = "verification_record"
title = "Verification candidate for WO-ECP-017"
status = "verified"
owners = ["assurance-owner"]
created = "2026-08-29"
updated = "2026-08-29"
commit = "94991fe38cca7982a5214ff57e554af4895adbde"
git_object_format = "sha1"
worktree_state = "clean"
prepared_at = "2026-08-29T12:48:02Z"
prepared_by = "assurance-owner"
artifact_snapshot_sha256 = "472e4ee6b3cc7b0eefee64177d6c111f340fb39948f8017a5161067d326d3d04"
evidence_paths = ["docs/engineering/execution-control-plane/evidence/WO-ECP-017/WO-ECP-017-handoff.md", "docs/engineering/execution-control-plane/evidence/WO-ECP-017/handoff.json"]
evaluator_evidence_path = "docs/engineering/execution-control-plane/evidence/VREC-ECP-020-evaluator.json"
evaluator_evidence_sha256 = "41578bab531e143cd9864870c9af1495aed7465eff512571387403aa734a1f26"

verified_at = "2026-08-29T12:53:56Z"
verified_by = "assurance-owner"
[relations]
verifies_work_order = ["WO-ECP-017"]
conforms_to = ["VER-ECP-011", "VER-ECP-013"]

[[lifecycle_events]]
from = "ready"
to = "verified"
decided_at = "2026-08-29T12:53:56Z"
decided_by = "assurance-owner"
reason = "Verified by the accountable assurance owner on 2026-08-29, 'I verify VREC-ECP-020 as assurance owner'. Re-measured immediately before this transition: bound commit 94991fe is an ancestor of the branch tip with a clean worktree; WO-ECP-017 is implemented; the evaluator packet matches its recorded digest 41578bab. The retained evidence shows harnessctl without a focus subcommand and refusing it with check named, the projection under one name, the template harness-orient core probing check for an optional --checkpoint and invoking it (ECP-ONE-007 of SPEC-ECP-011, deferred at WO-ECP-015, now met), the phase-1, phase-3 and phase-4 vector fixtures byte-unchanged with the new identity in a phase-5 row, the Windows workstation at its two baseline failures, and the moved core degrading with AEXORI030 against the released 0.10.0 evaluator whose check still requires a checkpoint. At the bound commit the managed Engineering Harness lane and the governor assessment completed success while the Publication Rehearsal and Candidate Evidence workflows were cancelled by the record push; at the record head d477aff, which carries the identical product tree, all thirteen lanes pass. The three deviations the packet records are accepted with this verification: the focus_schema2 wrapper kept for its Phase 4 caller, the probe beyond ECP-RMV-004's text, and the scope amendment. VER-ECP-013's and VER-ECP-011's pass conditions are met. This verifies WO-ECP-017 only; it releases and publishes nothing."
+++

# Verification Record Candidate

This ready record binds retained evidence for `WO-ECP-017` to candidate commit `94991fe38cca7982a5214ff57e554af4895adbde`. An accountable assurance owner must review the evidence and transition the record to `verified`; this command did not approve, commit, tag, release, or publish anything.

The record is intentionally created after the candidate commit it names, avoiding self-referential commit metadata.

5b81ae55570f186e0432280202903749189cf373 blob 3429
+++
id = "VREC-ECP-021"
type = "verification_record"
title = "Verification candidate for WO-ECP-006"
status = "verified"
owners = ["assurance-owner"]
created = "2026-08-29"
updated = "2026-08-29"
commit = "d62044e176e7d7a991ae0ed8eb2281af0dd29879"
git_object_format = "sha1"
worktree_state = "clean"
prepared_at = "2026-08-29T14:02:01Z"
prepared_by = "assurance-owner"
artifact_snapshot_sha256 = "7c287c4905f30aad1fe43887e53665efacc5d16ec60f58c9bcad5bd1c1806c27"
evidence_paths = ["docs/engineering/execution-control-plane/evidence/WO-ECP-006/WO-ECP-006-handoff.md", "docs/engineering/execution-control-plane/evidence/WO-ECP-006/handoff.json"]
evaluator_evidence_path = "docs/engineering/execution-control-plane/evidence/VREC-ECP-021-evaluator.json"
evaluator_evidence_sha256 = "41578bab531e143cd9864870c9af1495aed7465eff512571387403aa734a1f26"

verified_at = "2026-08-29T14:07:37Z"
verified_by = "assurance-owner"
[relations]
verifies_work_order = ["WO-ECP-006"]
conforms_to = ["VER-ECP-007", "VER-ECP-014"]

[[lifecycle_events]]
from = "ready"
to = "verified"
decided_at = "2026-08-29T14:07:37Z"
decided_by = "assurance-owner"
reason = "Verified by the accountable assurance owner on 2026-08-29, 'I verify VREC-ECP-021 as assurance owner'. Re-measured immediately before this transition: bound commit d62044e is an ancestor of main (merged as bc8d242 by merge commit, pull request #267) with a clean worktree; WO-ECP-006 is implemented; the evaluator packet matches its recorded digest 41578bab; the phase-1, phase-3, phase-4 and phase-5 vector fixtures are byte-unchanged. The retained evidence shows the eight Phase 4 modules and two catalogs gone, the delegated-workflow command an argument error, the built wheel's RECORD carrying none of the ten removed names and carrying journaled_apply.py with 25 public submodules importing from a disposable isolated environment and 29 help pages naming no removed concept, the journaled apply's fault matrix passing on Windows (held-open case run) and on the Linux lane, the template shipping exactly harness-orient and harness-operator-brief with no stubbed script, and the template validator's agentic-delegation removal declared block by block against the 0.10.0 root. At the bound commit the managed Engineering Harness lane and the governor assessment completed success while the Publication Rehearsal and Candidate Evidence workflows were cancelled by the record push; at the record head a49d432, which carries the identical product tree, all thirteen lanes pass; main at bc8d242 reads the managed lane and the governor assessment success. This transition is applied after the merge because the owner merged the pull request before it; it is a governance commit on a follow-up branch and changes no product byte. The four deviations the packet records are accepted with this verification. VER-ECP-014's scenarios 1 to 4 and VER-ECP-007's scenarios 5 and 6 pass. This verifies WO-ECP-006 only; it releases and publishes nothing."
+++

# Verification Record Candidate

This ready record binds retained evidence for `WO-ECP-006` to candidate commit `d62044e176e7d7a991ae0ed8eb2281af0dd29879`. An accountable assurance owner must review the evidence and transition the record to `verified`; this command did not approve, commit, tag, release, or publish anything.

The record is intentionally created after the candidate commit it names, avoiding self-referential commit metadata.

d5d0ed89971d4c0431562641e127d73bedc55e96 blob 3422
+++
id = "VREC-ECP-022"
type = "verification_record"
title = "Verification candidate for WO-ECP-018"
status = "verified"
owners = ["assurance-owner"]
created = "2026-08-29"
updated = "2026-08-29"
commit = "a380c8c79a080de4e9f870c16b82a54746e1e28f"
git_object_format = "sha1"
worktree_state = "clean"
prepared_at = "2026-08-29T18:22:53Z"
prepared_by = "assurance-owner"
artifact_snapshot_sha256 = "6ffdc6f6c07dd77dce4c066ad29b65a5d766a37d4aaa07979d70c6f79026340d"
evidence_paths = ["docs/engineering/execution-control-plane/evidence/WO-ECP-018/WO-ECP-018-handoff.md", "docs/engineering/execution-control-plane/evidence/WO-ECP-018/handoff.json"]
evaluator_evidence_path = "docs/engineering/execution-control-plane/evidence/VREC-ECP-022-evaluator.json"
evaluator_evidence_sha256 = "52678c799ac17cfa9a568da240a9ba2596ca17a124cf73bdcd8a67059474f211"

verified_at = "2026-08-29T18:24:59Z"
verified_by = "assurance-owner"
[relations]
verifies_work_order = ["WO-ECP-018"]
conforms_to = ["VER-ECP-015"]

[[lifecycle_events]]
from = "ready"
to = "verified"
decided_at = "2026-08-29T18:24:59Z"
decided_by = "assurance-owner"
reason = "Verified by the accountable assurance owner on 2026-08-29, 'I verify VREC-ECP-022 as assurance owner'. Re-measured immediately before this transition: bound commit a380c8c is an ancestor of the branch tip with a clean worktree; WO-ECP-018 is implemented; the evaluator packet matches its recorded digest 52678c79 (the 0.11.0 root). The retained evidence shows the delegation class implemented as SPEC-ECP-006 states it: the delegated-executor role applying DR-WO-START and DR-WO-COMPLETE through transition and DR-VREC-PREPARE through capture-verification only while the configured gate reads success for the candidate head, every other conclusion refused with WEX-ECP-040 naming the head and the conclusion, every other right refused with WEX-ECP-022, no class meaning no delegation whatever the environment says, the class read at the pull request's base, the event naming the check-run id and head sha, the github-checks source exercised against a stub server on the documented endpoint, and check telling the actor when the decision is its own (ECP-DLG-010); fifteen deterministic tests on the Linux lane and the Windows workstation at its baseline. At the bound commit the managed Engineering Harness lane, the governor assessment and the publication rehearsal completed success while the candidate-evidence workflow was cancelled by the record push, having completed success at the packet head abb642f with identical product bytes; at this record head the managed lane completed success with no verification-records directory in scope. The four deviations the packet records are accepted with this verification. VER-ECP-015's deterministic rows pass; its hosted demonstration with the real required check is deferred, as the contract states, to the release carrying the class. This verifies WO-ECP-018 only; it releases and publishes nothing."
+++

# Verification Record Candidate

This ready record binds retained evidence for `WO-ECP-018` to candidate commit `a380c8c79a080de4e9f870c16b82a54746e1e28f`. An accountable assurance owner must review the evidence and transition the record to `verified`; this command did not approve, commit, tag, release, or publish anything.

The record is intentionally created after the candidate commit it names, avoiding self-referential commit metadata.

f20cb7bd297272f3505a21eb36fb899496c341ec blob 3303
+++
id = "VREC-ECP-023"
type = "verification_record"
title = "Verification candidate for WO-ECP-019"
status = "verified"
owners = ["assurance-owner"]
created = "2026-08-29"
updated = "2026-08-29"
commit = "ee1e6af913faecf0c678de8a96c6c95d33d1bbc3"
git_object_format = "sha1"
worktree_state = "clean"
prepared_at = "2026-08-29T21:06:31Z"
prepared_by = "assurance-owner"
artifact_snapshot_sha256 = "ee12a644fc7391f2ebb6c306233d32a578199e5e04d1d99a68f094aba821b404"
evidence_paths = ["docs/engineering/execution-control-plane/evidence/WO-ECP-019/WO-ECP-019-handoff.md", "docs/engineering/execution-control-plane/evidence/WO-ECP-019/handoff.json"]
evaluator_evidence_path = "docs/engineering/execution-control-plane/evidence/VREC-ECP-023-evaluator.json"
evaluator_evidence_sha256 = "52678c799ac17cfa9a568da240a9ba2596ca17a124cf73bdcd8a67059474f211"

verified_at = "2026-08-29T21:18:05Z"
verified_by = "assurance-owner"
[relations]
verifies_work_order = ["WO-ECP-019"]
conforms_to = ["VER-ECP-016"]

[[lifecycle_events]]
from = "ready"
to = "verified"
decided_at = "2026-08-29T21:18:05Z"
decided_by = "assurance-owner"
reason = "Verified by the accountable assurance owner on 2026-08-29, 'I verify VREC-ECP-023 as assurance owner'. Re-measured immediately before this transition: bound commit ee1e6af is an ancestor of the branch tip with a clean worktree; WO-ECP-019 is implemented; the evaluator packet matches its recorded digest 52678c79 (the 0.11.0 root). The retained evidence shows the fold implemented as SPEC-ECP-014 states it: the checkpoint-less check projection carrying the context object and selecting the single in_progress work order, a checkpoint still requiring an artifact, the WEX210 corrective naming check, accept-candidate refused by a guard naming qualify candidate-package, the template WORKFLOW.md and the notes on check, the SPEC-ECP-001 amendment record; the projection's golden digest moved as ECP-CTX-003 states; nine ExecutionContextTests with the corrective and guard tests on the Linux lane and the Windows workstation at its baseline; validate 1160 artifacts, 0 errors, doctor 0 FAIL under the root. At the bound commit and at this record head 010781e the managed Engineering Harness lane, the candidate-evidence workflow, the governor assessment and the publication rehearsal all completed success. The two deviations the packet records are accepted: the reference kept a next row for the alias, and workflow_result.py is unchanged. This record verifies the work order as completed, with next as a one-release alias; the owner's later decision to remove next outright is WO-ECP-020, stacked on this branch, and VER-ECP-016 as amended there is verified by that work order's own record. The bound change set merges main 27e40e5 in at eff7de7 without conflict. This verifies WO-ECP-019 only; it releases and publishes nothing."
+++

# Verification Record Candidate

This ready record binds retained evidence for `WO-ECP-019` to candidate commit `ee1e6af913faecf0c678de8a96c6c95d33d1bbc3`. An accountable assurance owner must review the evidence and transition the record to `verified`; this command did not approve, commit, tag, release, or publish anything.

The record is intentionally created after the candidate commit it names, avoiding self-referential commit metadata.

149237dd8caed0ed14b9046ca90bf244a68d30f3 blob 2901
+++
id = "VREC-ECP-024"
type = "verification_record"
title = "Verification candidate for WO-ECP-020"
status = "verified"
owners = ["assurance-owner"]
created = "2026-08-29"
updated = "2026-08-30"
commit = "8965bc7b731eef6c996e1d368237a82c81d3393e"
git_object_format = "sha1"
worktree_state = "clean"
prepared_at = "2026-08-29T21:52:35Z"
prepared_by = "assurance-owner"
artifact_snapshot_sha256 = "fa2eabf1150e6e2c4f7bac1d380175af71533c840c2f763967e80f16b738de59"
evidence_paths = ["docs/engineering/execution-control-plane/evidence/WO-ECP-020/WO-ECP-020-handoff.md", "docs/engineering/execution-control-plane/evidence/WO-ECP-020/handoff.json"]
evaluator_evidence_path = "docs/engineering/execution-control-plane/evidence/VREC-ECP-024-evaluator.json"
evaluator_evidence_sha256 = "52678c799ac17cfa9a568da240a9ba2596ca17a124cf73bdcd8a67059474f211"

verified_at = "2026-08-30T05:41:16Z"
verified_by = "assurance-owner"
[relations]
verifies_work_order = ["WO-ECP-020"]
conforms_to = ["VER-ECP-016"]

[[lifecycle_events]]
from = "ready"
to = "verified"
decided_at = "2026-08-30T05:41:16Z"
decided_by = "assurance-owner"
reason = "Verified by the accountable assurance owner on 2026-08-30, 'I verify VREC-ECP-024 as assurance owner'. Re-measured immediately before this transition: bound commit 8965bc7 is an ancestor of the branch tip with a clean worktree; WO-ECP-020 is implemented; the evaluator packet matches its recorded digest 52678c79 (the 0.11.0 root). The retained evidence shows the removal implemented as SPEC-ECP-014 states it after its amendment under this work order: harnessctl has no next subcommand, the guard exits 2 with empty standard output and one line naming harnessctl check with the caller's artifact, --help lists no next, the reference has no next row and the notes say it was removed after 0.11.0; the amendment records on REQ-ECP-025, SPEC-ECP-014 and VER-ECP-016 carry the owner's decision of 2026-08-29; the refusal test and the census on the Linux lane and the Windows workstation at its baseline; every other row of VER-ECP-016 stays satisfied by WO-ECP-019's evidence, verified by VREC-ECP-023. At the bound commit and at this record head e6ee2b6 the managed Engineering Harness lane, the candidate-evidence workflow, the governor assessment and the publication rehearsal all completed success. No deviations. The bound change set stands over main 70508cd. This verifies WO-ECP-020 only; it releases and publishes nothing."
+++

# Verification Record Candidate

This ready record binds retained evidence for `WO-ECP-020` to candidate commit `8965bc7b731eef6c996e1d368237a82c81d3393e`. An accountable assurance owner must review the evidence and transition the record to `verified`; this command did not approve, commit, tag, release, or publish anything.

The record is intentionally created after the candidate commit it names, avoiding self-referential commit metadata.

91854d5ac3e10bce6d0e4a6944bdeb0e11612614 blob 2384
+++
id = "VREC-ECP-025"
type = "verification_record"
title = "Verification candidate for WO-ECP-021"
status = "verified"
owners = ["assurance-owner"]
created = "2026-08-30"
updated = "2026-08-30"
commit = "6b30daafc249d4363a8e902c8c3c398dab2d37a1"
git_object_format = "sha1"
worktree_state = "clean"
prepared_at = "2026-08-30T18:10:25Z"
prepared_by = "assurance-owner"
artifact_snapshot_sha256 = "72e079fb5f10073bdf2ebd00409de9808ea5c2dd76056df738901600a7800e6b"
evidence_paths = ["docs/engineering/execution-control-plane/evidence/WO-ECP-021/WO-ECP-021-handoff.md", "docs/engineering/execution-control-plane/evidence/WO-ECP-021/handoff.json"]
evaluator_evidence_path = "docs/engineering/execution-control-plane/evidence/VREC-ECP-025-evaluator.json"
evaluator_evidence_sha256 = "52678c799ac17cfa9a568da240a9ba2596ca17a124cf73bdcd8a67059474f211"

verified_at = "2026-08-30T18:11:16Z"
verified_by = "assurance-owner"
[relations]
verifies_work_order = ["WO-ECP-021"]
conforms_to = ["VER-ECP-017"]

[[lifecycle_events]]
from = "ready"
to = "verified"
decided_at = "2026-08-30T18:11:16Z"
decided_by = "assurance-owner"
reason = "Verified by the accountable assurance owner on 2026-08-30 under DR-VREC-DECIDE, by selecting the presented option 'Verify VREC-ECP-025'. The record binds candidate 6b30daa, WO-ECP-021 implemented with the handoff check Completed at its fixed point 531a113c; VER-ECP-017 executed in full through the template assertions and the selector cases the packet records; the affected suites and the full Windows suite at its baseline, validate 0 errors, doctor 0 FAIL, release distributions PASS, all read with the released 0.11.0 evaluator outside the checkout. Prepared and verified in one governance commit on the same owner's two decisions in one session (issue #280 part a); the record was untracked at this transition and contains no hash of its own commit. This decision authorizes no release and no publication."
+++

# Verification Record Candidate

This ready record binds retained evidence for `WO-ECP-021` to candidate commit `6b30daafc249d4363a8e902c8c3c398dab2d37a1`. An accountable assurance owner must review the evidence and transition the record to `verified`; this command did not approve, commit, tag, release, or publish anything.

The record is intentionally created after the candidate commit it names, avoiding self-referential commit metadata.

336ec63fff420a3ce7308bed7838562bca1f3339 blob 3420
+++
id = "VREC-ECP-026"
type = "verification_record"
title = "Verification candidate for WO-ECP-022"
status = "verified"
owners = ["assurance-owner"]
created = "2026-08-30"
updated = "2026-08-31"
commit = "2ccc3834c93b1e8c167049e73a00f45328d6487e"
git_object_format = "sha1"
worktree_state = "clean"
prepared_at = "2026-08-30T19:34:33Z"
prepared_by = "assurance-owner"
artifact_snapshot_sha256 = "ce2900ec187720565c6d6b625ff35ce454a59bd5f389aec5afae78d644cd91c6"
evidence_paths = ["docs/engineering/execution-control-plane/evidence/WO-ECP-022/WO-ECP-022-handoff.md", "docs/engineering/execution-control-plane/evidence/WO-ECP-022/handoff.json"]
evaluator_evidence_path = "docs/engineering/execution-control-plane/evidence/VREC-ECP-026-evaluator.json"
evaluator_evidence_sha256 = "52678c799ac17cfa9a568da240a9ba2596ca17a124cf73bdcd8a67059474f211"

verified_at = "2026-08-31T05:25:21Z"
verified_by = "assurance-owner"
[relations]
verifies_work_order = ["WO-ECP-022"]
conforms_to = ["VER-ECP-018"]

[[lifecycle_events]]
from = "ready"
to = "verified"
decided_at = "2026-08-31T05:25:21Z"
decided_by = "assurance-owner"
reason = "Verified by the accountable assurance owner on 2026-08-31, 'I verify VREC-ECP-026 as assurance owner'. Re-measured immediately before this transition: bound commit 2ccc383 is an ancestor of the branch tip with a clean worktree; WO-ECP-022 is implemented; the evaluator packet matches its recorded digest 52678c79 (the 0.11.0 root). The retained evidence shows the command shape implemented as SPEC-ECP-016 states it: the pinned target classification, prepare-release --owner with the --authorized-by guard, --json on every subcommand with every existing JSON shape unchanged, the 0/1/2 exit rule with failed results on standard output and a mutation-guard refusal as an exit-2 environment refusal, one code per line, the four cause classes raised in the provenance module, thirteen CLI-shape tests and the reference's rules section; the in-scope suites 471 OK plus the amended module 30 OK; the full Windows suite at its baseline on the merged tree. This record binds the post-renumber commit: the chain was renumbered from REQ-ECP-026/SPEC-ECP-015/VER-ECP-017/WO-ECP-021 on the owner's decision of 2026-08-30 after a parallel session took the same identifiers, the owner's quoted decision phrases kept verbatim; the declared Harness-Restitution 516e2e4f is the digest bound at handoff before completion, which the managed lane accepts as bound; renumber-artifacts refused its first operational use (REN043) and the renumbering was by hand; the packet and the work order record all of it. The scope amendment (tests/test_instruction_architecture.py) and the requirement's two stated exclusions stand. At the bound commit and at this record head e00d9e6 the managed lane, the candidate-evidence workflow, the governor assessment and the publication rehearsal all completed success. This verifies WO-ECP-022 only; it releases and publishes nothing."
+++

# Verification Record Candidate

This ready record binds retained evidence for `WO-ECP-022` to candidate commit `2ccc3834c93b1e8c167049e73a00f45328d6487e`. An accountable assurance owner must review the evidence and transition the record to `verified`; this command did not approve, commit, tag, release, or publish anything.

The record is intentionally created after the candidate commit it names, avoiding self-referential commit metadata.

2d2791d7aec082015c0960fedd7944e0c1c79d19 blob 2261
+++
id = "VREC-ECP-027"
type = "verification_record"
title = "Verification candidate for WO-ECP-023"
status = "verified"
owners = ["assurance-owner"]
created = "2026-08-31"
updated = "2026-08-31"
commit = "f755e529c7af4acf2aa4d69f7cf974f80b3c91af"
git_object_format = "sha1"
worktree_state = "clean"
prepared_at = "2026-08-31T09:05:14Z"
prepared_by = "assurance-owner"
artifact_snapshot_sha256 = "8c04d1e085ed356642348cec5c2796cd0bf7fa9bb68d0c5f63794fc3add1ea35"
evidence_paths = ["docs/engineering/execution-control-plane/evidence/WO-ECP-023/WO-ECP-023-handoff.md"]
evaluator_evidence_path = "docs/engineering/execution-control-plane/evidence/VREC-ECP-027-evaluator.json"
evaluator_evidence_sha256 = "52678c799ac17cfa9a568da240a9ba2596ca17a124cf73bdcd8a67059474f211"

verified_at = "2026-08-31T09:05:33Z"
verified_by = "assurance-owner"
[relations]
verifies_work_order = ["WO-ECP-023"]
conforms_to = ["VER-ECP-019"]

[[lifecycle_events]]
from = "ready"
to = "verified"
decided_at = "2026-08-31T09:05:33Z"
decided_by = "assurance-owner"
reason = "Verified by the accountable assurance owner on 2026-08-31 under DR-VREC-DECIDE, by selecting the presented option 'Complete, verify and merge', in the same session as the preparation decision (the one-commit path of issue #280 part a). The record binds the completion commit f755e52 with a clean worktree; VER-ECP-019 executed in full through tests/test_workflow_compliance.py (SelfBindingHandoffTests, ECP-SBH-001 to -006) with the compliance suite 145 OK, the six pinning suites 310 OK, the full Windows suite at its baseline, validate 0 errors, governing 0.11.0 doctor 0 FAIL, and the pull request's thirteen lanes green including the managed gate's digest comparison at the declared fixed point a2f842d7. This decision authorizes no release and no publication."
+++

# Verification Record Candidate

This ready record binds retained evidence for `WO-ECP-023` to candidate commit `f755e529c7af4acf2aa4d69f7cf974f80b3c91af`. An accountable assurance owner must review the evidence and transition the record to `verified`; this command did not approve, commit, tag, release, or publish anything.

The record is intentionally created after the candidate commit it names, avoiding self-referential commit metadata.

d44ccf66de6c34f09a9690e8baae3d5900e4129b blob 3199
+++
id = "VREC-ECP-028"
type = "verification_record"
title = "Verification candidate for WO-ECP-024"
status = "verified"
owners = ["delegated-executor"]
created = "2026-08-31"
updated = "2026-08-31"
commit = "4e0bebe347ff60b99215622de80960a00c4dce2d"
git_object_format = "sha1"
worktree_state = "clean"
prepared_at = "2026-08-31T14:42:16Z"
prepared_by = "delegated-executor"
artifact_snapshot_sha256 = "de26ee5ca7054bef55efb461136b6caa81ce7f86d4724911eb3b04df5172af82"
evidence_paths = ["docs/engineering/execution-control-plane/evidence/WO-ECP-024/WO-ECP-024-handoff.md", "docs/engineering/execution-control-plane/evidence/WO-ECP-024/handoff.json"]
evaluator_evidence_path = "docs/engineering/execution-control-plane/evidence/VREC-ECP-028-evaluator.json"
evaluator_evidence_sha256 = "c5baebb5b7d3c7cc04940aef92872da30321a6bd15d0478309f49ba224a49e0f"

verified_at = "2026-08-31T14:43:31Z"
verified_by = "assurance-owner"
[relations]
verifies_work_order = ["WO-ECP-024"]
conforms_to = ["VER-ECP-020"]

[[lifecycle_events]]
from = "ready"
to = "verified"
decided_at = "2026-08-31T14:43:31Z"
decided_by = "assurance-owner"
reason = "Verified by the accountable assurance owner on 2026-08-31 by selecting the presented option 'I verify VREC-ECP-028' \u2014 the human decision the delegation class reserves. Re-measured immediately before this transition: bound commit 4e0bebe is an ancestor of the branch tip with a clean worktree; WO-ECP-024 is implemented; the evaluator packet matches its recorded digest c5baebb5 (the 0.12.0 root). The retained evidence shows the work implemented as SPEC-ECP-018 states: the WO-ECP-010 retention comment and the dead agent_contract.json rule gone from .gitattributes, every remaining rule matching tracked content by measurement, the managed block byte-unchanged with doctor 0 FAIL, and the reading suites 146 OK. The three mechanical decisions were taken by the delegated route exactly as REQ-ECP-011 and SPEC-ECP-006 define: DR-WO-START at 3ce2302 on check-run 99523603905, DR-WO-COMPLETE at e56ef32 on check-run 99526079669 after the self-bound handoff read complete over the scoped change set, and DR-VREC-PREPARE producing this record with prepared_by delegated-executor \u2014 each event carrying the class, the check-run id and the head sha, each unlocked only by the required validate check the default branch's ruleset enforces. This is the hosted delegation demonstration of issue #284, taken on the real work of issue #285 item #285b. No deviations. This verifies WO-ECP-024 only; it releases and publishes nothing."
+++

# Verification Record Candidate

This ready record binds retained evidence for `WO-ECP-024` to candidate commit `4e0bebe347ff60b99215622de80960a00c4dce2d`. An accountable assurance owner must review the evidence and transition the record to `verified`; this command did not approve, commit, tag, release, or publish anything. Delegated DR-VREC-PREPARE under [delegation] class 'execution': required check 'validate' success at 4e0bebe347ff60b99215622de80960a00c4dce2d (check-run 99526797566, source github-checks).

The record is intentionally created after the candidate commit it names, avoiding self-referential commit metadata.

c2594cc98aad6854c53bcf52d76f62afb8085da5 blob 2930
+++
id = "VREC-ECP-029"
type = "verification_record"
title = "Verification candidate for WO-ECP-025"
status = "verified"
owners = ["delegated-executor"]
created = "2026-09-02"
updated = "2026-09-02"
commit = "df37a21be6e36ce2258e4909ff5b50af625b0104"
git_object_format = "sha1"
worktree_state = "clean"
prepared_at = "2026-09-02T15:11:08Z"
prepared_by = "delegated-executor"
artifact_snapshot_sha256 = "4e05cf33f0dd96d8e219e419de8649dca805eaded0da45a18f439032945da4d6"
evidence_paths = ["docs/engineering/execution-control-plane/evidence/WO-ECP-025/WO-ECP-025-handoff.md", "docs/engineering/execution-control-plane/evidence/WO-ECP-025/handoff.json"]
evaluator_evidence_path = "docs/engineering/execution-control-plane/evidence/VREC-ECP-029-evaluator.json"
evaluator_evidence_sha256 = "35e55a43897ec79be254438dab550d99fed9d904a6d1db2d51f6a56875c4d89f"

verified_at = "2026-09-02T15:18:47Z"
verified_by = "assurance-owner"
[relations]
verifies_work_order = ["WO-ECP-025"]
conforms_to = ["VER-ECP-021"]

[[lifecycle_events]]
from = "ready"
to = "verified"
decided_at = "2026-09-02T15:18:47Z"
decided_by = "assurance-owner"
reason = "Verified by the accountable assurance owner on 2026-09-02 by selecting the presented option 'I verify VREC-ECP-029'. Re-measured immediately before this transition: bound commit df37a21 is the delegated implemented-transition commit of WO-ECP-025 with a clean worktree; the record was prepared by the delegated-executor under the class at that head's green validate gate; the evaluator packet matches its recorded digest, produced by the exact public 0.14.0 root outside the checkout. The record binds the keyed handoff packet whose readings satisfy every VER-ECP-021 row: no pre-parse guard for focus, next, accept-candidate or --authorized-by in main(), argparse's refusal for each, the amendment records on REQ-ECP-024, SPEC-ECP-013, SPEC-ECP-014, SPEC-ECP-016, VER-ECP-013 and VER-ECP-016, the three notes, validate 1259 artifacts 0 errors 0 advisories, doctor 0 FAIL, review preflight PASS, the suite at its one baseline name, and the three delegated lifecycle events naming the class, the check-run ids and the heads; all lanes of pull request #320 pass at 55f8277. No deviations. This verifies WO-ECP-025 only; it merges, releases and publishes nothing."
+++

# Verification Record Candidate

This ready record binds retained evidence for `WO-ECP-025` to candidate commit `df37a21be6e36ce2258e4909ff5b50af625b0104`. An accountable assurance owner must review the evidence and transition the record to `verified`; this command did not approve, commit, tag, release, or publish anything. Delegated DR-VREC-PREPARE under [delegation] class 'execution': required check 'validate' success at df37a21be6e36ce2258e4909ff5b50af625b0104 (check-run 100303382242, source github-checks).

The record is intentionally created after the candidate commit it names, avoiding self-referential commit metadata.

5e18cd58887f322ced569beac760e6a6467a6639 blob 2100
+++
id = "VREC-ECP-030"
type = "verification_record"
title = "Verification candidate for WO-ECP-026"
status = "verified"
owners = ["assurance-owner"]
created = "2026-09-06"
updated = "2026-09-06"
commit = "b0d232c51475d96694411b08e7d21bce805232d8"
git_object_format = "sha1"
worktree_state = "clean"
prepared_at = "2026-09-06T13:26:43Z"
prepared_by = "assurance-owner"
artifact_snapshot_sha256 = "e5a3c0d1b94643bebfdeee82cd6ba2294b657f24049947fa51e221314ac71999"
evidence_paths = ["docs/engineering/execution-control-plane/evidence/WO-ECP-026/WO-ECP-026-handoff.md", "docs/engineering/execution-control-plane/evidence/WO-ECP-026/handoff.json"]
evaluator_evidence_path = "docs/engineering/execution-control-plane/evidence/VREC-ECP-030-evaluator.json"
evaluator_evidence_sha256 = "8c10a3ea2956baff8bfa875c658a98aa7db772f924b38557ad05c819a5f88a2d"

verified_at = "2026-09-06T13:53:00Z"
verified_by = "assurance-owner"
[relations]
verifies_work_order = ["WO-ECP-026"]
conforms_to = ["VER-ECP-022"]

[[lifecycle_events]]
from = "ready"
to = "verified"
decided_at = "2026-09-06T13:53:00Z"
decided_by = "assurance-owner"
reason = "Verified on 2026-09-06 by the accountable assurance owner with the words 'i verify' (DR-VREC-DECIDE), after the record was presented: bound to candidate commit b0d232c (WO-ECP-026 implemented), to the retained evidence WO-ECP-026-handoff.md and handoff.json, and to the exact 0.15.0 evaluator evidence. Hosted lanes on PR #361 at the record commit cdee7ce: validate, both evidence lanes, both migration lanes, both qualification rehearsals and the transition assessment pass. The merge of PR #361 remains the owner's decision."
+++

# Verification Record Candidate

This ready record binds retained evidence for `WO-ECP-026` to candidate commit `b0d232c51475d96694411b08e7d21bce805232d8`. An accountable assurance owner must review the evidence and transition the record to `verified`; this command did not approve, commit, tag, release, or publish anything.

The record is intentionally created after the candidate commit it names, avoiding self-referential commit metadata.

8de1087ba2989a212d9dfe2cb4d40a3b1ab142cd blob 2143
+++
id = "VREC-ECP-031"
type = "verification_record"
title = "Verification candidate for WO-ECP-027"
status = "verified"
owners = ["assurance-owner"]
created = "2026-09-07"
updated = "2026-09-07"
commit = "7e6a50180e990580aa72b7cc4890366594172e51"
git_object_format = "sha1"
worktree_state = "clean"
prepared_at = "2026-09-07T20:05:32Z"
prepared_by = "assurance-owner"
artifact_snapshot_sha256 = "02a25313015a44ba71f6691482da56cd4fdf21e7f93b432ea8cee6b0f89f6814"
evidence_paths = ["docs/engineering/execution-control-plane/evidence/WO-ECP-027/WO-ECP-027-handoff.md", "docs/engineering/execution-control-plane/evidence/WO-ECP-027/handoff.json"]
evaluator_evidence_path = "docs/engineering/execution-control-plane/evidence/VREC-ECP-031-evaluator.json"
evaluator_evidence_sha256 = "e2cd0929fd42d0634d3bf23a73408665bac8ae473b98c81439dbffb828bff951"

verified_at = "2026-09-07T20:09:29Z"
verified_by = "assurance-owner"
[relations]
verifies_work_order = ["WO-ECP-027"]
conforms_to = ["VER-ECP-023"]

[[lifecycle_events]]
from = "ready"
to = "verified"
decided_at = "2026-09-07T20:09:29Z"
decided_by = "assurance-owner"
reason = "Verified on 2026-09-07 by the accountable assurance owner with the words 'i verify' (DR-VREC-DECIDE), after the record was presented: bound to candidate commit 7e6a501 (WO-ECP-027 implemented at 3d86486), to the retained evidence WO-ECP-027-handoff.md and handoff.json, and to the exact 0.16.0 evaluator evidence. Hosted lanes on PR #383 at the record commit ae1ed27: validate, both evidence lanes, both qualification rehearsals and the transition assessment pass; the two migration lanes were running at the decision. The merge of PR #383 remains the owner's decision."
+++

# Verification Record Candidate

This ready record binds retained evidence for `WO-ECP-027` to candidate commit `7e6a50180e990580aa72b7cc4890366594172e51`. An accountable assurance owner must review the evidence and transition the record to `verified`; this command did not approve, commit, tag, release, or publish anything.

The record is intentionally created after the candidate commit it names, avoiding self-referential commit metadata.

d0ca60cac7e774119b56ec7ee7d58160ac50eba9 blob 2188
+++
id = "VREC-ECP-032"
type = "verification_record"
title = "Verification candidate for WO-ECP-029"
status = "verified"
owners = ["assurance-owner"]
created = "2026-09-07"
updated = "2026-09-07"
commit = "e9f85a78e95fc0f4d50183847de26936f489bbb9"
git_object_format = "sha1"
worktree_state = "clean"
prepared_at = "2026-09-07T20:56:58Z"
prepared_by = "assurance-owner"
artifact_snapshot_sha256 = "7bc1d0c1cfde7a8d927bd1e5eaddf0737e28a89351a5f4eab298f20c0b005a1c"
evidence_paths = ["docs/engineering/execution-control-plane/evidence/WO-ECP-029/WO-ECP-029-handoff.md", "docs/engineering/execution-control-plane/evidence/WO-ECP-029/handoff.json"]
evaluator_evidence_path = "docs/engineering/execution-control-plane/evidence/VREC-ECP-032-evaluator.json"
evaluator_evidence_sha256 = "e2cd0929fd42d0634d3bf23a73408665bac8ae473b98c81439dbffb828bff951"

verified_at = "2026-09-07T21:02:05Z"
verified_by = "assurance-owner"
[relations]
verifies_work_order = ["WO-ECP-029"]
conforms_to = ["VER-ECP-024"]

[[lifecycle_events]]
from = "ready"
to = "verified"
decided_at = "2026-09-07T21:02:05Z"
decided_by = "assurance-owner"
reason = "Verified on 2026-09-07 by the accountable assurance owner with the words 'i verify' (DR-VREC-DECIDE), after the record was presented: bound to candidate commit e9f85a7 (WO-ECP-029 implemented), to the retained evidence WO-ECP-029-handoff.md and handoff.json, and to the exact 0.16.0 evaluator evidence. Hosted lanes on PR #390 at the record commit 8f43ab8: validate, both evidence lanes, the candidate rehearsal, the Linux migration lane and the transition assessment pass; the Windows migration lane and the release-record rehearsal were running at the decision. The merge of PR #390 remains the owner's decision."
+++

# Verification Record Candidate

This ready record binds retained evidence for `WO-ECP-029` to candidate commit `e9f85a78e95fc0f4d50183847de26936f489bbb9`. An accountable assurance owner must review the evidence and transition the record to `verified`; this command did not approve, commit, tag, release, or publish anything.

The record is intentionally created after the candidate commit it names, avoiding self-referential commit metadata.

644f16c2af2a4a5b22ba6487c05704098ccdb8bf blob 2145
+++
id = "VREC-ECP-033"
type = "verification_record"
title = "Verification candidate for WO-ECP-030"
status = "verified"
owners = ["assurance-owner"]
created = "2026-09-07"
updated = "2026-09-07"
commit = "43f83010dae23952193aa390b54cf1724e7abd4b"
git_object_format = "sha1"
worktree_state = "clean"
prepared_at = "2026-09-07T21:54:52Z"
prepared_by = "assurance-owner"
artifact_snapshot_sha256 = "d7d910cab959ccb82c487f7cb6e42dcb5465b4914b150b42324fa3aee976a7e9"
evidence_paths = ["docs/engineering/execution-control-plane/evidence/WO-ECP-030/WO-ECP-030-handoff.md", "docs/engineering/execution-control-plane/evidence/WO-ECP-030/handoff.json"]
evaluator_evidence_path = "docs/engineering/execution-control-plane/evidence/VREC-ECP-033-evaluator.json"
evaluator_evidence_sha256 = "e2cd0929fd42d0634d3bf23a73408665bac8ae473b98c81439dbffb828bff951"

verified_at = "2026-09-07T22:00:10Z"
verified_by = "assurance-owner"
[relations]
verifies_work_order = ["WO-ECP-030"]
conforms_to = ["VER-ECP-024"]

[[lifecycle_events]]
from = "ready"
to = "verified"
decided_at = "2026-09-07T22:00:10Z"
decided_by = "assurance-owner"
reason = "Verified on 2026-09-07 by the accountable assurance owner with the words 'i verify both' (DR-VREC-DECIDE, together with VREC-ECP-034), after the record was presented: bound to candidate commit 43f8301 (WO-ECP-030 implemented), to the retained evidence WO-ECP-030-handoff.md and handoff.json, and to the exact 0.16.0 evaluator evidence. Hosted lanes on PR #392 at the record commit 7ae163e: every lane that had finished passes, including the candidate-package lane; the Windows migration lane was running at the decision. The merge of PR #392 remains the owner's decision."
+++

# Verification Record Candidate

This ready record binds retained evidence for `WO-ECP-030` to candidate commit `43f83010dae23952193aa390b54cf1724e7abd4b`. An accountable assurance owner must review the evidence and transition the record to `verified`; this command did not approve, commit, tag, release, or publish anything.

The record is intentionally created after the candidate commit it names, avoiding self-referential commit metadata.

60d6713a4daf5b2ed2ddbfbca6775e28580c2cc7 blob 2248
+++
id = "VREC-ECP-034"
type = "verification_record"
title = "Verification candidate for WO-ECP-028"
status = "verified"
owners = ["assurance-owner"]
created = "2026-09-07"
updated = "2026-09-07"
commit = "8d73205ae408fb271aedffbf4c926da74879d477"
git_object_format = "sha1"
worktree_state = "clean"
prepared_at = "2026-09-07T21:55:38Z"
prepared_by = "assurance-owner"
artifact_snapshot_sha256 = "b63d7a2d54fe8c51bee719d872d2c005fb84bd10541a5c6ff7d117d6e6cdd360"
evidence_paths = ["docs/engineering/execution-control-plane/evidence/WO-ECP-028/WO-ECP-028-handoff.md", "docs/engineering/execution-control-plane/evidence/WO-ECP-028/handoff.json"]
evaluator_evidence_path = "docs/engineering/execution-control-plane/evidence/VREC-ECP-034-evaluator.json"
evaluator_evidence_sha256 = "e2cd0929fd42d0634d3bf23a73408665bac8ae473b98c81439dbffb828bff951"

verified_at = "2026-09-07T22:00:23Z"
verified_by = "assurance-owner"
[relations]
verifies_work_order = ["WO-ECP-028"]
conforms_to = ["VER-ECP-024"]

[[lifecycle_events]]
from = "ready"
to = "verified"
decided_at = "2026-09-07T22:00:23Z"
decided_by = "assurance-owner"
reason = "Verified on 2026-09-07 by the accountable assurance owner with the words 'i verify both' (DR-VREC-DECIDE, together with VREC-ECP-033), after the record was presented: bound to candidate commit 8d73205 (WO-ECP-028 implemented), to the retained evidence WO-ECP-028-handoff.md and handoff.json, and to the exact 0.16.0 evaluator evidence. Hosted lanes on PR #393 at the record commit b602eb1: every lane that had finished passes, including the candidate-package lane; the Windows migration lane was running at the decision. The merge of PR #393 remains the owner's decision; main is merged into the branch first once PR #392 lands, since both touch cli.py and the domain index."
+++

# Verification Record Candidate

This ready record binds retained evidence for `WO-ECP-028` to candidate commit `8d73205ae408fb271aedffbf4c926da74879d477`. An accountable assurance owner must review the evidence and transition the record to `verified`; this command did not approve, commit, tag, release, or publish anything.

The record is intentionally created after the candidate commit it names, avoiding self-referential commit metadata.

9b973ded807c8543fe30a045f412e8ee9a19c846 blob 2039
+++
id = "VREC-ECP-035"
type = "verification_record"
title = "Verification candidate for WO-ECP-031"
status = "verified"
owners = ["quality-owner"]
created = "2026-09-08"
updated = "2026-09-08"
commit = "334b2b4f43e6b395ee8c6bcc59ab7256fadd8255"
git_object_format = "sha1"
worktree_state = "clean"
prepared_at = "2026-09-08T10:55:15Z"
prepared_by = "quality-owner"
artifact_snapshot_sha256 = "4583425c3704f6c5726b9dcffb71ecd986f6486407f6699ccda1d36952082ba3"
evidence_paths = ["docs/engineering/execution-control-plane/evidence/WO-ECP-031/WO-ECP-031-handoff.md"]
evaluator_evidence_path = "docs/engineering/execution-control-plane/evidence/VREC-ECP-035-evaluator.json"
evaluator_evidence_sha256 = "e2cd0929fd42d0634d3bf23a73408665bac8ae473b98c81439dbffb828bff951"

verified_at = "2026-09-08T14:46:40Z"
verified_by = "assurance-owner"
[relations]
verifies_work_order = ["WO-ECP-031"]
conforms_to = ["VER-ECP-025"]

[[lifecycle_events]]
from = "ready"
to = "verified"
decided_at = "2026-09-08T14:46:40Z"
decided_by = "assurance-owner"
reason = "Verified on 2026-09-08 by the accountable assurance owner with the words 'you can switch VREC-ECP-035 to verified' (DR-VREC-DECIDE), after the record was presented: bound to candidate commit 334b2b4f of wo/ecp-031-process-front-matter (PR #398, merged to main as 9275f72b with its checks green), retaining the WO-ECP-031 handoff evidence whose handoff check passes all nine predicates, the Windows suite at its baseline, validate 1396 artifacts with 0 errors, and no recorded digest moved; DEC-ECP-001 disposed amend and recorded on SPEC-ECP-023."
+++

# Verification Record Candidate

This ready record binds retained evidence for `WO-ECP-031` to candidate commit `334b2b4f43e6b395ee8c6bcc59ab7256fadd8255`. An accountable assurance owner must review the evidence and transition the record to `verified`; this command did not approve, commit, tag, release, or publish anything.

The record is intentionally created after the candidate commit it names, avoiding self-referential commit metadata.

3e4d29ac8edb556784ad608951ded6152e094e9c blob 1990
+++
id = "VREC-ECP-036"
type = "verification_record"
title = "Verification candidate for WO-ECP-032"
status = "verified"
owners = ["quality-owner"]
created = "2026-09-08"
updated = "2026-09-08"
commit = "c829bdd53f22e5c8e83a32f17dbf5aa174047d16"
git_object_format = "sha1"
worktree_state = "clean"
prepared_at = "2026-09-08T12:20:31Z"
prepared_by = "quality-owner"
artifact_snapshot_sha256 = "a46cb117279b91df58a098374f34bda2b3623334488e369f19c4c0d5b9c346a6"
evidence_paths = ["docs/engineering/execution-control-plane/evidence/WO-ECP-032/WO-ECP-032-handoff.md"]
evaluator_evidence_path = "docs/engineering/execution-control-plane/evidence/VREC-ECP-036-evaluator.json"
evaluator_evidence_sha256 = "e2cd0929fd42d0634d3bf23a73408665bac8ae473b98c81439dbffb828bff951"

verified_at = "2026-09-08T14:06:41Z"
verified_by = "assurance-owner"
[relations]
verifies_work_order = ["WO-ECP-032"]
conforms_to = ["VER-ECP-025"]

[[lifecycle_events]]
from = "ready"
to = "verified"
decided_at = "2026-09-08T14:06:41Z"
decided_by = "assurance-owner"
reason = "Verified on 2026-09-08 by the accountable assurance owner with the words 'i verify both' (DR-VREC-DECIDE, together with VREC-ECP-037), after the record was presented: bound to candidate commit c829bdd5 of wo/ecp-032-integrity-primitives (PR #399, 13 checks green), retaining the WO-ECP-032 handoff evidence whose handoff check passes all nine predicates, the Windows suite at its baseline, validate 1397 artifacts with 0 errors, and the four ECP-PRM digest rules met with no recorded digest moved."
+++

# Verification Record Candidate

This ready record binds retained evidence for `WO-ECP-032` to candidate commit `c829bdd53f22e5c8e83a32f17dbf5aa174047d16`. An accountable assurance owner must review the evidence and transition the record to `verified`; this command did not approve, commit, tag, release, or publish anything.

The record is intentionally created after the candidate commit it names, avoiding self-referential commit metadata.

1a03d324e1f5cb514dc32dceade3e01cf895a15a blob 2248
+++
id = "VREC-ECP-037"
type = "verification_record"
title = "Verification candidate for WO-ECP-033"
status = "verified"
owners = ["quality-owner"]
created = "2026-09-08"
updated = "2026-09-08"
commit = "5bc0710fc476912b4e0cfab1cd5146e46b9642de"
git_object_format = "sha1"
worktree_state = "clean"
prepared_at = "2026-09-08T13:54:54Z"
prepared_by = "quality-owner"
artifact_snapshot_sha256 = "0e69deb5114ad0f487939e4fa0fd17d901f5f6042632f47ce7bba6976cd41e8b"
evidence_paths = ["docs/engineering/execution-control-plane/evidence/WO-ECP-033/WO-ECP-033-handoff.md"]
evaluator_evidence_path = "docs/engineering/execution-control-plane/evidence/VREC-ECP-037-evaluator.json"
evaluator_evidence_sha256 = "e2cd0929fd42d0634d3bf23a73408665bac8ae473b98c81439dbffb828bff951"

verified_at = "2026-09-08T14:07:08Z"
verified_by = "assurance-owner"
[relations]
verifies_work_order = ["WO-ECP-033"]
conforms_to = ["VER-ECP-025"]

[[lifecycle_events]]
from = "ready"
to = "verified"
decided_at = "2026-09-08T14:07:08Z"
decided_by = "assurance-owner"
reason = "Verified on 2026-09-08 by the accountable assurance owner with the words 'i verify both' (DR-VREC-DECIDE, together with VREC-ECP-036), after the record was presented: bound to candidate commit 5bc0710f of wo/ecp-033-codes-contract-tables (PR #400, 13 checks green), retaining the WO-ECP-033 handoff evidence whose handoff check passes all nine predicates over 32 paths, the Windows suite at its baseline (1324 tests), validate 1399 artifacts with 0 errors, DEC-ECP-002 accepted for ECP-PRM-027, and no recorded digest moved."
+++

# Verification Record Candidate

This ready record binds retained evidence for `WO-ECP-033` to candidate commit `5bc0710fc476912b4e0cfab1cd5146e46b9642de`. An accountable assurance owner must review the evidence and transition the record to `verified`; this command did not approve, commit, tag, release, or publish anything.

The record is intentionally created after the candidate commit it names, avoiding self-referential commit metadata.

## Standing deviations

Accepted deviations standing on the selected work at this candidate; each names the rule it departs from and is retained here for the assurance decision:

- `DEC-ECP-002` against `SPEC-ECP-023#ECP-PRM-027`

a8cb062dabdb0fb5bfd1ae5f9c3bd71ab04489a4 blob 2104
+++
id = "VREC-ECP-038"
type = "verification_record"
title = "Verification candidate for WO-ECP-034"
status = "verified"
owners = ["quality-owner"]
created = "2026-09-08"
updated = "2026-09-08"
commit = "b7444502568f325e87eef6ef34ae429825502468"
git_object_format = "sha1"
worktree_state = "clean"
prepared_at = "2026-09-08T17:37:42Z"
prepared_by = "quality-owner"
artifact_snapshot_sha256 = "df18733cef300fe3571c98517aec1648898ca793dd9f06cdf423d96b782b8f93"
evidence_paths = ["docs/engineering/execution-control-plane/evidence/WO-ECP-034/WO-ECP-034-handoff.md"]
evaluator_evidence_path = "docs/engineering/execution-control-plane/evidence/VREC-ECP-038-evaluator.json"
evaluator_evidence_sha256 = "e2cd0929fd42d0634d3bf23a73408665bac8ae473b98c81439dbffb828bff951"

verified_at = "2026-09-08T19:44:18Z"
verified_by = "assurance-owner"
[relations]
verifies_work_order = ["WO-ECP-034"]
conforms_to = ["VER-ECP-026"]

[[lifecycle_events]]
from = "ready"
to = "verified"
decided_at = "2026-09-08T19:44:18Z"
decided_by = "assurance-owner"
reason = "Verified on 2026-09-08 by the accountable assurance owner with the words 'i verify all 3 verification records' (DR-VREC-DECIDE, together with the other two wave 3 records), after the record was presented: bound to candidate commit b7444502 of wo/ecp-034-engine-import-surface (PR #407, lanes green), retaining the WO-ECP-034 handoff evidence whose handoff check passes all nine predicates over 47 paths, the engine an import surface with its five twins folded into the package, the duplication scan at 0 blocks, every recorded output byte-identical, the Windows suite at its baseline and validate with 0 errors."
+++

# Verification Record Candidate

This ready record binds retained evidence for `WO-ECP-034` to candidate commit `b7444502568f325e87eef6ef34ae429825502468`. An accountable assurance owner must review the evidence and transition the record to `verified`; this command did not approve, commit, tag, release, or publish anything.

The record is intentionally created after the candidate commit it names, avoiding self-referential commit metadata.

075313c031f49ef94eedb621ccb89060e2c166ed blob 2096
+++
id = "VREC-ECP-039"
type = "verification_record"
title = "Verification candidate for WO-ECP-035"
status = "verified"
owners = ["quality-owner"]
created = "2026-09-08"
updated = "2026-09-08"
commit = "ebd60b10f4aa36510899afb6085101824cd5d234"
git_object_format = "sha1"
worktree_state = "clean"
prepared_at = "2026-09-08T18:16:50Z"
prepared_by = "quality-owner"
artifact_snapshot_sha256 = "18ac9d6ed2b231a31c80a800caec7b3bd79ffcd5ece85a09ab7fd0a0eece3834"
evidence_paths = ["docs/engineering/execution-control-plane/evidence/WO-ECP-035/WO-ECP-035-handoff.md"]
evaluator_evidence_path = "docs/engineering/execution-control-plane/evidence/VREC-ECP-039-evaluator.json"
evaluator_evidence_sha256 = "e2cd0929fd42d0634d3bf23a73408665bac8ae473b98c81439dbffb828bff951"

verified_at = "2026-09-08T19:44:27Z"
verified_by = "assurance-owner"
[relations]
verifies_work_order = ["WO-ECP-035"]
conforms_to = ["VER-ECP-026"]

[[lifecycle_events]]
from = "ready"
to = "verified"
decided_at = "2026-09-08T19:44:27Z"
decided_by = "assurance-owner"
reason = "Verified on 2026-09-08 by the accountable assurance owner with the words 'i verify all 3 verification records' (DR-VREC-DECIDE, together with the other two wave 3 records), after the record was presented: bound to candidate commit ebd60b10 of wo/ecp-035-one-validation (PR #412, lanes green), retaining the WO-ECP-035 handoff evidence whose handoff check passes all nine predicates over 16 paths, every governance command validating the repository exactly once and doctor not at all, every recorded output byte-identical to the group A code, the Windows suite at its baseline and validate with 0 errors."
+++

# Verification Record Candidate

This ready record binds retained evidence for `WO-ECP-035` to candidate commit `ebd60b10f4aa36510899afb6085101824cd5d234`. An accountable assurance owner must review the evidence and transition the record to `verified`; this command did not approve, commit, tag, release, or publish anything.

The record is intentionally created after the candidate commit it names, avoiding self-referential commit metadata.

7a6f8902b5ddc341f2a0565d70c5f30da47edda3 blob 2141
+++
id = "VREC-ECP-040"
type = "verification_record"
title = "Verification candidate for WO-ECP-036"
status = "verified"
owners = ["quality-owner"]
created = "2026-09-08"
updated = "2026-09-08"
commit = "308cbcf829a0d1f7d6714e487b30675af373d099"
git_object_format = "sha1"
worktree_state = "clean"
prepared_at = "2026-09-08T19:41:32Z"
prepared_by = "quality-owner"
artifact_snapshot_sha256 = "27a727bf057430d9e0118f8867f125f83df576e06b9da6e83611d310bbdf880a"
evidence_paths = ["docs/engineering/execution-control-plane/evidence/WO-ECP-036/WO-ECP-036-handoff.md"]
evaluator_evidence_path = "docs/engineering/execution-control-plane/evidence/VREC-ECP-040-evaluator.json"
evaluator_evidence_sha256 = "e2cd0929fd42d0634d3bf23a73408665bac8ae473b98c81439dbffb828bff951"

verified_at = "2026-09-08T19:44:36Z"
verified_by = "assurance-owner"
[relations]
verifies_work_order = ["WO-ECP-036"]
conforms_to = ["VER-ECP-026"]

[[lifecycle_events]]
from = "ready"
to = "verified"
decided_at = "2026-09-08T19:44:36Z"
decided_by = "assurance-owner"
reason = "Verified on 2026-09-08 by the accountable assurance owner with the words 'i verify all 3 verification records' (DR-VREC-DECIDE, together with the other two wave 3 records), after the record was presented: bound to candidate commit 308cbcf8 of wo/ecp-036-seams (PR #414, lanes green), retaining the WO-ECP-036 handoff evidence whose handoff check passes every predicate over 43 paths, the validator, the generator and the compliance module split along their seams, no private cross-module import, no function above complexity 60, every recorded output byte-identical to the group B code, the Windows suite at its baseline and validate with 0 errors."
+++

# Verification Record Candidate

This ready record binds retained evidence for `WO-ECP-036` to candidate commit `308cbcf829a0d1f7d6714e487b30675af373d099`. An accountable assurance owner must review the evidence and transition the record to `verified`; this command did not approve, commit, tag, release, or publish anything.

The record is intentionally created after the candidate commit it names, avoiding self-referential commit metadata.

17a178e826060f150140d8412726cc1a7a8eb9e3 blob 875
{"diagnostics":[],"environment":{"checkout_excluded":true,"entry_point_resolved":true,"isolated_python":true,"pythonpath_present":false,"user_site_enabled":false},"evaluator":{"archive_name":"se_harness-0.14.0-py3-none-any.whl","archive_sha256":"70d438b501d374fec06f41e25571f674b3cd1f43178389e6e06b0269c92f4856","payload_manifest":"se-harness-installed-payload-v1","payload_sha256":"25034dc72a6be582ebef3c6b9a733c6ab9b6dcd879b9fda162d4d3e131a04306","version":"0.14.0"},"origins":{"distribution":"<evaluator-root>/Lib/site-packages","entry_point":"<evaluator-root>/Scripts/harnessctl.exe","module":"<evaluator-root>/Lib/site-packages/se_harness/runtime_identity.py","python_executable":"<evaluator-root>/Scripts/python.exe","templates":"<evaluator-root>/share/se-harness/templates/repository/standard"},"role":"released-evaluator","schema":"se-harness-evaluator-evidence-v1"}

869e42a451b218f67d8799007eea729b8d5332a6 blob 875
{"diagnostics":[],"environment":{"checkout_excluded":true,"entry_point_resolved":true,"isolated_python":true,"pythonpath_present":false,"user_site_enabled":false},"evaluator":{"archive_name":"se_harness-0.11.0-py3-none-any.whl","archive_sha256":"ba26ab7be14321cdc26b69d59e2b894d544c3e7b529227de1f24ad9cd8f935c0","payload_manifest":"se-harness-installed-payload-v1","payload_sha256":"71b4b5b694111a42785328f4b742f40e5654d7d4c67d88b9939a6c80213dd016","version":"0.11.0"},"origins":{"distribution":"<evaluator-root>/Lib/site-packages","entry_point":"<evaluator-root>/Scripts/harnessctl.exe","module":"<evaluator-root>/Lib/site-packages/se_harness/runtime_identity.py","python_executable":"<evaluator-root>/Scripts/python.exe","templates":"<evaluator-root>/share/se-harness/templates/repository/standard"},"role":"released-evaluator","schema":"se-harness-evaluator-evidence-v1"}

aef01322b8d07c436a313cb62341969ebb412021 blob 875
{"diagnostics":[],"environment":{"checkout_excluded":true,"entry_point_resolved":true,"isolated_python":true,"pythonpath_present":false,"user_site_enabled":false},"evaluator":{"archive_name":"se_harness-0.12.0-py3-none-any.whl","archive_sha256":"639edbeed4bdca7c9e21a5eb2afc3b9fc993ddb3f66177eec962f1646a545811","payload_manifest":"se-harness-installed-payload-v1","payload_sha256":"0df83ce9c9bb6d456f3244f517031753daee740bb22180a492f835d25831ee0d","version":"0.12.0"},"origins":{"distribution":"<evaluator-root>/Lib/site-packages","entry_point":"<evaluator-root>/Scripts/harnessctl.exe","module":"<evaluator-root>/Lib/site-packages/se_harness/runtime_identity.py","python_executable":"<evaluator-root>/Scripts/python.exe","templates":"<evaluator-root>/share/se-harness/templates/repository/standard"},"role":"released-evaluator","schema":"se-harness-evaluator-evidence-v1"}

88c3f8dcfa00a082011e9320b40d5dd268ef5c87 blob 875
{"diagnostics":[],"environment":{"checkout_excluded":true,"entry_point_resolved":true,"isolated_python":true,"pythonpath_present":false,"user_site_enabled":false},"evaluator":{"archive_name":"se_harness-0.15.0-py3-none-any.whl","archive_sha256":"eb09343f65a52ecc7511aacbe7f4cc546cfe4bf28eeed62cf3ff2bccf838d947","payload_manifest":"se-harness-installed-payload-v1","payload_sha256":"11e4ad03da90093dc1f4bd1ac7fed746c157162187019d7b6feb37873d3a237e","version":"0.15.0"},"origins":{"distribution":"<evaluator-root>/Lib/site-packages","entry_point":"<evaluator-root>/Scripts/harnessctl.exe","module":"<evaluator-root>/Lib/site-packages/se_harness/runtime_identity.py","python_executable":"<evaluator-root>/Scripts/python.exe","templates":"<evaluator-root>/share/se-harness/templates/repository/standard"},"role":"released-evaluator","schema":"se-harness-evaluator-evidence-v1"}

43178f539e832d57ece629053c45254923ec71c2 blob 875
{"diagnostics":[],"environment":{"checkout_excluded":true,"entry_point_resolved":true,"isolated_python":true,"pythonpath_present":false,"user_site_enabled":false},"evaluator":{"archive_name":"se_harness-0.16.0-py3-none-any.whl","archive_sha256":"a969d6ab9e80acc2c9f9e7b6679a02e7ffab371f1f11cb0c0f4243f208ed9eae","payload_manifest":"se-harness-installed-payload-v1","payload_sha256":"51712fcfe5253db8d542deb870a0017b25c2976f5f4e76a81fd08923bba45e3c","version":"0.16.0"},"origins":{"distribution":"<evaluator-root>/Lib/site-packages","entry_point":"<evaluator-root>/Scripts/harnessctl.exe","module":"<evaluator-root>/Lib/site-packages/se_harness/runtime_identity.py","python_executable":"<evaluator-root>/Scripts/python.exe","templates":"<evaluator-root>/share/se-harness/templates/repository/standard"},"role":"released-evaluator","schema":"se-harness-evaluator-evidence-v1"}

43178f539e832d57ece629053c45254923ec71c2 blob 875
{"diagnostics":[],"environment":{"checkout_excluded":true,"entry_point_resolved":true,"isolated_python":true,"pythonpath_present":false,"user_site_enabled":false},"evaluator":{"archive_name":"se_harness-0.16.0-py3-none-any.whl","archive_sha256":"a969d6ab9e80acc2c9f9e7b6679a02e7ffab371f1f11cb0c0f4243f208ed9eae","payload_manifest":"se-harness-installed-payload-v1","payload_sha256":"51712fcfe5253db8d542deb870a0017b25c2976f5f4e76a81fd08923bba45e3c","version":"0.16.0"},"origins":{"distribution":"<evaluator-root>/Lib/site-packages","entry_point":"<evaluator-root>/Scripts/harnessctl.exe","module":"<evaluator-root>/Lib/site-packages/se_harness/runtime_identity.py","python_executable":"<evaluator-root>/Scripts/python.exe","templates":"<evaluator-root>/share/se-harness/templates/repository/standard"},"role":"released-evaluator","schema":"se-harness-evaluator-evidence-v1"}

0cb0757dc294cb290f047d662e8ef0f6e72e0292 blob 875
{"diagnostics":[],"environment":{"checkout_excluded":true,"entry_point_resolved":true,"isolated_python":true,"pythonpath_present":false,"user_site_enabled":false},"evaluator":{"archive_name":"se_harness-0.17.0-py3-none-any.whl","archive_sha256":"305c7cbc79f87baa76ea3bea939b134999f9cad3bfdfa0b4c9c2fd2d9caacced","payload_manifest":"se-harness-installed-payload-v1","payload_sha256":"dd48b16b69d90a04412f458c756876ec22a687c99282075e69d0f58316c43405","version":"0.17.0"},"origins":{"distribution":"<evaluator-root>/Lib/site-packages","entry_point":"<evaluator-root>/Scripts/harnessctl.exe","module":"<evaluator-root>/Lib/site-packages/se_harness/runtime_identity.py","python_executable":"<evaluator-root>/Scripts/python.exe","templates":"<evaluator-root>/share/se-harness/templates/repository/standard"},"role":"released-evaluator","schema":"se-harness-evaluator-evidence-v1"}

b8b59e848adc98f1b1d6f56e5662ef559936ef29 blob 2299
+++
id = "VREC-DOC-006"
type = "verification_record"
title = "Verification candidate for WO-DOC-013"
status = "verified"
owners = ["quality-owner"]
created = "2026-08-19"
updated = "2026-08-19"
commit = "a9fa887e2d66052fa9c279a1856e50c6c8a29629"
git_object_format = "sha1"
worktree_state = "clean"
verified_at = "2026-08-19T12:28:33Z"
artifact_snapshot_sha256 = "280405c05cbcfd9000e70d6663076c375d46f8f908f7844704fc776cdd3631da"
evidence_paths = ["docs/engineering/harness-distribution/evidence/WO-DOC-013-verification.md"]

[relations]
verifies_work_order = ["WO-DOC-013"]
conforms_to = ["VER-DST-018"]
+++

# Verified Verification Record

This record binds retained evidence for `WO-DOC-013` to candidate commit `a9fa887e2d66052fa9c279a1856e50c6c8a29629`. It was originally prepared in `ready` state by `capture-verification`; that command did not approve, commit, tag, release, or publish anything.

The record is intentionally created after the candidate commit it names, avoiding self-referential commit metadata.

After current `main` independently reused the documentation packet's original specification and verification identifiers, the accountable owner instructed `I approve renumbering to SPEC-DST-018 and VER-DST-018, rebuilding the candidate and VREC on current main, and force-with-lease updating PR #79.` That decision authorizes retaining this rebuilt `ready` record and updating the topic branch. It does not transition this record to `verified`, authorize merge, prepare or approve a release, tag, publish, deploy, or promote the governor.

On 2026-08-19, after reviewing the rebuilt record and retained evidence, the accountable assurance owner instructed `I approve VREC-DOC-006 transitioning to verified; commit and push that governance transition to PR #79.` That human assurance decision transitions this record from `ready` to `verified`; automation did not grant the authority. The candidate commit, object format, clean-worktree observation, capture timestamp, artifact snapshot, evidence path, work-order coverage, and verification-contract coverage remain unchanged. The same instruction authorizes retaining and pushing this governance transition to PR #79, but it does not authorize merge, release preparation, tagging, publication, deployment, or governor promotion.

dee30e9861a55cb138a06999f20a89737256a6b7 blob 2224
+++
id = "VREC-DOC-007"
type = "verification_record"
title = "Verification candidate for WO-DOC-014"
status = "verified"
owners = ["quality-owner"]
created = "2026-09-04"
updated = "2026-09-04"
commit = "109c9f03320baa8d2a9696f5ea891966c8c17429"
git_object_format = "sha1"
worktree_state = "clean"
prepared_at = "2026-09-04T21:27:22Z"
prepared_by = "quality-owner"
artifact_snapshot_sha256 = "4d4d50d4238d606ecef462e95f97b5e5d542b7116977f843511b3c034662004c"
evidence_paths = ["docs/engineering/harness-distribution/evidence/WO-DOC-014/WO-DOC-014-handoff.md", "docs/engineering/harness-distribution/evidence/WO-DOC-014/WO-DOC-014-verification.md", "docs/engineering/harness-distribution/evidence/WO-DOC-014/completion.json", "docs/engineering/harness-distribution/evidence/WO-DOC-014/handoff.json"]
evaluator_evidence_path = "docs/engineering/harness-distribution/evidence/VREC-DOC-007-evaluator.json"
evaluator_evidence_sha256 = "35e55a43897ec79be254438dab550d99fed9d904a6d1db2d51f6a56875c4d89f"

verified_at = "2026-09-04T21:29:32Z"
verified_by = "assurance-owner"
[relations]
verifies_work_order = ["WO-DOC-014"]
conforms_to = ["VER-DST-024"]

[[lifecycle_events]]
from = "ready"
to = "verified"
decided_at = "2026-09-04T21:29:32Z"
decided_by = "assurance-owner"
reason = "Assurance owner accepted the retained evidence of WO-DOC-014 on 2026-09-04 with 'i verify', as the post-merge repair of the assurance decision that PR #344's merge skipped (issue #347): the technical verification in docs/engineering/harness-distribution/evidence/WO-DOC-014/ matches the reviewed README inputs byte for byte and the hosted checks were green; the record binds commit 109c9f03320baa8d2a9696f5ea891966c8c17429, main after #346, a governance commit later than the merged implementation."
+++

# Verification Record Candidate

This ready record binds retained evidence for `WO-DOC-014` to candidate commit `109c9f03320baa8d2a9696f5ea891966c8c17429`. An accountable assurance owner must review the evidence and transition the record to `verified`; this command did not approve, commit, tag, release, or publish anything.

The record is intentionally created after the candidate commit it names, avoiding self-referential commit metadata.

edf831557024da0726c01b6ad925e0ee5cc8766b blob 1272
+++
id = "VREC-DST-003"
type = "verification_record"
title = "Verification candidate for WO-DST-003"
status = "verified"
owners = ["quality-owner"]
created = "2026-08-11"
updated = "2026-08-11"
commit = "968c225eb16d887c5be5a297e12482cd2b1fde5f"
git_object_format = "sha1"
worktree_state = "clean"
verified_at = "2026-08-11T08:44:45Z"
artifact_snapshot_sha256 = "ad3ccc56d1dbb7141da6f814e862f31b3dedee2bb21d4a6f718e0ac2d4d95fd1"
evidence_paths = ["docs/engineering/harness-distribution/evidence/WO-DST-003-verification.md"]

[relations]
verifies_work_order = ["WO-DST-003"]
conforms_to = ["VER-DST-002"]
+++

# Verification Record Candidate

This verified record binds retained evidence to candidate commit `968c225eb16d887c5be5a297e12482cd2b1fde5f`. The capture command originally prepared it as `ready` and did not approve, commit, tag, release, or publish anything.

The record is intentionally created after the candidate commit it names, avoiding self-referential commit metadata.

The accountable repository owner reviewed the retained evidence and explicitly instructed `transition to verified` on 2026-08-11. That human decision, authorized and recorded by `WO-REV-003`, transitioned this record from `ready` to `verified`; automation did not grant the authority.

a444733ddd5414c8390ba435bb52ed4fbbb9ff4b blob 1414
+++
id = "VREC-DST-004"
type = "verification_record"
title = "Verification candidate for WO-DST-004"
status = "verified"
owners = ["quality-owner"]
created = "2026-08-11"
updated = "2026-08-11"
commit = "fd0a6af2bcbe95ddac2440d101640c4053a83e12"
git_object_format = "sha1"
worktree_state = "clean"
verified_at = "2026-08-11T19:49:00Z"
artifact_snapshot_sha256 = "35d40eb60ee747bb16ff8c0bc48db202eaed767dcbc5231b495f258fee75dbe1"
evidence_paths = ["docs/engineering/harness-distribution/evidence/WO-DST-004-verification.md"]

[relations]
verifies_work_order = ["WO-DST-004"]
conforms_to = ["VER-DST-005"]
+++

# Verification Record Candidate

This verified record binds retained evidence for `WO-DST-004` to candidate commit `fd0a6af2bcbe95ddac2440d101640c4053a83e12`. The capture command originally prepared it as `ready` and did not approve, commit, tag, release, or publish anything.

The record is intentionally created after the candidate commit it names, avoiding self-referential commit metadata.

After pull request #26 merged the candidate and ready record with all required checks passing, the accountable repository owner reviewed the retained evidence and explicitly instructed `i merged, then transition and governance commit + PR` on 2026-08-11. That human decision, authorized and recorded by `WO-DST-005`, transitioned this record from `ready` to `verified`; automation did not grant the authority.

d38039fc0b5e826718267cde0aed8c5ad63ceb72 blob 1535
+++
id = "VREC-DST-005"
type = "verification_record"
title = "Verification candidate for 2 work orders"
status = "verified"
owners = ["quality-owner"]
created = "2026-08-12"
updated = "2026-08-12"
commit = "755785bb5be296b6920bf68b7398260454cd200b"
git_object_format = "sha1"
worktree_state = "clean"
verified_at = "2026-08-12T21:00:58Z"
artifact_snapshot_sha256 = "da1d193a5d23b9af7315a47d4ec3dce4afa490445a6abce821d3dfa3d3a7fede"
evidence_paths = ["docs/engineering/harness-distribution/evidence/WO-DOC-007-verification.md", "docs/engineering/harness-distribution/evidence/WO-DOC-008-verification.md"]

[relations]
verifies_work_order = ["WO-DOC-007", "WO-DOC-008"]
conforms_to = ["VER-DST-006", "VER-DST-007"]
+++

# Verification Record Candidate

This verified record binds retained evidence for `WO-DOC-007`, `WO-DOC-008` to candidate commit `755785bb5be296b6920bf68b7398260454cd200b`. The capture command originally prepared it as `ready` and did not approve, commit, tag, release, or publish anything.

The record is intentionally created after the candidate commit it names, avoiding self-referential commit metadata.

After pull request 32 passed its released-governor, candidate-source, and candidate-package checks, the accountable repository owner reviewed the ready record and retained evidence and explicitly instructed `verification record approved` on 2026-08-12. That human decision, authorized and recorded by `WO-DST-006`, transitioned this record from `ready` to `verified`; automation did not grant the authority.

3ebe3a3661eed5c473c9f90d9dc9cce9043a859b blob 1633
+++
id = "VREC-DST-006"
type = "verification_record"
title = "Verification candidate for WO-DOC-009"
status = "superseded"
owners = ["quality-owner"]
created = "2026-08-13"
updated = "2026-08-16"
commit = "1e3790f746e0a8fa75a00ab6b0db371a39a63675"
git_object_format = "sha1"
worktree_state = "clean"
verified_at = "2026-08-13T08:18:03Z"
artifact_snapshot_sha256 = "4a85706cbdf3d57f0d1556d55a1b5bb3b6f09a5eb9a85c62a32ce2ef961906cd"
evidence_paths = ["docs/engineering/harness-distribution/evidence/WO-DOC-009-verification.md"]
superseded_at = "2026-08-16T06:27:28Z"
supersession_authorized_by = "repository-owner"

[relations]
verifies_work_order = ["WO-DOC-009"]
conforms_to = ["VER-DST-006"]
superseded_by = ["VREC-SEH-005"]
+++

# Superseded Verification Record

This historical record remains bound to candidate commit `1e3790f746e0a8fa75a00ab6b0db371a39a63675` and its retained evidence for `WO-DOC-009`. Verified aggregate `VREC-SEH-005` covers that work on the later release candidate. On 2026-08-16, the accountable repository owner explicitly instructed that `VREC-DST-006` be superseded by `VREC-SEH-005`; `WO-VSP-003` records the bounded governance decision, and automation only validates and presents it.

The record is retained rather than deleted or falsely verified. Its candidate, object format, clean-worktree state, capture timestamp, artifact snapshot, evidence path, original work-order relation, and original verification-contract relation remain unchanged. `superseded_by` identifies the single authoritative successor; this record is terminal and no longer contributes active verification or release readiness.

3db7b2c9a2df379d6d77690938b65d8e11cdb311 blob 1589
+++
id = "VREC-DST-007"
type = "verification_record"
title = "Verification candidate for WO-DST-007"
status = "superseded"
owners = ["quality-owner"]
created = "2026-08-13"
updated = "2026-08-13"
commit = "52e713a9b041a0c8355f2ad8ad8f71c7dd65d1f2"
git_object_format = "sha1"
worktree_state = "clean"
verified_at = "2026-08-13T17:18:24Z"
artifact_snapshot_sha256 = "29b74a990c8dc8d732648efac45ee11304557b67ebc3f56722a028379ebf9a7d"
evidence_paths = ["docs/engineering/harness-distribution/evidence/WO-DST-007-verification.md"]
superseded_at = "2026-08-13T17:51:56Z"
supersession_authorized_by = "repository-owner"

[relations]
verifies_work_order = ["WO-DST-007"]
conforms_to = ["VER-DST-008"]
superseded_by = ["VREC-DST-008"]
+++

# Superseded Verification Record

This historical record remains bound to candidate commit `52e713a9b041a0c8355f2ad8ad8f71c7dd65d1f2` and its retained evidence for `WO-DST-007`. After verified `VREC-DST-008` covered that work on the later aggregate candidate, the accountable repository owner explicitly authorized supersession on 2026-08-13. `WO-VSP-002` records the separate governance decision; automation only validates and presents it.

The record is retained rather than deleted or falsely verified. Its candidate, object format, clean worktree state, capture timestamp, artifact snapshot, evidence path, original work-order relation, and original verification-contract relation remain unchanged. `superseded_by` identifies the single authoritative successor; this record is terminal and no longer contributes active verification or release readiness.

a4785006e600b2bc21408aeb4a63a4abc6a898ea blob 1608
+++
id = "VREC-DST-008"
type = "verification_record"
title = "Verification candidate for 2 work orders"
status = "verified"
owners = ["quality-owner"]
created = "2026-08-13"
updated = "2026-08-13"
commit = "e5ac607f485b33b8e5e45c8198d52d5bc16f1081"
git_object_format = "sha1"
worktree_state = "clean"
verified_at = "2026-08-13T17:34:08Z"
artifact_snapshot_sha256 = "60bb4a1bd4d181439bb76dffe7043b9e19ee5dc6dc05d267beb1bfbeb14a6920"
evidence_paths = ["docs/engineering/harness-distribution/evidence/WO-DOC-011-verification.md", "docs/engineering/harness-distribution/evidence/WO-DST-007-verification.md"]

[relations]
verifies_work_order = ["WO-DOC-011", "WO-DST-007"]
conforms_to = ["VER-DST-006", "VER-DST-008"]
+++

# Verified Verification Record

This record binds retained evidence for `WO-DOC-011`, `WO-DST-007` to candidate commit `e5ac607f485b33b8e5e45c8198d52d5bc16f1081`. After reviewing the ready record, retained evidence, and successful PR 35 checks, the accountable repository owner explicitly instructed `i validate VREC-DST-008` on 2026-08-13. After the ready record was retained unchanged in governance commit `53d0fc9`, the owner authorized the separate transition commit. `WO-DST-008` records that human assurance decision; automation only records it and does not grant release authority.

The record was intentionally created after the candidate commit it names, avoiding self-referential commit metadata. Its captured candidate, object format, clean worktree state, timestamp, artifact snapshot, evidence paths, work orders, and verification contracts remain unchanged by the transition.

e91582a00c625f709c4fba9def490ab018263cf0 blob 1433
+++
id = "VREC-DST-009"
type = "verification_record"
title = "Verification candidate for WO-DST-009"
status = "verified"
owners = ["quality-owner"]
created = "2026-08-15"
updated = "2026-08-15"
commit = "eed2a72f156f07c06e6f0dfff934dbe188fb0e3d"
git_object_format = "sha1"
worktree_state = "clean"
verified_at = "2026-08-15T07:43:41Z"
artifact_snapshot_sha256 = "d8c816e3da7996b83bedba67bd2160a0e87c48ced4326aa660ba9ca83d7bb67a"
evidence_paths = ["docs/engineering/harness-distribution/evidence/WO-DST-009-verification.md"]

[relations]
verifies_work_order = ["WO-DST-009"]
conforms_to = ["VER-DST-008"]
+++

# Verified Verification Record

This record binds retained evidence for `WO-DST-009` to candidate commit `eed2a72f156f07c06e6f0dfff934dbe188fb0e3d`. After reviewing the ready record and retained evidence, the accountable repository owner explicitly instructed `i validate VREC-DST-009` on 2026-08-15. After the ready record was retained unchanged in governance commit `70942c6`, the owner authorized this separate transition commit. Automation only records that human assurance decision and does not grant release authority.

The record was intentionally created after the candidate commit it names, avoiding self-referential commit metadata. Its captured candidate, object format, clean worktree state, timestamp, artifact snapshot, evidence paths, work order, and verification contract remain unchanged by the transition.

f7da02b137e8d14b238775762cd78dac39cf8d26 blob 1447
+++
id = "VREC-DST-010"
type = "verification_record"
title = "Verification candidate for WO-DST-011"
status = "verified"
owners = ["quality-owner"]
created = "2026-08-16"
updated = "2026-08-16"
commit = "c9a99f5f9ee62fb277f9a3e78589462c49e30ee7"
git_object_format = "sha1"
worktree_state = "clean"
verified_at = "2026-08-16T18:12:45Z"
artifact_snapshot_sha256 = "95a02c1c9743bbd08405b92c0e7fabbe0e8aeb851f876e333d836eb74e487211"
evidence_paths = ["docs/engineering/harness-distribution/evidence/WO-DST-011-verification.md"]

[relations]
verifies_work_order = ["WO-DST-011"]
conforms_to = ["VER-DST-010"]
+++

# Verified Verification Record

This record binds retained evidence for `WO-DST-011` to candidate commit `c9a99f5f9ee62fb277f9a3e78589462c49e30ee7`. After reviewing the ready record, retained evidence, and successful PR 62 checks, the accountable repository owner explicitly instructed `i validate you can transition and pull, i will merge then` on 2026-08-16. The ready record was retained unchanged in governance commit `2fac212`; this later transition records that human assurance decision. Automation does not grant release authority.

The record was intentionally created after the candidate commit it names, avoiding self-referential commit metadata. Its captured candidate, object format, clean worktree state, timestamp, artifact snapshot, evidence paths, work order, and verification contract remain unchanged by the transition.

430f8d7d2d73126133baa31963922c4db946b43c blob 1530
+++
id = "VREC-DST-011"
type = "verification_record"
title = "Verification candidate for 2 work orders"
status = "verified"
owners = ["quality-owner"]
created = "2026-08-16"
updated = "2026-08-16"
commit = "d5b8d0e369f339923700445d68d084888b560657"
git_object_format = "sha1"
worktree_state = "clean"
verified_at = "2026-08-16T20:03:32Z"
artifact_snapshot_sha256 = "8039ed5246ade95e9c7990cc4c4b79fc879a99fa733a5c859a334050e9ad5472"
evidence_paths = ["docs/engineering/harness-distribution/evidence/WO-DST-012-verification.md", "docs/engineering/harness-distribution/evidence/WO-DST-013-verification.md"]

[relations]
verifies_work_order = ["WO-DST-012", "WO-DST-013"]
conforms_to = ["VER-DST-011", "VER-DST-012"]
+++

# Verified Verification Record

This record binds retained evidence for `WO-DST-012` and `WO-DST-013` to candidate commit `d5b8d0e369f339923700445d68d084888b560657`. After reviewing the ready verification record, retained evidence, and successful PR 63 checks, the accountable repository owner explicitly instructed `i validate the verification record, you can transition, commit and push, i will then merge all PR` on 2026-08-17. This transition records that human assurance decision; automation does not grant release authority.

The ready record was retained unchanged in governance commit `9622222`. Its candidate commit, Git object format, clean worktree state, capture timestamp, artifact snapshot, evidence paths, work-order coverage, and verification contracts remain unchanged by this later transition.

8f3dc97290fc9204c4c192b7e512cc9b3a35ba78 blob 1420
+++
id = "VREC-DST-012"
type = "verification_record"
title = "Verification candidate for 2 work orders"
status = "verified"
owners = ["quality-owner"]
created = "2026-08-17"
updated = "2026-08-17"
commit = "0d722d29fd3ffbdecd6672e1dc36b6ecdd84353d"
git_object_format = "sha1"
worktree_state = "clean"
verified_at = "2026-08-17T12:55:37Z"
artifact_snapshot_sha256 = "27763adebdc44ea0af50fc495a15bd548b56d0d6d10339cd0b6e11539b15e274"
evidence_paths = ["docs/engineering/harness-distribution/evidence/WO-DST-014-verification.md", "docs/engineering/harness-distribution/evidence/WO-DST-015-verification.md"]

[relations]
verifies_work_order = ["WO-DST-014", "WO-DST-015"]
conforms_to = ["VER-DST-013", "VER-DST-014"]
+++

# Verified Verification Record

This record binds retained evidence for `WO-DST-014` and `WO-DST-015` to candidate commit `0d722d29fd3ffbdecd6672e1dc36b6ecdd84353d`. After reviewing the ready verification record and retained evidence, the accountable repository owner explicitly instructed `i validate it` on 2026-08-17. This transition records that human assurance decision; automation does not grant release authority.

The ready record was retained unchanged in governance commit `2059751`. Its candidate commit, Git object format, clean worktree state, capture timestamp, artifact snapshot, evidence paths, work-order coverage, and verification contracts remain unchanged by this later transition.

a86d6db77aed8826f7b9bef932e84df833e8ea39 blob 1351
+++
id = "VREC-DST-013"
type = "verification_record"
title = "Verification candidate for WO-DST-016"
status = "verified"
owners = ["quality-owner"]
created = "2026-08-17"
updated = "2026-08-17"
commit = "79df73603533661dc60cfaf5de74620c2fb23c9b"
git_object_format = "sha1"
worktree_state = "clean"
verified_at = "2026-08-17T16:22:16Z"
artifact_snapshot_sha256 = "ca182af681f38a623e753d4e8a9185df0866298f9731a3e911252642f6774fd8"
evidence_paths = ["docs/engineering/harness-distribution/evidence/WO-DST-016-verification.md"]

[relations]
verifies_work_order = ["WO-DST-016"]
conforms_to = ["VER-DST-015"]
+++

# Verified Verification Record

This record binds retained evidence for `WO-DST-016` to candidate commit `79df73603533661dc60cfaf5de74620c2fb23c9b`. After reviewing the ready verification record and retained evidence, the accountable repository owner explicitly instructed `i validate the verification record, you can transition it and commit it` on 2026-08-17. This transition records that human assurance decision; automation does not grant release authority.

The ready record was retained unchanged in governance commit `a2f15e4`. Its candidate commit, Git object format, clean worktree state, capture timestamp, artifact snapshot, evidence paths, work-order coverage, and verification contract remain unchanged by this later transition.

3f46249fd39a5fe924936d132cd3b78ed77c5d11 blob 3485
+++
id = "VREC-DST-014"
type = "verification_record"
title = "Verification candidate for WO-DST-017"
status = "verified"
owners = ["quality-owner"]
created = "2026-08-18"
updated = "2026-08-18"
commit = "d397e58ac9a02356a085be11b960298579faebed"
git_object_format = "sha1"
worktree_state = "clean"
verified_at = "2026-08-18T08:07:39Z"
artifact_snapshot_sha256 = "5a1309599d1ce24b6f58cdb763ffec8292cea4298507bb389862ccf69f3e9050"
evidence_paths = ["docs/engineering/harness-distribution/evidence/WO-DST-017-verification.md"]

[relations]
verifies_work_order = ["WO-DST-017"]
conforms_to = ["VER-DST-016"]
+++

# Verified Verification Record

After reviewing the ready verification record, retained evidence, and exact-candidate qualification, the accountable repository owner explicitly instructed `i validate the verification record, you can transition and commit, then I will merge` on 2026-08-18. That human assurance decision transitions this record from `ready` to `verified`; automation did not supply the decision or grant merge or release authority.

The ready record was retained in governance commit `730e4e508488063e6f06558725b520beff289d05`. It binds retained evidence for `WO-DST-017` to candidate commit `d397e58ac9a02356a085be11b960298579faebed`. The captured candidate commit, Git object format, clean-worktree state, capture timestamp, artifact snapshot, evidence path, work-order coverage, and verification-contract coverage remain unchanged by this later transition.

The record is intentionally created after the candidate commit it names, avoiding self-referential commit metadata.

## Exact candidate qualification presented for assurance review

- Candidate commit: `d397e58ac9a02356a085be11b960298579faebed`
- Candidate tree: `ebd19645117c7ff356feb86d70a7bc84704e1e53`
- Git object format: `sha1`
- Captured artifact snapshot SHA-256: `5a1309599d1ce24b6f58cdb763ffec8292cea4298507bb389862ccf69f3e9050`
- Complete clean-candidate suite: 232 tests passed in 70.855 seconds; 3 conditional tests skipped.
- Formal validation: 451 artifacts, zero errors, and 44 existing maintenance warnings; structure, governance, and policy planes remained at E0/W0.
- Candidate-source doctor and review preflight for `WO-DST-017` passed.
- Two clean-candidate Explorer runs each emitted 538 files for 451 artifacts and 1,660 relations. Their manifest SHA-256 matched at `2e9a147a1a4a41fdb931e13b2c61c2a741a37cecb1d2d12602cb46ed9c9be6a6`, and rendered HTML matched at `0d790535f62f869454248549a8af3e5b8244e2e2e4774f7232e68e3ab8a52dd6`. Only the observational `generation-summary.json` differed by time, duration, and output path.
- The active and canonical Explorer templates are byte-identical, and their schema-2 managed digest is `bc1af59acb409fd6960bbc6ca3cf1585d70d419a7a92933602304c8e6163b1d3`.
- Browser review covered wide, medium, and narrow layouts, Overview/Lineage/Readiness navigation, search/clear, authority labeling, and a forced optional-CDN failure. The retained evidence records the scoped State Lens correction and physical-keyboard/assistive-technology residual uncertainty.

## Authority boundary

The accountable human decision recorded above verifies this record. The owner stated that they will merge PR #68; this transition and commit do not merge it. They also do not prepare or authorize a release, tag, publication, deployment, or governor promotion. Hosted pull-request checks remain additional evidence and did not supply the verification authority.

3f0ca5546d9751386eea108508ed374c90fae9f3 blob 1963
+++
id = "VREC-DST-015"
type = "verification_record"
title = "Verification candidate for WO-DST-018"
status = "verified"
owners = ["quality-owner"]
created = "2026-08-19"
updated = "2026-08-19"
commit = "eddd13f8e5ea46b6a39d0f6698c8e702bbe7b18d"
git_object_format = "sha1"
worktree_state = "clean"
verified_at = "2026-08-19T11:06:36Z"
artifact_snapshot_sha256 = "3b2ed7d0fcbffe67a0923fdc1000e28201eec421287a82fb906be30f1477c3fe"
evidence_paths = ["docs/engineering/harness-distribution/evidence/WO-DST-018-verification.md"]

[relations]
verifies_work_order = ["WO-DST-018"]
conforms_to = ["VER-DST-017"]
+++

# Verified Verification Record

After reviewing the ready verification record, retained evidence, and exact-candidate qualification, the accountable repository owner explicitly instructed `i validate, you can transition verification record and push it` on 2026-08-19. That human assurance decision transitions this record from `ready` to `verified`; automation did not supply the decision or grant merge or release authority.

The ready record was retained in governance commit `129f9b8e2a66771c9f9b322eac0aa5f4a467d37f`. It binds retained evidence for `WO-DST-018` to candidate commit `eddd13f8e5ea46b6a39d0f6698c8e702bbe7b18d`. The captured candidate commit, Git object format, clean-worktree state, capture timestamp, artifact snapshot, evidence path, work-order coverage, and verification-contract coverage remain unchanged by this later transition.

The record is intentionally created after the candidate commit it names, avoiding self-referential commit metadata.

## Authority boundary

The accountable human decision recorded above verifies this record and authorizes committing and pushing the transition to PR #78. It does not authorize merging the pull request or preparing, tagging, releasing, publishing, deploying, or promoting software. Hosted pull-request checks remain additional evidence and did not supply the verification authority.

c9f0a7a1db2d6e9fe33a9b5a3b64e97c4ade1f0c blob 2049
+++
id = "VREC-DST-016"
type = "verification_record"
title = "Verification candidate for WO-DST-019"
status = "verified"
owners = ["quality-owner"]
created = "2026-08-20"
updated = "2026-08-20"
commit = "d99546b6e10f2fcd5aa485f7a4eee6bc45f379fc"
git_object_format = "sha1"
worktree_state = "clean"
verified_at = "2026-08-20T12:55:40Z"
artifact_snapshot_sha256 = "87e24e445e7217050c1ae7a684dbefc55974aaafbbcbdc0b866f7e387ff492c6"
evidence_paths = ["docs/engineering/harness-distribution/evidence/WO-DST-019-verification.md"]

[relations]
verifies_work_order = ["WO-DST-019"]
conforms_to = ["VER-DST-019"]
+++

# Verified Verification Record

After reviewing the ready verification record, retained evidence, exact-candidate qualification, and successful hosted checks for PR #83, the accountable repository owner explicitly instructed `i validate the verification record, you can transition it, commit and push to a separate PR` on 2026-08-20. That human assurance decision transitions this record from `ready` to `verified`; automation did not supply the decision or grant merge or release authority.

The ready record was retained in governance commit `9d1f6026dcf99d9d898dad19c8b3d511300a5b21`. It binds retained evidence for `WO-DST-019` to candidate commit `d99546b6e10f2fcd5aa485f7a4eee6bc45f379fc`. The captured candidate commit, Git object format, clean-worktree state, capture timestamp, artifact snapshot, evidence path, work-order coverage, and verification-contract coverage remain unchanged by this later transition.

The record is intentionally created after the candidate commit it names, avoiding self-referential commit metadata.

## Authority boundary

The accountable human decision recorded above verifies this record and authorizes committing and pushing the transition to a separate pull request. It does not authorize merging either pull request or preparing, tagging, releasing, publishing, deploying, or promoting software. Hosted pull-request checks remain additional evidence and did not supply the verification authority.

589fd2802b8aca4dd133e7d89728924cc0316c84 blob 2073
+++
id = "VREC-DST-017"
type = "verification_record"
title = "Verification candidate for WO-DST-020"
status = "verified"
owners = ["assurance-owner"]
created = "2026-08-20"
updated = "2026-08-20"
commit = "ed323db67cde64db9f11d3902a95e11b70434318"
git_object_format = "sha1"
worktree_state = "clean"
verified_at = "2026-08-20T17:42:12Z"
artifact_snapshot_sha256 = "fb8c6402395de155c76c2c4e7efe7b0f5cf7a657de5cc88043e26bea019f2a5f"
evidence_paths = ["docs/engineering/harness-distribution/evidence/WO-DST-020-verification.md"]

[relations]
verifies_work_order = ["WO-DST-020"]
conforms_to = ["VER-DST-020"]
+++

# Verified Verification Record

After reviewing the ready verification record, retained evidence, exact-candidate qualification, and successful hosted checks for PR #88, the accountable repository owner explicitly instructed `i validate the verification record, you can transition it and push it` on 2026-08-20. That human assurance decision transitions this record from `ready` to `verified`; automation did not supply the decision or grant merge or release authority.

The ready record was retained in governance commit `7aa1352b77d1b93db0b17a42b19135c1c742473b`. It binds retained evidence for `WO-DST-020` to candidate commit `ed323db67cde64db9f11d3902a95e11b70434318`. The captured candidate commit, Git object format, clean-worktree state, capture timestamp, artifact snapshot, evidence path, work-order coverage, and verification-contract coverage remain unchanged by this later transition.

The record is intentionally created after the candidate commit it names, avoiding self-referential commit metadata.

## Authority boundary

The accountable human decision recorded above verifies this record and authorizes committing and pushing the transition to PR #88. It does not authorize marking the pull request ready, merging it, changing the RCV or 0.5.1 release artifacts, or preparing, tagging, releasing, publishing, deploying, or promoting software. Hosted pull-request checks remain additional evidence and did not supply the verification authority.

7a60dc9b74e954cca90db6e41e396e789b06387b blob 6323
+++
id = "VREC-DST-018"
type = "verification_record"
title = "Verification candidate for WO-DST-021"
status = "verified"
owners = ["quality-owner"]
created = "2026-08-21"
updated = "2026-08-21"
commit = "01d535176dbcf60376ef420d910635e86c18c80c"
git_object_format = "sha1"
worktree_state = "clean"
verified_at = "2026-08-21T17:05:15Z"
artifact_snapshot_sha256 = "de080884cf2d4e666e6099a9b1d741f7e0a49ba2a5d6a8ecbee37a189162c89a"
evidence_paths = ["docs/engineering/harness-distribution/evidence/WO-DST-021-verification.md", "docs/engineering/instruction-architecture/evidence/WO-DST-021-verification.md"]

[relations]
verifies_work_order = ["WO-DST-021"]
conforms_to = ["VER-DST-021", "VER-IAR-013"]
+++

# Verified Verification Record

## Verification decision

After reviewing both prepared records on 2026-08-21, the accountable owner, who holds the assurance role in this repository, explicitly instructed `i validate both, they can be transitioned, commited and pushed (both)`. That human assurance decision transitions this record from `ready` to `verified` for both of its verification contracts; automation did not supply the decision and did not grant merge, release, or publication authority.

The ready record was retained in governance commit `1acb666c195179269f1dafb9a1d2660cd7929248`. Only `status` moved. The captured candidate commit, Git object format, clean-worktree state, capture timestamp, artifact snapshot, both evidence paths, work-order coverage, and verification-contract coverage are unchanged. `owners` is also unchanged and carries the packaged template default `quality-owner`, which 56 of the 58 pre-existing records use; the most recent record `VREC-DST-017` adopted the `assurance-owner` spelling that `DECISION_RIGHTS.md` names, and reconciling that difference is not part of this transition.

`harnessctl transition . --set VREC-DST-018=verified --decision VREC-DST-018=quality-owner` planned the transition successfully but refused to apply it:

```text
[WEX201] mutation guard MG002 (transition-apply): ordinary mutation requires a
         schema-3 evaluator identity; use a separately governed upgrade
```

This repository is installed at `schema_version = 2` and a schema upgrade is a separately governed decision, so the single `status` field was edited directly. The refusal is recorded rather than worked around.

The candidate prose below is preserved as written rather than corrected in place. One sentence in it is now satisfied instead of pending: the requirement that an accountable assurance owner review the evidence and transition the record. Its second clause stays accurate — `capture-verification` itself approved, committed, tagged, released, and published nothing.

`VREC-IAR-008`, which binds this candidate's parent commit for `WO-IAR-012`, was verified under the same decision.

## Authority boundary

The decision recorded above verifies this record and authorizes committing and pushing the transition to pull request #98. It does not authorize merging that pull request or pull request #97, retargeting #98 onto `main`, advancing `VER-DST-021` or `VER-IAR-013` beyond `approved`, or preparing, tagging, releasing, publishing, or deploying software. Hosted pull-request checks remain additional evidence and did not supply the verification authority.

Verification of this record does not resolve the eleven active artifacts recorded under "Residue outside the authorized envelope" in the retained evidence. They still describe the withdrawn obligation in lowercase prose, remain outside this work order's authorized envelope, and need a follow-on governance packet with its own approval; `REQ-IAR-006` is the strongest supersession candidate among them.

`WO-DST-021` stays `implemented`. Managed `WORKFLOW.md` uses work-order status `verified` only where configured provenance requires it, and the precedent in this repository is `WO-DST-020` at `implemented` under the verified `VREC-DST-017`.

## Prepared candidate

This ready record binds retained evidence for `WO-DST-021` to candidate commit `01d535176dbcf60376ef420d910635e86c18c80c`. An accountable assurance owner must review the evidence and transition the record to `verified`; this command did not approve, commit, tag, release, or publish anything.

The record is intentionally created after the candidate commit it names, avoiding self-referential commit metadata.

## Coverage

`WO-DST-021` declares two verification contracts and this single record carries both, matching the work order's `verification = ["VER-DST-021", "VER-IAR-013"]`. `VER-DST-021` verifies `REQ-DST-065` under `harness-distribution` and `VER-IAR-013` verifies `REQ-IAR-021` under `instruction-architecture`, so the two evidence paths are both keyed to this one work order rather than to an aggregate of several.

Candidate commit `01d535176dbcf60376ef420d910635e86c18c80c` has `38cb2270b4cc874504c2d50a8449a00d2e9e737e` as its parent, which is the separate candidate of `WO-IAR-012` bound by `VREC-IAR-008`. The two work orders were implemented in the same working tree and split into one commit each so every changed path stays inside its own declared `[execution_scope]`; neither record covers the other's work.

## Reproducing the snapshot digest

`artifact_snapshot_sha256` is the SHA-256 of `target/harness-dashboard/dashboard-manifest.json` as generated by the packaged managed generator of released `se-harness==0.5.0` executed from outside this checkout. Two properties of that figure are stated so an independent re-measurement is possible rather than merely plausible:

- The digest was taken before this file existed. `capture-verification` generates the manifest and then writes the record, so re-running the generator with the record present yields a different digest that is not this record's declared value.
- The manifest binds `repository.name`, which is the checkout's leaf directory name — here `se_harness_agentsmd_20260821_110237_1685`. Re-measurement therefore requires a checkout of `01d535176dbcf60376ef420d910635e86c18c80c` in a directory of that name, with the record absent. The manifest recorded 708 resources and `repository.valid = true`.

The candidate commit carries both of this record's evidence files, so the evidence is inside the bound revision rather than added by a later commit.

83cf4816cb097db087616e50e1bbc4cbfe09f3c0 blob 2684
+++
id = "VREC-DST-019"
type = "verification_record"
title = "Verification candidate for WO-DST-022"
status = "verified"
owners = ["assurance-owner"]
created = "2026-08-29"
updated = "2026-08-29"
commit = "0eaf13e0e8c44347069f8c38ec41cc3216d6d96e"
git_object_format = "sha1"
worktree_state = "clean"
prepared_at = "2026-08-29T18:43:47Z"
prepared_by = "assurance-owner"
artifact_snapshot_sha256 = "16e0fdddc33d770bd324dffcee5af473f5830c1983370752d887e9dd49a0fd20"
evidence_paths = ["docs/engineering/harness-distribution/evidence/WO-DST-022/WO-DST-022-handoff.md", "docs/engineering/harness-distribution/evidence/WO-DST-022/handoff.json"]
evaluator_evidence_path = "docs/engineering/harness-distribution/evidence/VREC-DST-019-evaluator.json"
evaluator_evidence_sha256 = "52678c799ac17cfa9a568da240a9ba2596ca17a124cf73bdcd8a67059474f211"

verified_at = "2026-08-29T18:51:11Z"
verified_by = "assurance-owner"
[relations]
verifies_work_order = ["WO-DST-022"]
conforms_to = ["VER-DST-022"]

[[lifecycle_events]]
from = "ready"
to = "verified"
decided_at = "2026-08-29T18:51:11Z"
decided_by = "assurance-owner"
reason = "Verified by the accountable assurance owner on 2026-08-29, deciding under DR-VREC-DECIDE by selecting the presented Verified option. Re-measured immediately before this transition: bound commit 0eaf13e is an ancestor of the record head 3884b25 with a clean worktree; WO-DST-022 is implemented; the evaluator packet matches its recorded digest 52678c79. The retained evidence shows the leaving-set retirement rules DST-UPR-001 to DST-UPR-008 implemented with the fifteen 0.10.0-to-0.11.0 retired skill paths pinned in six conformance tests, the retained handoff check passing over the Git-derived change set at its fixed point (result 0165cc7f), validate at 0 errors, the released 0.11.0 doctor at 0 FAIL, and the Windows workstation at its one baseline error reproduced on an unmodified control at the same commit. All thirteen lanes of pull request #276 pass at its head b871758; the merge edcef3e's four push-event runs on main read success; all thirteen lanes of pull request #278 pass at the record head 3884b25. VER-DST-022's pass criteria are met. This verifies WO-DST-022 only; it releases and publishes nothing."
+++

# Verification Record Candidate

This ready record binds retained evidence for `WO-DST-022` to candidate commit `0eaf13e0e8c44347069f8c38ec41cc3216d6d96e`. An accountable assurance owner must review the evidence and transition the record to `verified`; this command did not approve, commit, tag, release, or publish anything.

The record is intentionally created after the candidate commit it names, avoiding self-referential commit metadata.

c930feaf64995f0dfb1f52504cbd744e7c8505ef blob 1943
+++
id = "VREC-DST-020"
type = "verification_record"
title = "Verification candidate for WO-DST-023"
status = "verified"
owners = ["assurance-owner"]
created = "2026-09-01"
updated = "2026-09-01"
commit = "5a93794ffa3fcf0b142594c4cf2d79d96893c770"
git_object_format = "sha1"
worktree_state = "clean"
prepared_at = "2026-09-01T21:07:52Z"
prepared_by = "assurance-owner"
artifact_snapshot_sha256 = "062094b2a1a975781eb20c5a0c3966703b49d9cc2e12acff1f0f71e9915ee6f6"
evidence_paths = ["docs/engineering/harness-distribution/evidence/WO-DST-023-verification.md", "docs/engineering/harness-distribution/evidence/WO-DST-023/WO-DST-023-handoff.md", "docs/engineering/harness-distribution/evidence/WO-DST-023/handoff.json"]
evaluator_evidence_path = "docs/engineering/harness-distribution/evidence/VREC-DST-020-evaluator.json"
evaluator_evidence_sha256 = "c5baebb5b7d3c7cc04940aef92872da30321a6bd15d0478309f49ba224a49e0f"

verified_at = "2026-09-01T21:13:07Z"
verified_by = "assurance-owner"
[relations]
verifies_work_order = ["WO-DST-023"]
conforms_to = ["VER-DST-013", "VER-DST-014", "VER-DST-023"]

[[lifecycle_events]]
from = "ready"
to = "verified"
decided_at = "2026-09-01T21:13:07Z"
decided_by = "assurance-owner"
reason = "Verified by the accountable assurance owner on 2026-09-01 by selecting the presented option 'I verify VREC-DST-020': the retained evidence for WO-DST-023 verifies the exact candidate 5a93794ffa3fcf0b142594c4cf2d79d96893c770 under VER-DST-023, VER-DST-013 and VER-DST-014."
+++

# Verification Record Candidate

This ready record binds retained evidence for `WO-DST-023` to candidate commit `5a93794ffa3fcf0b142594c4cf2d79d96893c770`. An accountable assurance owner must review the evidence and transition the record to `verified`; this command did not approve, commit, tag, release, or publish anything.

The record is intentionally created after the candidate commit it names, avoiding self-referential commit metadata.

5294f2edbfb46f7a35cdfbf830bba556b271469d blob 2172
+++
id = "VREC-DST-021"
type = "verification_record"
title = "Verification candidate for WO-DST-024"
status = "verified"
owners = ["engineering-owner"]
created = "2026-09-07"
updated = "2026-09-07"
commit = "0a1155c9296bb2a45633042f2b942522918d1047"
git_object_format = "sha1"
worktree_state = "clean"
prepared_at = "2026-09-07T05:19:02Z"
prepared_by = "engineering-owner"
artifact_snapshot_sha256 = "d041c251f8aeff0f7da96c7ebc551b4f3a12fc442e34776fe9d5a7cc3cc83c3a"
evidence_paths = ["docs/engineering/harness-distribution/evidence/WO-DST-024-verification.md", "docs/engineering/harness-distribution/evidence/WO-DST-024/WO-DST-024-handoff.md", "docs/engineering/harness-distribution/evidence/WO-DST-024/handoff.json"]
evaluator_evidence_path = "docs/engineering/harness-distribution/evidence/VREC-DST-021-evaluator.json"
evaluator_evidence_sha256 = "8c10a3ea2956baff8bfa875c658a98aa7db772f924b38557ad05c819a5f88a2d"

verified_at = "2026-09-07T05:20:24Z"
verified_by = "assurance-owner"
[relations]
verifies_work_order = ["WO-DST-024"]
conforms_to = ["VER-DST-025"]

[[lifecycle_events]]
from = "ready"
to = "verified"
decided_at = "2026-09-07T05:20:24Z"
decided_by = "assurance-owner"
reason = "Verified by the accountable assurance owner by selecting the presented option 'Verify VREC-DST-021' after reading the completion result: candidate 0a1155c9 on pull request #365, four hosted lanes green on 0dec844c and the candidate unchanged since except for the implemented transition, released 0.15.0 evaluator readings clean, consumer scenarios A to C passed from a wheel installed outside the checkout, local Windows control 1265 tests with only the known teardown flake. Integration and release remain separate decisions."
+++

# Verification Record Candidate

This ready record binds retained evidence for `WO-DST-024` to candidate commit `0a1155c9296bb2a45633042f2b942522918d1047`. An accountable assurance owner must review the evidence and transition the record to `verified`; this command did not approve, commit, tag, release, or publish anything.

The record is intentionally created after the candidate commit it names, avoiding self-referential commit metadata.

eb1427c61909c666537eb8970419c4879543d9fd blob 3318
+++
id = "VREC-DST-022"
type = "verification_record"
title = "Verification candidate for WO-DST-025"
status = "verified"
owners = ["engineering-owner"]
created = "2026-09-07"
updated = "2026-09-07"
commit = "8bf3e4c7bcc8071deaf54561aec9a475b4b1114d"
git_object_format = "sha1"
worktree_state = "clean"
prepared_at = "2026-09-07T19:23:12Z"
prepared_by = "engineering-owner"
artifact_snapshot_sha256 = "7a26fb68ce623232eac4cf8ab74189cae3cd9306f537b5f38e947e87ef4bc33c"
evidence_paths = ["docs/engineering/harness-distribution/evidence/WO-DST-025-verification.md", "docs/engineering/harness-distribution/evidence/WO-DST-025/WO-DST-025-handoff.md", "docs/engineering/harness-distribution/evidence/WO-DST-025/handoff.json"]
evaluator_evidence_path = "docs/engineering/harness-distribution/evidence/VREC-DST-022-evaluator.json"
evaluator_evidence_sha256 = "e2cd0929fd42d0634d3bf23a73408665bac8ae473b98c81439dbffb828bff951"

verified_at = "2026-09-07T19:32:31Z"
verified_by = "assurance-owner"
[relations]
verifies_work_order = ["WO-DST-025"]
conforms_to = ["VER-DST-026"]

[[lifecycle_events]]
from = "ready"
to = "verified"
decided_at = "2026-09-07T19:32:31Z"
decided_by = "assurance-owner"
reason = "Verified by the accountable assurance owner on 2026-09-07 by selecting the presented option 'Verify it (Recommended)'. The record binds candidate 8bf3e4c7 on pull request #373 with a clean worktree, and all four hosted lanes are green on that commit and on the record commit 95ebd0e: SE Harness Candidate Evidence read Ran 1270 tests, OK (skipped=4), which is main's 1265 plus this work order's five with main's own four skips. VER-DST-026 is satisfied in full: the reader inventory names the module that reads each of the five surviving keys and finds no reader for any of the seven removed ones; the two remaining name collisions, an always-called require_clean_worktree function and a derived artifact_root projection, are inspected and recorded; scenarios A to C ran from a candidate wheel installed in a virtual environment outside the checkout, giving a five-key install, an upgrade of a released 0.16.0 repository planned as a safe rewrite that preserved project_name and installed_at, and a refusal on an owner-edited configuration with configuration and lock bytes unchanged; the hosted lane additionally rehearsed the real predecessor-to-successor upgrade twice on Linux and Windows. Released 0.16.0 readings are clean: validate 1358 artifacts, 0 errors, 0 advisories; review preflight PASS; the handoff checkpoint all nine gates. The local Windows control carried only its two known failures, the CRLF owner-region bound and a shutil.rmtree teardown error, both reproducing on main. The root configuration and its lock are byte-identical to main, and DST-CFG-015 carries the root adoption forward. Integration, release and publication remain separate decisions."
+++

# Verification Record Candidate

This ready record binds retained evidence for `WO-DST-025` to candidate commit `8bf3e4c7bcc8071deaf54561aec9a475b4b1114d`. An accountable assurance owner must review the evidence and transition the record to `verified`; this command did not approve, commit, tag, release, or publish anything.

The record is intentionally created after the candidate commit it names, avoiding self-referential commit metadata.

5bc416a0bb2cdfdc444f30355d6806c9f39105dd blob 3748
+++
id = "VREC-DST-023"
type = "verification_record"
title = "Verification candidate for WO-DST-026"
status = "verified"
owners = ["delegated-executor"]
created = "2026-09-08"
updated = "2026-09-09"
commit = "29474750e6137e5c81595b05ee39b4d699ec3ff9"
git_object_format = "sha1"
worktree_state = "clean"
prepared_at = "2026-09-08T22:19:48Z"
prepared_by = "delegated-executor"
artifact_snapshot_sha256 = "7a552ebbcf9b84c29a3edcf39272c767f6c6f2d98f4dc117fd2620eb4e88e8ce"
evidence_paths = ["docs/engineering/harness-distribution/evidence/WO-DST-026-verification.md", "docs/engineering/harness-distribution/evidence/WO-DST-026/WO-DST-026-handoff.md", "docs/engineering/harness-distribution/evidence/WO-DST-026/handoff.json"]
evaluator_evidence_path = "docs/engineering/harness-distribution/evidence/VREC-DST-023-evaluator.json"
evaluator_evidence_sha256 = "e2cd0929fd42d0634d3bf23a73408665bac8ae473b98c81439dbffb828bff951"

verified_at = "2026-09-09T05:21:02Z"
verified_by = "assurance-owner"
[relations]
verifies_work_order = ["WO-DST-026"]
conforms_to = ["VER-DST-027"]

[[lifecycle_events]]
from = "ready"
to = "verified"
decided_at = "2026-09-09T05:21:02Z"
decided_by = "assurance-owner"
reason = "Verified by the assurance owner on 2026-09-09 by selecting the presented option. Re-measured immediately before this transition: bound commit 29474750 is an ancestor of the record head 5131d154 with a clean worktree, WO-DST-026 is implemented, the evaluator packet matches its recorded digest e2cd0929, and the three retained evidence files are tracked. Every VER-DST-027 row passes. Template: neither check appends || true and each captures status and stderr; the embedded readers surface a refusal with its status on an empty result, no traceback, and judge parsed results as before. Header: every step named, doctor and validate absent. Pins: three actions, each a full digest with its exact tag. Markers: init writes the .gitignore block between hash markers that git check-ignore does not read as rules; the upgrade of a fixture initialized by released 0.16.0 plans .gitignore as a fragment update, rewrites only the block with every owner byte identical and doctor passing, and a block edited inside is customized and refused unchanged. Inventory: three names read under se_harness, each in a specification; SPEC-ECP-006 carries the amendment record and the delegation note names the variable. Root: no root managed file and not the lock in the diff. Regression: validate 1,433 artifacts, 0 errors (released 0.16.0), doctor 97 PASS, review preflight PASS, 1,098 tests at the Windows baseline, the hosted suite passing, five of five lanes green at 18af8c09, 29474750 and 5131d154. The eleven tests were reproduced in a scratch worktree at 29474750 and five mutations each fail the test that names them. Disclosed: the inventory reads three names where the rule counted two; status 0 on an empty result fails with 1; the work order's completion sentence against its delegation. This verifies WO-DST-026 only; it releases and publishes nothing, and the merge is a separate decision under DR-DELIVERY-SELECT."
+++

# Verification Record Candidate

This ready record binds retained evidence for `WO-DST-026` to candidate commit `29474750e6137e5c81595b05ee39b4d699ec3ff9`. An accountable assurance owner must review the evidence and transition the record to `verified`; this command did not approve, commit, tag, release, or publish anything. Delegated DR-VREC-PREPARE under [delegation] class 'execution': required check 'validate' success at 29474750e6137e5c81595b05ee39b4d699ec3ff9 (check-run 102258136946, source github-checks).

The record is intentionally created after the candidate commit it names, avoiding self-referential commit metadata.

7de312878758bb24879675f58afab47a7170d94d blob 3714
+++
id = "VREC-DST-024"
type = "verification_record"
title = "Verification candidate for WO-DST-027"
status = "verified"
owners = ["delegated-executor"]
created = "2026-09-10"
updated = "2026-09-10"
commit = "6ec4c851546783389b74907dca77ff25fef9d3bc"
git_object_format = "sha1"
worktree_state = "clean"
prepared_at = "2026-09-10T12:42:04Z"
prepared_by = "delegated-executor"
artifact_snapshot_sha256 = "58a6bb0da16b7c1c79c7fb0ee970277f7cc9d6ebc729049e7a47d1bbab732040"
evidence_paths = ["docs/engineering/harness-distribution/evidence/WO-DST-027-verification.md", "docs/engineering/harness-distribution/evidence/WO-DST-027/WO-DST-027-handoff.md", "docs/engineering/harness-distribution/evidence/WO-DST-027/handoff.json"]
evaluator_evidence_path = "docs/engineering/harness-distribution/evidence/VREC-DST-024-evaluator.json"
evaluator_evidence_sha256 = "44d4b74d9febe03a0828dfeee8cd8322fd02db74ff866d7191440e17164e7abb"

verified_at = "2026-09-10T12:52:08Z"
verified_by = "assurance-owner"
[relations]
verifies_work_order = ["WO-DST-027"]
conforms_to = ["VER-DST-028"]

[[lifecycle_events]]
from = "ready"
to = "verified"
decided_at = "2026-09-10T12:52:08Z"
decided_by = "assurance-owner"
reason = "Verified by the assurance owner on 2026-09-10 by selecting the presented option 'Verify both and merge both (Recommended)'. Re-measured immediately before this transition: bound commit 6ec4c851 is an ancestor of the record head 18754f08 with a clean worktree, WO-DST-027 is implemented, the evaluator packet matches its recorded digest 44d4b74d, the three retained evidence files are tracked and every root managed byte is identical to main. Every VER-DST-028 row passes: TRC-008 of the standard template names ARCH.constrains retired and refused with E016 whatever the status, names addresses and conforms_to as the only form and keeps its installation sentence, with compatibility-only and MAY classify absent; the standard work-order template's completion heading names the engineering owner and the delegated-executor under the execution class, and a work order drafted from it carries no sentence giving completion to the engineering owner (scenario B as DraftedWorkOrderTests); the UML note says retired and refused; the parity test strips exactly the two declared changes under the 0.17.0 root; no existing work order changed. Regression: validate 1,485 artifacts and 0 errors under the released 0.17.0 evaluator, doctor 99 PASS, 1,132 tests at the Windows baseline, 17 of 17 lanes green at 8b68d8ab, 6ec4c851 and 18754f08. Delegation: the start, implemented and preparation events name delegated-executor with the class, check-run and sha. Accepted with the disclosures: scenario B runs through the suite's mutation-authority patch because both evaluators refuse a consumer-style create-artifact here; the UML note's third sentence gained 'otherwise'; the parity equality branch is first observed at the root adoption, DST-TPL-009. This verifies WO-DST-027 only; it releases, publishes and adopts nothing, and the merge is a separate decision under DR-DELIVERY-SELECT."
+++

# Verification Record Candidate

This ready record binds retained evidence for `WO-DST-027` to candidate commit `6ec4c851546783389b74907dca77ff25fef9d3bc`. An accountable assurance owner must review the evidence and transition the record to `verified`; this command did not approve, commit, tag, release, or publish anything. Delegated DR-VREC-PREPARE under [delegation] class 'execution': required check 'validate' success at 6ec4c851546783389b74907dca77ff25fef9d3bc (check-run 102872761613, source github-checks).

The record is intentionally created after the candidate commit it names, avoiding self-referential commit metadata.

231dff48673db7e5ed0089db17c0d7f29984a7ef blob 873
{"diagnostics":[],"environment":{"checkout_excluded":true,"entry_point_resolved":true,"isolated_python":true,"pythonpath_present":false,"user_site_enabled":false},"evaluator":{"archive_name":"se_harness-0.6.0-py3-none-any.whl","archive_sha256":"2a952eb6ff4ea137d0904c3c9a6f19c88482bfbaa18a9766e5ad4d4a6fef62f7","payload_manifest":"se-harness-installed-payload-v1","payload_sha256":"c233678548fe742b7a7a5a8bd65de10156ff233edc65b68e2ed0333fbe4dea42","version":"0.6.0"},"origins":{"distribution":"<evaluator-root>/Lib/site-packages","entry_point":"<evaluator-root>/Scripts/harnessctl.exe","module":"<evaluator-root>/Lib/site-packages/se_harness/runtime_identity.py","python_executable":"<evaluator-root>/Scripts/python.exe","templates":"<evaluator-root>/share/se-harness/templates/repository/standard"},"role":"released-evaluator","schema":"se-harness-evaluator-evidence-v1"}

231dff48673db7e5ed0089db17c0d7f29984a7ef blob 873
{"diagnostics":[],"environment":{"checkout_excluded":true,"entry_point_resolved":true,"isolated_python":true,"pythonpath_present":false,"user_site_enabled":false},"evaluator":{"archive_name":"se_harness-0.6.0-py3-none-any.whl","archive_sha256":"2a952eb6ff4ea137d0904c3c9a6f19c88482bfbaa18a9766e5ad4d4a6fef62f7","payload_manifest":"se-harness-installed-payload-v1","payload_sha256":"c233678548fe742b7a7a5a8bd65de10156ff233edc65b68e2ed0333fbe4dea42","version":"0.6.0"},"origins":{"distribution":"<evaluator-root>/Lib/site-packages","entry_point":"<evaluator-root>/Scripts/harnessctl.exe","module":"<evaluator-root>/Lib/site-packages/se_harness/runtime_identity.py","python_executable":"<evaluator-root>/Scripts/python.exe","templates":"<evaluator-root>/share/se-harness/templates/repository/standard"},"role":"released-evaluator","schema":"se-harness-evaluator-evidence-v1"}

231dff48673db7e5ed0089db17c0d7f29984a7ef blob 873
{"diagnostics":[],"environment":{"checkout_excluded":true,"entry_point_resolved":true,"isolated_python":true,"pythonpath_present":false,"user_site_enabled":false},"evaluator":{"archive_name":"se_harness-0.6.0-py3-none-any.whl","archive_sha256":"2a952eb6ff4ea137d0904c3c9a6f19c88482bfbaa18a9766e5ad4d4a6fef62f7","payload_manifest":"se-harness-installed-payload-v1","payload_sha256":"c233678548fe742b7a7a5a8bd65de10156ff233edc65b68e2ed0333fbe4dea42","version":"0.6.0"},"origins":{"distribution":"<evaluator-root>/Lib/site-packages","entry_point":"<evaluator-root>/Scripts/harnessctl.exe","module":"<evaluator-root>/Lib/site-packages/se_harness/runtime_identity.py","python_executable":"<evaluator-root>/Scripts/python.exe","templates":"<evaluator-root>/share/se-harness/templates/repository/standard"},"role":"released-evaluator","schema":"se-harness-evaluator-evidence-v1"}

231dff48673db7e5ed0089db17c0d7f29984a7ef blob 873
{"diagnostics":[],"environment":{"checkout_excluded":true,"entry_point_resolved":true,"isolated_python":true,"pythonpath_present":false,"user_site_enabled":false},"evaluator":{"archive_name":"se_harness-0.6.0-py3-none-any.whl","archive_sha256":"2a952eb6ff4ea137d0904c3c9a6f19c88482bfbaa18a9766e5ad4d4a6fef62f7","payload_manifest":"se-harness-installed-payload-v1","payload_sha256":"c233678548fe742b7a7a5a8bd65de10156ff233edc65b68e2ed0333fbe4dea42","version":"0.6.0"},"origins":{"distribution":"<evaluator-root>/Lib/site-packages","entry_point":"<evaluator-root>/Scripts/harnessctl.exe","module":"<evaluator-root>/Lib/site-packages/se_harness/runtime_identity.py","python_executable":"<evaluator-root>/Scripts/python.exe","templates":"<evaluator-root>/share/se-harness/templates/repository/standard"},"role":"released-evaluator","schema":"se-harness-evaluator-evidence-v1"}

b831168fdf392f726e61822c57ea4d84dd0542e1 blob 786
{"diagnostics":[],"environment":{"checkout_excluded":true,"entry_point_resolved":true,"isolated_python":true,"pythonpath_present":false,"user_site_enabled":false},"evaluator":{"archive_name":null,"archive_sha256":null,"payload_manifest":"se-harness-installed-payload-v1","payload_sha256":"995ee973b2959af3bcbf7f7cc4388f079ad033e7c68509e71feb142b0691451f","version":"0.7.1"},"origins":{"distribution":"<evaluator-root>/lib/python3.12/site-packages","entry_point":"<evaluator-root>/bin/harnessctl","module":"<evaluator-root>/lib/python3.12/site-packages/se_harness/runtime_identity.py","python_executable":"<evaluator-root>/bin/python","templates":"<evaluator-root>/share/se-harness/templates/repository/standard"},"role":"released-evaluator","schema":"se-harness-evaluator-evidence-v1"}

caec005c9d711a7a2d297f7970aa880b2591c4b8 blob 2502
+++
id = "VREC-HBI-001"
type = "verification_record"
title = "Verification candidate for WO-HBI-001"
status = "verified"
owners = ["quality-owner"]
created = "2026-08-24"
updated = "2026-08-24"
commit = "b92b395be484c39794bf7f6a63fe1c17c02bb65a"
git_object_format = "sha1"
worktree_state = "clean"
prepared_at = "2026-08-24T09:43:40Z"
prepared_by = "quality-owner"
artifact_snapshot_sha256 = "e31813daab1a75ba52c997f97adf6d5f1757e4f57fbf32309749e1eabf5f46d5"
evidence_paths = ["docs/engineering/hash-bound-integrity/evidence/WO-HBI-001-verification.md"]
evaluator_evidence_path = "docs/engineering/hash-bound-integrity/evidence/VREC-HBI-001-evaluator.json"
evaluator_evidence_sha256 = "fcfc14471cc373fce07ece222f6c03b2152dad2cf4cd5ae6e04cf147c4171962"

verified_at = "2026-08-24T09:54:57Z"
verified_by = "assurance-owner"
[relations]
verifies_work_order = ["WO-HBI-001"]
conforms_to = ["VER-HBI-001"]

[[lifecycle_events]]
from = "ready"
to = "verified"
decided_at = "2026-08-24T09:54:57Z"
decided_by = "assurance-owner"
+++

# Verification Record

This verified record binds retained evidence for `WO-HBI-001` to candidate
commit `b92b395be484c39794bf7f6a63fe1c17c02bb65a`. The assurance owner accepted
that evidence at `2026-08-24T09:54:57Z`. Verification did not change the work
order or authorize a merge, release, publication, or deployment.

The accepted evidence discloses, rather than resolves, a `+0.09s` and about six
percent `doctor` runtime delta against `VER-HBI-001`'s "no measurable
regression", that these checks do not bind this repository's required CI gate
until a separately authorized governor upgrade, and a forward divergence in
`templates/repository/standard/gitattributes.fragment` for
`governance-migration-protocol`'s declared region. Acceptance covers the
evidence as recorded, including those disclosures.

Before the transition, every bound field was re-measured, because a verified
record can no longer be corrected. The candidate commit is reachable with a
clean worktree; `artifact_snapshot_sha256` regenerates to
`e31813daab1a75ba52c997f97adf6d5f1757e4f57fbf32309749e1eabf5f46d5` from the
managed dashboard generator at that commit; the retained evidence path is
present at the candidate and byte-identical here at
`997e1322d07ce165be2c7d7191e567e90c405c4ae2ecee1ab373885ae3d2238c`; and the
evaluator evidence matches its recorded raw digest exactly.

The record is intentionally created after the candidate commit it names, avoiding self-referential commit metadata.

2a394e0a10870da78ce642a43165d8c3eb1d5186 blob 4193
+++
id = "VREC-HBI-002"
type = "verification_record"
title = "Verification candidate for WO-HBI-002"
status = "verified"
owners = ["quality-owner"]
created = "2026-08-24"
updated = "2026-08-24"
commit = "4e94f7c36fdcf52004fdea69f823723e813a24e3"
git_object_format = "sha1"
worktree_state = "clean"
prepared_at = "2026-08-24T11:37:36Z"
prepared_by = "quality-owner"
artifact_snapshot_sha256 = "920f9d0af255919c4e0d0dd1fdc1caa2fbfeff5a4719c6c82eb741ffdae7d418"
evidence_paths = ["docs/engineering/hash-bound-integrity/evidence/WO-HBI-002-verification.md"]
evaluator_evidence_path = "docs/engineering/hash-bound-integrity/evidence/VREC-HBI-002-evaluator.json"
evaluator_evidence_sha256 = "fcfc14471cc373fce07ece222f6c03b2152dad2cf4cd5ae6e04cf147c4171962"

verified_at = "2026-08-24T11:49:51Z"
verified_by = "assurance-owner"
[relations]
verifies_work_order = ["WO-HBI-002"]
conforms_to = ["VER-HBI-001"]

[[lifecycle_events]]
from = "ready"
to = "verified"
decided_at = "2026-08-24T11:49:51Z"
decided_by = "assurance-owner"
reason = "The assurance owner accepted the retained evidence for WO-HBI-002 on 2026-08-24. Every bound field was re-measured immediately before this transition: candidate commit 4e94f7c is reachable with a clean worktree, the artifact snapshot re-derives to 920f9d0a in a full clone at that commit with a matching directory basename, the bound evidence blob is 14408 bytes at e8b4df47 both at the candidate and here, and the evaluator evidence matches its recorded raw digest over 873 LF-only bytes. Acceptance covers the evidence as recorded, including its disclosures. It authorizes no merge, release, publication or deployment."
+++

# Verification Record

This verified record binds retained evidence for `WO-HBI-002` to candidate commit
`4e94f7c36fdcf52004fdea69f823723e813a24e3`. The assurance owner accepted that
evidence at `2026-08-24T11:49:51Z`. Verification did not change the work order or
authorize a merge, release, publication, or deployment.

The accepted evidence covers the change that makes every hashing caller for a
declared class take its mode from that class, resolves
`.engineering-harness.lock`'s raw-versus-canonical divergence in favour of the
canonical mode, and recognizes `WO-HUP-002`'s digest as a legacy newline variant
and reports it as one rather than rewriting it. Acceptance also covers the
bounded scope amendment the engineering owner granted during implementation,
which added `se_harness/installer.py` for the single key that reports the match.

The evidence discloses, rather than resolves, one pre-existing Windows suite
failure that `WO-HBI-003` repairs and that reproduces unchanged on `main` at
`d07523f`; two locally chosen lock canonicalizations left in out-of-scope
scripts, `scripts/validate_engineering_artifacts.py` and
`scripts/validate_governor_transition.py`, both of which agree with the declared
mode today; the duplication between `LOCK_RELATIVE` and `installer.LOCK_NAME`,
which a test pins; two tests that skip where the historical lock object is
absent, as a depth-1 checkout produces; that measurement was taken on one
Windows workstation; and that these checks do not bind this repository's
required CI gate until a separately authorized governor upgrade. Acceptance
covers the evidence as recorded, including those disclosures.

Before the transition, every bound field was re-measured, because a verified
record can no longer be corrected. The candidate commit is reachable with a
clean worktree; `artifact_snapshot_sha256` re-derives to
`920f9d0af255919c4e0d0dd1fdc1caa2fbfeff5a4719c6c82eb741ffdae7d418` from the
managed dashboard generator in a full clone at that commit with a matching
directory basename, over 720 artifacts with 0 errors; the retained evidence path
is present at the candidate and byte-identical here at
`e8b4df47fc390e701d38e913509d4e8e4e1cda0a3bb9fa0e361ccddc9f667c74`, 14408 bytes;
and the evaluator evidence matches its recorded raw digest exactly over its 873
LF-only bytes, whose archive and payload digests equal the lock's evaluator
identity for public `0.6.0`.

The record is intentionally created after the candidate commit it names, avoiding self-referential commit metadata.

c2e13ac3ee2e0611d8f1bd7ffc37877164573fb3 blob 10003
+++
id = "VREC-HBI-003"
type = "verification_record"
title = "Verification candidate for WO-HBI-003"
status = "verified"
owners = ["quality-owner"]
created = "2026-08-24"
updated = "2026-08-24"
commit = "c8fbaddb1297fe4f989f482e03a1092affd845ff"
git_object_format = "sha1"
worktree_state = "clean"
prepared_at = "2026-08-24T18:11:10Z"
prepared_by = "quality-owner"
artifact_snapshot_sha256 = "f6b22eb0ad234c90188a7ddf9c21abcb135307b49de9ffa9602f60429abce076"
evidence_paths = ["docs/engineering/hash-bound-integrity/evidence/WO-HBI-003-verification.md"]
evaluator_evidence_path = "docs/engineering/hash-bound-integrity/evidence/VREC-HBI-003-evaluator.json"
evaluator_evidence_sha256 = "fcfc14471cc373fce07ece222f6c03b2152dad2cf4cd5ae6e04cf147c4171962"

verified_at = "2026-08-24T18:30:57Z"
verified_by = "assurance-owner"
[relations]
verifies_work_order = ["WO-HBI-003"]
conforms_to = ["VER-HBI-001"]

[[lifecycle_events]]
from = "ready"
to = "verified"
decided_at = "2026-08-24T18:30:57Z"
decided_by = "assurance-owner"
reason = "The accountable assurance owner accepted the retained evidence for WO-HBI-003 on 2026-08-24 through the statement 'i accept the verification record'. Every bound field was re-measured immediately before this transition, because a verified record can no longer be corrected: candidate commit c8fbadd is an ancestor of the branch tip with a clean worktree; artifact_snapshot_sha256 re-derives to f6b22eb0 in a full clone at that commit with a matching directory basename, over 794 artifacts with 0 errors and 50 maintenance warnings, where governing doctor exits 0 with 87 PASS and 0 FAIL; the bound evidence blob is 20641 bytes at 0b266797 both at the candidate and at the tip; and the evaluator packet matches its recorded raw digest over 873 CR-free bytes. Acceptance covers the evidence as recorded, including its disclosures: the guard is a unit test rather than a doctor check and no consumer inherits it, five of seven patterns exceed REQ-HBI-001's digest-bound trigger, an existing worktree does not re-materialize the sixteen paths, the clone matrix covers only autocrlf=true on one Windows workstation, the in-tree doctor skew is inherited from main, and one hosted red is unexplained. It authorizes no merge, release, publication or deployment."
+++

# Verification Record

This verified record binds retained evidence for `WO-HBI-003` to candidate commit
`c8fbaddb1297fe4f989f482e03a1092affd845ff`. The assurance owner accepted that evidence
at `2026-08-24T18:30:57Z`. Verification did not change the work order or authorize a
merge, release, publication, or deployment.

## The decision, and what was re-measured to take it

The accountable assurance owner accepted the retained evidence on 2026-08-24 through
the statement `i accept the verification record`. The lifecycle event above carries that
decision.

Every bound field was re-measured immediately before the transition, because a verified
record can no longer be corrected and this was the last commit in which any of its
figures could have been fixed. The candidate commit is an ancestor of the branch tip and
the worktree was clean; `artifact_snapshot_sha256` re-derives to
`f6b22eb0ad234c90188a7ddf9c21abcb135307b49de9ffa9602f60429abce076` in a full clone at
that commit with a matching directory basename, over 794 artifacts with 0 errors and 50
maintenance warnings, where the governing `0.6.0` evaluator's `doctor` exits 0 with 87
PASS and 0 FAIL; the bound evidence blob is 20641 bytes at
`0b2667978e10cc2922a94045fca4279700f78354eedf2b3ac4a42d7df70e810b` both at the candidate
and at the tip; and the evaluator packet matches its recorded raw digest over 873
CR-free bytes. Every value was unchanged from preparation.

Acceptance covers the evidence as recorded, including every disclosure in the section
below. It authorizes no merge, release, publication or deployment, and the manual
acceptances `VER-HBI-001` requires from the security, quality and repository owners
remain separate and outstanding.

## What the candidate evidence covers

`WO-HBI-003` declares seven byte rules in the owner-controlled region of
`.gitattributes` for sixteen tracked files whose exact bytes the candidate suite
compares, and adds `ByteExactSurfaceTests` so that a missing rule is a failing test
rather than a platform-dependent surprise. It exists because `WO-RLO-005`'s
publication-rehearsal lane measured the release orchestrator failing candidate
qualification on `windows-2022`: the orchestrator creates the checkout it qualifies
with `git worktree add`, which inherits `core.autocrlf=true`, so byte-exact assertions
read converted bytes there. The exposure is live rather than theoretical, because the
Windows leg's steps are gated on `distribution_schema == '1'` and `RLS-SEH-012`
declares distribution schema 1.

No committed byte changes. The index already held LF on all sixteen paths, and
`.github/workflows/publish-pypi.yml` is byte-unchanged; repairing the orchestrator's
checkout configuration instead was available and was not taken.

## Assurance-relevant limits of the candidate

The evidence states these; they are surfaced here so the assurance decision is taken
against them rather than around them.

- **The guard is a unit test, not a `doctor` check**, and these sixteen paths are in no
  declared hash-bound class. A consumer installation inherits neither the rules, which
  are `repository`-region, nor the guard, which lives in this repository's suite. That
  boundary is intended and the domain `README.md` amendment states it.
- **Five of the seven patterns fall outside `REQ-HBI-001`'s digest-bound trigger.** The
  work order delivers more than the requirement obliges, which is disclosed rather than
  absorbed and is why two artifacts were amended.
- **An existing worktree does not re-materialize.** Git rewrites a path on checkout only
  when its blob changes, and these blobs are unchanged, so a tree that materialized
  them under CRLF before the rule existed keeps the converted bytes; a clone taken at
  the default branch and then checked out onto the candidate fails 17 assertions. This
  does not reach the release orchestrator, which starts from an empty directory, and
  the guard fails rather than passing silently. Measured in the evidence.
- **The clone matrix is incomplete.** Only `core.autocrlf=true` was clone-checked, on one
  Windows workstation with one Git version. `input` and `false` were not, and no Linux
  clone was taken.
- **`build_recipe_sha256` stays in `unbound_digest_fields`.** Whether it should become a
  declared class so `doctor` rather than a unit test guards that recipe's bytes is open
  and unmeasured, and is tracked as repository issue 142 on the owner's decision of
  2026-08-24.
- **The in-tree `doctor` reports 84 PASS / 18 FAIL.** The control at `fc97103` reports the
  same 18 with identical names, so it is inherited candidate-versus-released skew. The
  governing released `0.6.0` evaluator from outside the checkout reports 87 PASS / 0
  FAIL.
- **One hosted red is unexplained.** The rehearsal reported eleven failing tests where
  this evidence measures ten; the eleventh exists at `fc97103` and passes in the local
  control. Two candidate causes were not separated, and the evidence says so rather
  than choosing one.

## What was measured for this record, and by what

Every bound field above was derived by the released `se-harness==0.6.0` evaluator run
from `C:\Users\mathi\se_harness_eval_060`, outside the checkout, and each was then
re-derived independently in a fresh full clone taken directly at this candidate with a
matching directory basename:

- `commit` is reachable and the worktree was clean at preparation in both.
- `artifact_snapshot_sha256` re-derives to
  `f6b22eb0ad234c90188a7ddf9c21abcb135307b49de9ffa9602f60429abce076` in that clone.
  The governing validator reports 794 artifacts with 0 errors and 50 maintenance
  warnings at this candidate, and governing `doctor` exits 0 with 87 PASS and 0 FAIL.
- The bound evidence path is present at the candidate at
  `0b2667978e10cc2922a94045fca4279700f78354eedf2b3ac4a42d7df70e810b`, 20641 bytes as
  the committed blob. That is the blob digest, not the on-disk digest: `.md` files under
  `docs/engineering/` carry no `eol=lf` rule, so a `core.autocrlf=true` checkout
  materializes this file with CR bytes while the index holds LF. The distinction is the
  work order's own subject and is not glossed here.
- `evaluator_evidence_sha256` matches its packet exactly over 873 bytes containing no
  CR, held LF by the managed `docs/engineering/**/evidence/*.json text eol=lf` rule.
  It is byte-identical to `VREC-HBI-002`'s packet, because the same evaluator venv
  produces the same evidence; the candidate binding lives in `commit` and in the
  snapshot, not in this digest.
- Pull request #141 reports 18 passing checks and 3 `skipping` at this candidate, with
  `mergeStateStatus` `CLEAN`. That is where the Linux half is exercised; the evidence
  file cannot record it, because those checks run over the commit that contains it.

The candidate commit was moved once during preparation and deliberately so. A record
prepared over `9742280` was discarded uncommitted when the clone re-derivation surfaced
the two fresh-clone facts above, because amending evidence a record already binds is
not available and a `ready` record cannot be superseded. Nothing bound this repository
at any point in that sequence.

## Scope of the decision that was taken

Verifying this record accepted the retained evidence as recorded, including every
disclosure above. It does not approve a merge, a release, a publication, a deployment,
a tag, a distribution build, or a governor adoption, and it does not discharge the
manual acceptances `VER-HBI-001` requires from the security, quality and repository
owners, which remain separate and outstanding.

The record is intentionally created after the candidate commit it names, avoiding
self-referential commit metadata.

459296bc344633295585c3bbca7a6a979e6ca8d0 blob 10034
+++
id = "VREC-HBI-004"
type = "verification_record"
title = "Verification candidate for WO-HBI-004"
status = "verified"
owners = ["quality-owner"]
created = "2026-08-25"
updated = "2026-08-25"
commit = "74c770cd089cb6e9a3945165404743f10b413240"
git_object_format = "sha1"
worktree_state = "clean"
prepared_at = "2026-08-25T06:57:32Z"
prepared_by = "quality-owner"
artifact_snapshot_sha256 = "c4956a0733a8f5e995d96018e7cbf7beb6daea01f9d8611ba3a34fc02c5111bf"
evidence_paths = ["docs/engineering/hash-bound-integrity/evidence/WO-HBI-004-verification.md"]
evaluator_evidence_path = "docs/engineering/hash-bound-integrity/evidence/VREC-HBI-004-evaluator.json"
evaluator_evidence_sha256 = "fcfc14471cc373fce07ece222f6c03b2152dad2cf4cd5ae6e04cf147c4171962"

verified_at = "2026-08-25T07:15:10Z"
verified_by = "assurance-owner"
[relations]
verifies_work_order = ["WO-HBI-004"]
conforms_to = ["VER-HBI-001"]

[[lifecycle_events]]
from = "ready"
to = "verified"
decided_at = "2026-08-25T07:15:10Z"
decided_by = "assurance-owner"
reason = "The accountable assurance owner accepted the retained evidence for WO-HBI-004 on 2026-08-25 through the statement 'I accept both verification record'. Every bound field was re-measured immediately before this transition, because a verified record can no longer be corrected: candidate commit 74c770cd089cb6e9a3945165404743f10b413240 is an ancestor of the branch tip with a clean worktree; artifact_snapshot_sha256 re-derives to c4956a0733a8f5e995d96018e7cbf7beb6daea01f9d8611ba3a34fc02c5111bf in a fresh full clone at that commit with the matching directory basename se_harness-hbi004, over 823 artifacts with 0 errors and 50 maintenance warnings, where the governing 0.6.0 evaluator's doctor exits 0 with 87 PASS and 0 FAIL; the bound evidence blob is 17093 bytes at 7fc210fb83ea44b61ad7d2ca6ad65dd450798171 both at the candidate and at the tip; and the evaluator packet matches its recorded raw digest fcfc14471cc373fce07ece222f6c03b2152dad2cf4cd5ae6e04cf147c4171962 over 873 CR-free bytes. Every generated field was byte-identical to preparation. Acceptance covers the evidence as recorded, including its twelve disclosures: the record binds a commit taken from main rather than the already-merged branch tip and the pull request must therefore be merged as a true merge; implementation departed from the owner's framing twice, a tree rule rather than a *.yaml rule and a tracked-set inventory rather than an assertion-derived one; VER-HBI-001's residual is narrowed rather than closed; the reserved-name fix's failing platform is not reproducible on this workstation, so its windows-2022 corroboration comes from WO-RLO-005's rehearsal lane on another branch; no Linux measurement is local and none runs CPython 3.11; and the in-tree doctor's 28 FAIL are inherited candidate-versus-released boundary skew with a FAIL set identical to the control's. It authorizes no merge, release, publication or deployment."
+++

# Verification Record

This verified record binds retained evidence for `WO-HBI-004` to candidate commit
`74c770cd089cb6e9a3945165404743f10b413240`. The assurance owner accepted that evidence at
`2026-08-25T07:15:10Z`. Verification did not change the work order or authorize a merge,
release, publication, or deployment.

The record was intentionally created after the candidate commit it names, avoiding
self-referential commit metadata.

The repository owner authorized preparation on 2026-08-25 with the statement `you can set
WO-RLO-005 and WO-HBI-004 as implemented, and prepare the verification record(s)`.
`WO-HBI-004` was already `implemented`, so no lifecycle transition was needed and none was
made. Every provenance field above was produced by the released `0.6.0` evaluator's
`capture-verification` run from outside the checkout, at commit
`74c770cd089cb6e9a3945165404743f10b413240` with a clean worktree.

## The decision, and what was re-measured to take it

The accountable assurance owner accepted both prepared records on 2026-08-25 through the
statement `I accept both verification record`. The lifecycle event above carries that
decision for this one, and the transition was applied by the released `0.6.0` evaluator's
`transition --apply` rather than by editing the frontmatter.

Every bound field was re-measured immediately before the transition, because a verified
record can no longer be corrected and this was the last commit in which any of its figures
could have been fixed. The candidate commit is an ancestor of the branch tip and the
worktree was clean; `artifact_snapshot_sha256` re-derives to
`c4956a0733a8f5e995d96018e7cbf7beb6daea01f9d8611ba3a34fc02c5111bf` in a fresh full clone at
that commit with the matching directory basename `se_harness-hbi004`, over 823 artifacts
with 0 errors and 50 maintenance warnings, where the governing `0.6.0` evaluator's `doctor`
exits 0 with 87 `PASS` and 0 `FAIL`; the bound evidence blob is 17093 bytes at
`7fc210fb83ea44b61ad7d2ca6ad65dd450798171` both at the candidate and at the tip; and the
evaluator packet matches its recorded raw digest over 873 CR-free bytes. Re-running
`capture-verification` in that clone reproduced every generated field byte-identically;
only `prepared_at`, a timestamp, differed.

Acceptance covers the evidence as recorded, including every disclosure in the section
below. It authorizes no merge, release, publication or deployment. Merging pull request
#146 is a separate owner act, and it must be a true merge: a squash or a rebase would
orphan `74c770c`, and a verified record can never be re-pointed at a later commit.

## What the candidate evidence covers

`WO-HBI-004` replaces three per-extension byte rules with one tree rule,
`templates/repository/standard/.agents/skills/** text eol=lf`, and changes
`ByteExactSurfaceTests` to derive its inventory from the tracked set — four named files plus
every tracked path under one declared prefix — instead of from the declared patterns. It
also fixes a reserved-name test whose precondition held on this workstation and not on
hosted `windows-2022`. No product source file changes, and no committed blob under
`templates/` changes: the rule alters what a checkout presents, not what the repository
stores.

The work order exists because a guard passed while the surfaces it protected were
converted. That is re-measured in the bound evidence from a control checkout at `ee8aea1`
rather than carried across from the implementation evidence: three `agents/openai.yaml`
files are `i/lf w/crlf attr/` there while the previous `ByteExactSurfaceTests` reports 3
tests `OK`. At the candidate all fifteen tracked files under the tree resolve
`text eol=lf`, and a fresh detached worktree at `1d459cf` with `core.autocrlf=true`
materializes all fifteen as LF unaided.

Falsifiability is re-measured twice at the candidate, and both mutations are reverted with
the restored state re-measured afterwards:

- `VER-HBI-001` scenario 9, the tree rule replaced by `WO-HBI-003`'s three per-extension
  rules: 8 failures across 3 tests, including the extension-independence case for a file
  with an extension no rule has ever named.
- `VER-HBI-001` scenario 8 on a named file, the `se_harness/agent_contract.json` rule
  removed: 2 failures.

Gates at the candidate, in a `core.autocrlf=true` checkout created with `git worktree add`,
which is the construction the release orchestrator uses: full suite 811 tests OK with 22
skipped against 807 tests and 3 failures in the control at `ee8aea1`; governing validator
PASS at 822 artifacts, 0 errors and 50 maintenance warnings, matched by the candidate
validator; governing `doctor` exit 0 over 87 checks with 0 `FAIL` and
`managed:.gitattributes: unchanged`; governing `preflight --phase review` PASS;
`validate_release_distributions.py` PASS.

## Assurance-relevant limits of the candidate

The bound evidence file states twelve disclosures. The ones that bear directly on an
assurance decision:

- The record binds a commit taken from `main` at `1d459cf`, not the work order's branch tip
  `74bb0e3`. That branch merged through pull request #145 before preparation was
  authorized, and a record binds a commit at which the evidence it binds is tracked. The
  candidate carries the packet exactly as merged plus the evidence file.
- Merging the pull request that carries this record must be a true merge. A squash or a
  rebase would orphan the bound commit, and a verified record can never be re-pointed at a
  later commit.
- Implementation departed from the owner's framing twice, in the same direction and
  disclosed in `WO-HBI-004` and in `VER-HBI-001`'s second amendment: a tree rule rather
  than a `*.yaml` rule, and a tracked-set inventory rather than one derived from the
  suite's byte-exact assertions. Verifying this record accepts both departures.
- The residual `VER-HBI-001` names is narrowed, not closed. A byte-exact assertion on a
  path in no declared tree and no named file remains invisible to `ByteExactSurfaceTests`;
  the only detector for that case is the full suite in a `core.autocrlf=true` checkout.
- The reserved-name fix's failing platform is not reproducible on this workstation. The
  `windows-2022` corroboration comes from `WO-RLO-005`'s rehearsal lane on another branch
  and is disclosed as corroboration, not as this candidate's own measurement.
- No Linux measurement is local, and no local measurement runs CPython 3.11.
- The in-tree `doctor` reports 28 `FAIL` with a `FAIL` set identical to the control's at
  `ee8aea1`, so that skew is inherited boundary state; the governing run has none.

## Scope of the decision that was taken

Verifying this record accepted the retained evidence as recorded, including every disclosure
above. It does not approve a merge, a release, a publication, a deployment, a tag, a
distribution build, or a governor adoption, it did not change `WO-HBI-004`, and it does not
discharge the manual acceptances `VER-HBI-001` requires from the security, quality and
repository owners, which remain separate and outstanding.

ff89a4374417375ba68ff2828099cf35ed73584e blob 2289
+++
id = "VREC-HBI-005"
type = "verification_record"
title = "Verification candidate for WO-HBI-005"
status = "verified"
owners = ["quality-owner"]
created = "2026-08-28"
updated = "2026-08-28"
commit = "fb401a3271ecc6031fdb679f35706c7f9d2f6a9c"
git_object_format = "sha1"
worktree_state = "clean"
prepared_at = "2026-08-28T10:56:47Z"
prepared_by = "quality-owner"
artifact_snapshot_sha256 = "f8297b4961565e31062a6a5978060f4d3a8067c2fcd90fb2b2a65f7be75dceae"
evidence_paths = ["docs/engineering/hash-bound-integrity/evidence/WO-HBI-005-verification.md"]
evaluator_evidence_path = "docs/engineering/hash-bound-integrity/evidence/VREC-HBI-005-evaluator.json"
evaluator_evidence_sha256 = "1e713a859270491fe587d79b3b499a1a077d1c7dc9e588260ef8adc5b429f5cf"

verified_at = "2026-08-28T11:42:55Z"
verified_by = "assurance-owner"
[relations]
verifies_work_order = ["WO-HBI-005"]
conforms_to = ["VER-HBI-001"]

[[lifecycle_events]]
from = "ready"
to = "verified"
decided_at = "2026-08-28T11:42:55Z"
decided_by = "assurance-owner"
reason = "Verified on 2026-08-28 by the accountable assurance owner, 'I verify VREC-HBI-005'. Re-measured immediately before this transition: candidate commit fb401a3271ecc6031fdb679f35706c7f9d2f6a9c is an ancestor of the branch tip with a clean worktree; the evidence blob is byte-identical at the candidate and the tip; the evaluator packet matches its recorded raw digest; all thirteen hosted checks pass at 7e317e5 including the Windows legs; the graph reads 1057 artifacts and 0 errors under the released 0.7.1 evaluator; a fresh consumer's doctor exits 0 on both checkout configurations. Acceptance covers the evidence as recorded with its six disclosures, including the scope amendment for the lifecycle test and the absence of local Windows readings. It authorizes no merge, release, publication or deployment."
+++

# Verification Record Candidate

This ready record binds retained evidence for `WO-HBI-005` to candidate commit `fb401a3271ecc6031fdb679f35706c7f9d2f6a9c`. An accountable assurance owner must review the evidence and transition the record to `verified`; this command did not approve, commit, tag, release, or publish anything.

The record is intentionally created after the candidate commit it names, avoiding self-referential commit metadata.

ec519cbe3ff860f8b5c1bb18857a32d56b44b637 blob 1385
+++
id = "VREC-IAR-001"
type = "verification_record"
title = "Verification candidate for WO-IAR-001"
status = "verified"
owners = ["quality-owner"]
created = "2026-08-11"
updated = "2026-08-11"
commit = "9b42d3b564eb107b161458c6d750d05680284618"
git_object_format = "sha1"
worktree_state = "clean"
verified_at = "2026-08-11T16:09:43Z"
artifact_snapshot_sha256 = "841db0dab7ad87f2e3f29dc60ca941f363f40757738516d30e34d5c23cadb697"
evidence_paths = ["docs/engineering/instruction-architecture/evidence/WO-IAR-001-verification.md"]

[relations]
verifies_work_order = ["WO-IAR-001"]
conforms_to = ["VER-IAR-001"]
+++

# Verification Record Candidate

This verified record binds retained evidence for `WO-IAR-001` to candidate commit `9b42d3b564eb107b161458c6d750d05680284618`. The capture command originally prepared it as `ready` and did not approve, commit, tag, release, or publish anything.

The record is intentionally created after the candidate commit it names, avoiding self-referential commit metadata.

After pull request #17 merged the candidate and ready record, the accountable repository owner reviewed the retained evidence and explicitly instructed `i merged, then transition and governance commit + PR` on 2026-08-11. That human decision, authorized and recorded by `WO-RLS-002`, transitioned this record from `ready` to `verified`; automation did not grant the authority.

52b197c3d40745de034729f0d1be69c7ae579b6c blob 1802
+++
id = "VREC-IAR-002"
type = "verification_record"
title = "Verification candidate for 4 work orders"
status = "verified"
owners = ["quality-owner"]
created = "2026-08-12"
updated = "2026-08-12"
commit = "ca2006059eac8d13de9190d3c7b07066f82c5f74"
git_object_format = "sha1"
worktree_state = "clean"
verified_at = "2026-08-12T12:09:49Z"
artifact_snapshot_sha256 = "b2a93d710aca12d264db6e67c33ace22cc7cb27e548654e3da0a9aeb5f389a5a"
evidence_paths = ["docs/engineering/instruction-architecture/evidence/WO-IAR-002-verification.md", "docs/engineering/instruction-architecture/evidence/WO-IAR-003-verification.md", "docs/engineering/instruction-architecture/evidence/WO-IAR-004-verification.md", "docs/engineering/instruction-architecture/evidence/WO-IAR-005-verification.md"]

[relations]
verifies_work_order = ["WO-IAR-002", "WO-IAR-003", "WO-IAR-004", "WO-IAR-005"]
conforms_to = ["VER-IAR-002", "VER-IAR-003", "VER-IAR-004", "VER-IAR-005"]
+++

# Verification Record Candidate

This verified record binds retained evidence for `WO-IAR-002`, `WO-IAR-003`, `WO-IAR-004`, `WO-IAR-005` to candidate commit `ca2006059eac8d13de9190d3c7b07066f82c5f74`. The capture command originally prepared it as `ready` and did not approve, commit, tag, release, or publish anything.

The record is intentionally created after the candidate commit it names, avoiding self-referential commit metadata.

On 2026-08-12, the accountable repository owner reviewed the aggregate verification record and explicitly instructed `i validate the verification record`. That human assurance decision transitioned this record from `ready` to `verified`; automation did not grant the authority. The captured commit, timestamp, artifact snapshot, evidence paths, work-order coverage, and verification-contract coverage remain unchanged.

8fbd5b8e94c9a92eef131e1b146906342fd8f490 blob 1440
+++
id = "VREC-IAR-003"
type = "verification_record"
title = "Verification candidate for WO-IAR-006"
status = "verified"
owners = ["quality-owner"]
created = "2026-08-15"
updated = "2026-08-15"
commit = "69cdbc5317c8468f00a9195a109205781cb94157"
git_object_format = "sha1"
worktree_state = "clean"
verified_at = "2026-08-15T12:12:47Z"
artifact_snapshot_sha256 = "8731292e7e3a3b9ee1c5d240d14ebc054dae0583b3ac1c538676084e3f3eda35"
evidence_paths = ["docs/engineering/instruction-architecture/evidence/WO-IAR-006-verification.md"]

[relations]
verifies_work_order = ["WO-IAR-006"]
conforms_to = ["VER-IAR-006"]
+++

# Verification Record Candidate

This verified record binds retained evidence for `WO-IAR-006` to candidate commit `69cdbc5317c8468f00a9195a109205781cb94157`. The capture command originally prepared it as `ready` and did not approve, commit, tag, release, or publish anything.

The record is intentionally created after the candidate commit it names, avoiding self-referential commit metadata.

On 2026-08-15, the accountable repository owner reviewed the record and explicitly instructed `you can make the PR, approve the verification record and commit / push`. That human assurance decision transitioned this record from `ready` to `verified`; automation did not grant the authority. The captured commit, timestamp, artifact snapshot, evidence paths, work-order coverage, and verification-contract coverage remain unchanged.

026d404d43b921c35dd6b1e802fae145581d0090 blob 1427
+++
id = "VREC-IAR-004"
type = "verification_record"
title = "Verification candidate for WO-IAR-007"
status = "verified"
owners = ["quality-owner"]
created = "2026-08-15"
updated = "2026-08-15"
commit = "47cfa2ccea7c4b432c4bcd8d0f1044b23a2d41eb"
git_object_format = "sha1"
worktree_state = "clean"
verified_at = "2026-08-15T17:38:48Z"
artifact_snapshot_sha256 = "44a01cb5024927e3f8d97c8653fac25723a6f2b95cbc67312fc4fa6b7bc316ff"
evidence_paths = ["docs/engineering/instruction-architecture/evidence/WO-IAR-007-verification.md"]

[relations]
verifies_work_order = ["WO-IAR-007"]
conforms_to = ["VER-IAR-007"]
+++

# Verification Record Candidate

This verified record binds retained evidence for `WO-IAR-007` to candidate commit `47cfa2ccea7c4b432c4bcd8d0f1044b23a2d41eb`. The capture command originally prepared it as `ready` and did not approve, commit, tag, release, or publish anything.

The record is intentionally created after the candidate commit it names, avoiding self-referential commit metadata.

On 2026-08-15, the accountable assurance owner reviewed the record and explicitly instructed `you can commit the verification record, and the approve it`. That human assurance decision transitioned this record from `ready` to `verified`; automation did not grant the authority. The captured commit, timestamp, artifact snapshot, evidence paths, work-order coverage, and verification-contract coverage remain unchanged.

5aac5ce52a7a461a4e5fc0d7dbdc56b5d9d859a2 blob 1404
+++
id = "VREC-IAR-006"
type = "verification_record"
title = "Verification candidate for WO-IAR-010"
status = "verified"
owners = ["quality-owner"]
created = "2026-08-16"
updated = "2026-08-16"
commit = "06f3e03871a75d3b04c569a5494a916291b3ea39"
git_object_format = "sha1"
worktree_state = "clean"
verified_at = "2026-08-16T07:17:51Z"
artifact_snapshot_sha256 = "47a2bc3c71ebe2428a5485fec7b718f5e2b885324428b5c3ccf7e662b7281f0a"
evidence_paths = ["docs/engineering/instruction-architecture/evidence/WO-IAR-010-verification.md"]

[relations]
verifies_work_order = ["WO-IAR-010"]
conforms_to = ["VER-IAR-010"]
+++

# Verification Record Candidate

This verified record binds retained evidence for `WO-IAR-010` to candidate commit `06f3e03871a75d3b04c569a5494a916291b3ea39`. The capture command originally prepared it as `ready` and did not approve, commit, tag, release, or publish anything.

The record is intentionally created after the candidate commit it names, avoiding self-referential commit metadata.

On 2026-08-16, the accountable assurance owner explicitly instructed `I approve VREC-IAR-006 transitioning from ready to verified`. That human assurance decision transitioned this record from `ready` to `verified`; automation did not grant the authority. The captured commit, timestamp, artifact snapshot, evidence paths, work-order coverage, and verification-contract coverage remain unchanged.

fe3c31fa2a749d3e48d45ae9eeb7fbbac88c2619 blob 1404
+++
id = "VREC-IAR-007"
type = "verification_record"
title = "Verification candidate for WO-IAR-011"
status = "verified"
owners = ["quality-owner"]
created = "2026-08-19"
updated = "2026-08-19"
commit = "e347e5e9c4eed3bcb379a352bf6f076e87895163"
git_object_format = "sha1"
worktree_state = "clean"
verified_at = "2026-08-19T07:59:26Z"
artifact_snapshot_sha256 = "703430f04b53eb1082f1156cc4f46539b618b54a262e9a5195baea9d0c0ea206"
evidence_paths = ["docs/engineering/instruction-architecture/evidence/WO-IAR-011-verification.md"]

[relations]
verifies_work_order = ["WO-IAR-011"]
conforms_to = ["VER-IAR-011"]
+++

# Verification Record Candidate

This verified record binds retained evidence for `WO-IAR-011` to candidate commit `e347e5e9c4eed3bcb379a352bf6f076e87895163`. The capture command originally prepared it as `ready` and did not approve, commit, tag, release, or publish anything.

The record is intentionally created after the candidate commit it names, avoiding self-referential commit metadata.

On 2026-08-19, the accountable assurance owner explicitly instructed `I approve VREC-IAR-007 transitioning from ready to verified.` That human assurance decision transitioned this record from `ready` to `verified`; automation did not grant the authority. The captured commit, timestamp, artifact snapshot, evidence paths, work-order coverage, and verification-contract coverage remain unchanged.

e5e21a535c4eacfbb97799716782ceffee19a6fc blob 4810
+++
id = "VREC-IAR-008"
type = "verification_record"
title = "Verification candidate for WO-IAR-012"
status = "verified"
owners = ["quality-owner"]
created = "2026-08-21"
updated = "2026-08-21"
commit = "38cb2270b4cc874504c2d50a8449a00d2e9e737e"
git_object_format = "sha1"
worktree_state = "clean"
verified_at = "2026-08-21T16:59:22Z"
artifact_snapshot_sha256 = "7348c65b850bdec6c9bb8e09c0ddcac86e944153424165877790eb134ca2ef93"
evidence_paths = ["docs/engineering/instruction-architecture/evidence/WO-IAR-012-verification.md"]

[relations]
verifies_work_order = ["WO-IAR-012"]
conforms_to = ["VER-IAR-012"]
+++

# Verified Verification Record

## Verification decision

After reviewing both prepared records on 2026-08-21, the accountable owner, who holds the assurance role in this repository, explicitly instructed `i validate both, they can be transitioned, commited and pushed (both)`. That human assurance decision transitions this record from `ready` to `verified`; automation did not supply the decision and did not grant merge, release, or publication authority.

The ready record was retained in governance commit `f1ab33a4a54ccd9096e1dfb575e611f8cfdca498`. Only `status` moved. The captured candidate commit, Git object format, clean-worktree state, capture timestamp, artifact snapshot, evidence path, work-order coverage, and verification-contract coverage are unchanged. `owners` is also unchanged and carries the packaged template default `quality-owner`, which 56 of the 58 pre-existing records use; the most recent record `VREC-DST-017` adopted the `assurance-owner` spelling that `DECISION_RIGHTS.md` names, and reconciling that difference is not part of this transition.

`harnessctl transition . --set VREC-IAR-008=verified --decision VREC-IAR-008=quality-owner` planned the transition successfully but refused to apply it:

```text
[WEX201] mutation guard MG002 (transition-apply): ordinary mutation requires a
         schema-3 evaluator identity; use a separately governed upgrade
```

This repository is installed at `schema_version = 2` and a schema upgrade is a separately governed decision, so the single `status` field was edited directly. The refusal is recorded rather than worked around.

The candidate prose below is preserved as written rather than corrected in place. One sentence in it is now satisfied instead of pending: the requirement that an accountable assurance owner review the evidence and transition the record. Its second clause stays accurate — `capture-verification` itself approved, committed, tagged, released, and published nothing.

## Authority boundary

The decision recorded above verifies this record and authorizes committing and pushing the transition to pull request #97. It does not authorize merging that pull request, retargeting or merging pull request #98, advancing `VER-IAR-012` beyond `approved`, or preparing, tagging, releasing, publishing, or deploying software. Hosted pull-request checks remain additional evidence and did not supply the verification authority.

`WO-IAR-012` stays `implemented`. Managed `WORKFLOW.md` uses work-order status `verified` only where configured provenance requires it, and the precedent in this repository is `WO-IAR-011` at `implemented` under the verified `VREC-IAR-007`.

## Prepared candidate

This ready record binds retained evidence for `WO-IAR-012` to candidate commit `38cb2270b4cc874504c2d50a8449a00d2e9e737e`. An accountable assurance owner must review the evidence and transition the record to `verified`; this command did not approve, commit, tag, release, or publish anything.

The record is intentionally created after the candidate commit it names, avoiding self-referential commit metadata.

## Reproducing the snapshot digest

`artifact_snapshot_sha256` is the SHA-256 of `target/harness-dashboard/dashboard-manifest.json` as generated by the packaged managed generator of released `se-harness==0.5.0` executed from outside this checkout. Two properties of that figure are stated so an independent re-measurement is possible rather than merely plausible:

- The digest was taken before this file existed. `capture-verification` generates the manifest and then writes the record, so re-running the generator with the record present yields a different digest that is not this record's declared value.
- The manifest binds `repository.name`, which is the checkout's leaf directory name — here `se_harness_agentsmd_20260821_110237_1685`. Re-measurement therefore requires a checkout of `38cb2270b4cc874504c2d50a8449a00d2e9e737e` in a directory of that name, with the record absent. The manifest recorded 699 resources and `repository.valid = true`.

The candidate commit carries this record's evidence file, so the evidence is inside the bound revision rather than added by a later commit.

231dff48673db7e5ed0089db17c0d7f29984a7ef blob 873
{"diagnostics":[],"environment":{"checkout_excluded":true,"entry_point_resolved":true,"isolated_python":true,"pythonpath_present":false,"user_site_enabled":false},"evaluator":{"archive_name":"se_harness-0.6.0-py3-none-any.whl","archive_sha256":"2a952eb6ff4ea137d0904c3c9a6f19c88482bfbaa18a9766e5ad4d4a6fef62f7","payload_manifest":"se-harness-installed-payload-v1","payload_sha256":"c233678548fe742b7a7a5a8bd65de10156ff233edc65b68e2ed0333fbe4dea42","version":"0.6.0"},"origins":{"distribution":"<evaluator-root>/Lib/site-packages","entry_point":"<evaluator-root>/Scripts/harnessctl.exe","module":"<evaluator-root>/Lib/site-packages/se_harness/runtime_identity.py","python_executable":"<evaluator-root>/Scripts/python.exe","templates":"<evaluator-root>/share/se-harness/templates/repository/standard"},"role":"released-evaluator","schema":"se-harness-evaluator-evidence-v1"}

0e6f5f36b961d3a47e36610df34495c09fe76d8f blob 5630
+++
id = "VREC-IPK-001"
type = "verification_record"
title = "Verification candidate for WO-IPK-001"
status = "verified"
owners = ["engineering-owner"]
created = "2026-08-24"
updated = "2026-08-24"
commit = "6d4a727789668395365d885be0c2e829f1aaba2c"
git_object_format = "sha1"
worktree_state = "clean"
prepared_at = "2026-08-24T11:58:47Z"
prepared_by = "engineering-owner"
artifact_snapshot_sha256 = "122d096426932e5a0d9ad919596d5369e2c13afdf9caa330da6679c530077b7d"
evidence_paths = ["docs/engineering/integration-package/evidence/WO-IPK-001-verification.md"]
evaluator_evidence_path = "docs/engineering/integration-package/evidence/VREC-IPK-001-evaluator.json"
evaluator_evidence_sha256 = "fcfc14471cc373fce07ece222f6c03b2152dad2cf4cd5ae6e04cf147c4171962"

verified_at = "2026-08-24T12:04:59Z"
verified_by = "assurance-owner"
[relations]
verifies_work_order = ["WO-IPK-001"]
conforms_to = ["VER-IPK-001"]

[[lifecycle_events]]
from = "ready"
to = "verified"
decided_at = "2026-08-24T12:04:59Z"
decided_by = "assurance-owner"
+++

# Verification Record Candidate

This ready record binds retained evidence for `WO-IPK-001` to candidate commit `6d4a727789668395365d885be0c2e829f1aaba2c`. An accountable assurance owner must review the evidence and transition the record to `verified`; this command did not approve, commit, tag, release, or publish anything.

The record is intentionally created after the candidate commit it names, avoiding self-referential commit metadata.

## Commit-bound workflow evidence

- Pull request: [`#132`](https://github.com/mmzen/se_harness/pull/132), branch
  head `cb5cfe048406bb6f4dda08e05b11b44c8269beb0`.
- Exact tested candidate: PR merge commit
  `6d4a727789668395365d885be0c2e829f1aaba2c`, with base parent
  `a57e73e200cf98c67d03c3ef8d50454d56e47740` and branch-head parent
  `cb5cfe048406bb6f4dda08e05b11b44c8269beb0`. The record's `commit`
  field intentionally binds this tested merge commit rather than claiming the
  branch head was the byte-for-byte workflow checkout.
- Candidate workflow: [`SE Harness Candidate Evidence`, run `32724068968`,
  attempt 1](https://github.com/mmzen/se_harness/actions/runs/32724068968),
  `pull_request` event, completed successfully from
  `2026-08-24T11:52:14Z` through `2026-08-24T11:55:35Z`.
- Existing prerequisites passed: candidate source, candidate package,
  Linux/Windows governance migration, and cross-platform migration
  reconciliation.
- [`Build deterministic integration package`](https://github.com/mmzen/se_harness/actions/runs/32724068968/job/97422005855)
  passed and reported a byte-stable wheel from two disposable builds.
- [`Verify integration package (Linux)`](https://github.com/mmzen/se_harness/actions/runs/32724068968/job/97422077703)
  and [`Verify integration package (Windows)`](https://github.com/mmzen/se_harness/actions/runs/32724068968/job/97422077727)
  both passed while installing the same staged wheel and exercising disposable
  repositories. Their reported checkout snapshots were respectively
  `e423779eec07f53450f5ba2b8c2b6d1858fbea0779321cec4448e4941afb5a13`
  and `f7164c8cfee58386772c74f4254643256a78c399603f2c79efe2841ccb67e0ee`;
  platform-specific Git materialization accounts for the different snapshot
  digests, while both jobs reported the same commit, version, and wheel digest.
- [`Retain verified integration package`](https://github.com/mmzen/se_harness/actions/runs/32724068968/job/97422201522)
  passed only after both platform jobs and reverified the final payload
  boundary before upload.

## Retained package evidence

- Integration identity: `0.6.0+pr132.g6d4a72778966`, manifest schema
  `se-harness-integration-package-v1`, and `promotable: false`.
- Wheel: `se_harness-0.6.0+pr132.g6d4a72778966-py3-none-any.whl`, 323391
  bytes, SHA-256
  `f965ef4d8f48c8c31f3d86cb52f928c01a26ff66bf26c757973874155ed6cdfa`.
- Canonical manifest: 1131 bytes, SHA-256
  `26851aa0e2de3a1309f751a04b905d5d8869e4ffe79e4e0c4400eee123ca6fd9`.
- `SHA256SUMS`: 212 bytes, SHA-256
  `84b4bdd225379d9e56e31ae6597bfc54dac1394821da7ff1501c65587770b8dc`.
- One-day staging artifact `9518889658` was named
  `integration-package-staging-6d4a727789668395365d885be0c2e829f1aaba2c`.
  Final three-day artifact `9518909417` was named
  `se-harness-integration-6d4a727789668395365d885be0c2e829f1aaba2c`,
  had GitHub archive digest
  `sha256:41ef159bcc80076fe55bc049cd70b5dccaa87033c8c05b2218b34ba3eb2a4952`,
  and expires at `2026-08-27T11:55:31Z`.
- A separate local download replayed the repository verifier against the final
  three-file payload with the exact commit, repository, PR, ref, run, attempt,
  workflow, and retention expectations; it passed without installation into an
  owner environment.

## Deviation and disposition

The first PR run, `32723593670`, for branch head
`d0cb7e40878166692d53d673b9b753905aeb9953`, passed the deterministic build
and Linux install but failed Windows job `97420732524`. Windows expanded the
runner's `RUNNER~1` temporary-directory alias after virtual-environment
creation, and the candidate correctly rejected the apparently out-of-bound
launcher with mutation guard `MG005`. Final retention was skipped and no VREC
was prepared for that failed candidate. Commit
`cb5cfe048406bb6f4dda08e05b11b44c8269beb0` canonicalized the disposable root
before venv creation and added a regression test; successful run `32724068968`
is the evidence used by this record.

This ready record does not verify itself and does not authorize merge, release,
publication, promotion, evaluator adoption, or installation into a managed
repository. Those remain separate accountable decisions.

231dff48673db7e5ed0089db17c0d7f29984a7ef blob 873
{"diagnostics":[],"environment":{"checkout_excluded":true,"entry_point_resolved":true,"isolated_python":true,"pythonpath_present":false,"user_site_enabled":false},"evaluator":{"archive_name":"se_harness-0.6.0-py3-none-any.whl","archive_sha256":"2a952eb6ff4ea137d0904c3c9a6f19c88482bfbaa18a9766e5ad4d4a6fef62f7","payload_manifest":"se-harness-installed-payload-v1","payload_sha256":"c233678548fe742b7a7a5a8bd65de10156ff233edc65b68e2ed0333fbe4dea42","version":"0.6.0"},"origins":{"distribution":"<evaluator-root>/Lib/site-packages","entry_point":"<evaluator-root>/Scripts/harnessctl.exe","module":"<evaluator-root>/Lib/site-packages/se_harness/runtime_identity.py","python_executable":"<evaluator-root>/Scripts/python.exe","templates":"<evaluator-root>/share/se-harness/templates/repository/standard"},"role":"released-evaluator","schema":"se-harness-evaluator-evidence-v1"}

869e42a451b218f67d8799007eea729b8d5332a6 blob 875
{"diagnostics":[],"environment":{"checkout_excluded":true,"entry_point_resolved":true,"isolated_python":true,"pythonpath_present":false,"user_site_enabled":false},"evaluator":{"archive_name":"se_harness-0.11.0-py3-none-any.whl","archive_sha256":"ba26ab7be14321cdc26b69d59e2b894d544c3e7b529227de1f24ad9cd8f935c0","payload_manifest":"se-harness-installed-payload-v1","payload_sha256":"71b4b5b694111a42785328f4b742f40e5654d7d4c67d88b9939a6c80213dd016","version":"0.11.0"},"origins":{"distribution":"<evaluator-root>/Lib/site-packages","entry_point":"<evaluator-root>/Scripts/harnessctl.exe","module":"<evaluator-root>/Lib/site-packages/se_harness/runtime_identity.py","python_executable":"<evaluator-root>/Scripts/python.exe","templates":"<evaluator-root>/share/se-harness/templates/repository/standard"},"role":"released-evaluator","schema":"se-harness-evaluator-evidence-v1"}

80c63ddb39de895f6c526e0c4463c0f11416236f blob 1485
+++
id = "VREC-LRE-001"
type = "verification_record"
title = "Verification candidate for WO-LRE-001"
status = "verified"
owners = ["engineering-owner"]
created = "2026-08-24"
updated = "2026-08-24"
commit = "cabcab1a759d57f194c61e457b73a5a06e32d972"
git_object_format = "sha1"
worktree_state = "clean"
prepared_at = "2026-08-24T11:39:48Z"
prepared_by = "engineering-owner"
artifact_snapshot_sha256 = "3f6ddb8e5a04fcf2d385da6ec2783717cb8f87c1f943ffe25534a637e1aba2dd"
evidence_paths = ["docs/engineering/legacy-release-evidence/evidence/WO-LRE-001-implementation.md"]
evaluator_evidence_path = "docs/engineering/legacy-release-evidence/evidence/VREC-LRE-001-evaluator.json"
evaluator_evidence_sha256 = "fcfc14471cc373fce07ece222f6c03b2152dad2cf4cd5ae6e04cf147c4171962"

verified_at = "2026-08-24T11:48:04Z"
verified_by = "assurance-owner"
[relations]
verifies_work_order = ["WO-LRE-001"]
conforms_to = ["VER-LRE-001"]

[[lifecycle_events]]
from = "ready"
to = "verified"
decided_at = "2026-08-24T11:48:04Z"
decided_by = "assurance-owner"
+++

# Verification Record Candidate

This ready record binds retained evidence for `WO-LRE-001` to candidate commit `cabcab1a759d57f194c61e457b73a5a06e32d972`. An accountable assurance owner must review the evidence and transition the record to `verified`; this command did not approve, commit, tag, release, or publish anything.

The record is intentionally created after the candidate commit it names, avoiding self-referential commit metadata.

a9984c7c72b8edd5ceb0593f5fb4c7d285dbed99 blob 3027
+++
id = "VREC-LRE-002"
type = "verification_record"
title = "Verification candidate for WO-LRE-002"
status = "verified"
owners = ["quality-owner"]
created = "2026-08-31"
updated = "2026-08-31"
commit = "489dcbd38262761760bf9af1431a09cf520ec7fb"
git_object_format = "sha1"
worktree_state = "clean"
prepared_at = "2026-08-31T09:24:56Z"
prepared_by = "quality-owner"
artifact_snapshot_sha256 = "90ee83ce886903afbd8269fc63b11414a39704721da5a83c7c54efde5d439660"
evidence_paths = ["docs/engineering/legacy-release-evidence/evidence/WO-LRE-002/WO-LRE-002-handoff.md", "docs/engineering/legacy-release-evidence/evidence/WO-LRE-002/handoff.json"]
evaluator_evidence_path = "docs/engineering/legacy-release-evidence/evidence/VREC-LRE-002-evaluator.json"
evaluator_evidence_sha256 = "52678c799ac17cfa9a568da240a9ba2596ca17a124cf73bdcd8a67059474f211"

verified_at = "2026-08-31T09:26:00Z"
verified_by = "assurance-owner"
[relations]
verifies_work_order = ["WO-LRE-002"]
conforms_to = ["VER-LRE-002"]

[[lifecycle_events]]
from = "ready"
to = "verified"
decided_at = "2026-08-31T09:26:00Z"
decided_by = "assurance-owner"
reason = "Verified by the accountable assurance owner by selecting the presented option 'I verify VREC-LRE-002'. Re-measured immediately before this transition: bound commit 489dcbd is the branch tip with a clean worktree; WO-LRE-002 is implemented; the evaluator packet matches its recorded digest 52678c79 (the 0.11.0 root). The retained evidence shows the floor implemented as SPEC-LRE-002 states: a released record carrying neither evidence field is not assessed, with no resolver, frozen set, W024 emission, declaration mechanism, upgrade refusal or plan-time notice, and W024 retired and reserved; a partial binding stays an error and a full binding keeps every check; the packet key stays inert; the dashboard applies the both-absent rule; the floor suite 10 OK and the affected suites 91 OK on this Windows workstation with the full suite at its baseline; the template validator over this tree 0 errors, 63 warnings and no W024, exactly the six retired entries fewer; validate 0 errors, doctor 0 FAIL and distributions PASS under the 0.11.0 root, whose own resolver keeps warning until the next root adoption. The scope amendment of 2026-08-31 was accepted by the owner's selection 'Amend WO-LRE-002 scope'. At the pull-request head all thirteen lanes pass and the push runs on main at the merge 8f59e9c all completed with success. No deviations. The bound change set stands over main 8f59e9c. This verifies WO-LRE-002 only; it releases and publishes nothing."
+++

# Verification Record Candidate

This ready record binds retained evidence for `WO-LRE-002` to candidate commit `489dcbd38262761760bf9af1431a09cf520ec7fb`. An accountable assurance owner must review the evidence and transition the record to `verified`; this command did not approve, commit, tag, release, or publish anything.

The record is intentionally created after the candidate commit it names, avoiding self-referential commit metadata.

0cb0757dc294cb290f047d662e8ef0f6e72e0292 blob 875
{"diagnostics":[],"environment":{"checkout_excluded":true,"entry_point_resolved":true,"isolated_python":true,"pythonpath_present":false,"user_site_enabled":false},"evaluator":{"archive_name":"se_harness-0.17.0-py3-none-any.whl","archive_sha256":"305c7cbc79f87baa76ea3bea939b134999f9cad3bfdfa0b4c9c2fd2d9caacced","payload_manifest":"se-harness-installed-payload-v1","payload_sha256":"dd48b16b69d90a04412f458c756876ec22a687c99282075e69d0f58316c43405","version":"0.17.0"},"origins":{"distribution":"<evaluator-root>/Lib/site-packages","entry_point":"<evaluator-root>/Scripts/harnessctl.exe","module":"<evaluator-root>/Lib/site-packages/se_harness/runtime_identity.py","python_executable":"<evaluator-root>/Scripts/python.exe","templates":"<evaluator-root>/share/se-harness/templates/repository/standard"},"role":"released-evaluator","schema":"se-harness-evaluator-evidence-v1"}

0cb0757dc294cb290f047d662e8ef0f6e72e0292 blob 875
{"diagnostics":[],"environment":{"checkout_excluded":true,"entry_point_resolved":true,"isolated_python":true,"pythonpath_present":false,"user_site_enabled":false},"evaluator":{"archive_name":"se_harness-0.17.0-py3-none-any.whl","archive_sha256":"305c7cbc79f87baa76ea3bea939b134999f9cad3bfdfa0b4c9c2fd2d9caacced","payload_manifest":"se-harness-installed-payload-v1","payload_sha256":"dd48b16b69d90a04412f458c756876ec22a687c99282075e69d0f58316c43405","version":"0.17.0"},"origins":{"distribution":"<evaluator-root>/Lib/site-packages","entry_point":"<evaluator-root>/Scripts/harnessctl.exe","module":"<evaluator-root>/Lib/site-packages/se_harness/runtime_identity.py","python_executable":"<evaluator-root>/Scripts/python.exe","templates":"<evaluator-root>/share/se-harness/templates/repository/standard"},"role":"released-evaluator","schema":"se-harness-evaluator-evidence-v1"}

0cb0757dc294cb290f047d662e8ef0f6e72e0292 blob 875
{"diagnostics":[],"environment":{"checkout_excluded":true,"entry_point_resolved":true,"isolated_python":true,"pythonpath_present":false,"user_site_enabled":false},"evaluator":{"archive_name":"se_harness-0.17.0-py3-none-any.whl","archive_sha256":"305c7cbc79f87baa76ea3bea939b134999f9cad3bfdfa0b4c9c2fd2d9caacced","payload_manifest":"se-harness-installed-payload-v1","payload_sha256":"dd48b16b69d90a04412f458c756876ec22a687c99282075e69d0f58316c43405","version":"0.17.0"},"origins":{"distribution":"<evaluator-root>/Lib/site-packages","entry_point":"<evaluator-root>/Scripts/harnessctl.exe","module":"<evaluator-root>/Lib/site-packages/se_harness/runtime_identity.py","python_executable":"<evaluator-root>/Scripts/python.exe","templates":"<evaluator-root>/share/se-harness/templates/repository/standard"},"role":"released-evaluator","schema":"se-harness-evaluator-evidence-v1"}

0cb0757dc294cb290f047d662e8ef0f6e72e0292 blob 875
{"diagnostics":[],"environment":{"checkout_excluded":true,"entry_point_resolved":true,"isolated_python":true,"pythonpath_present":false,"user_site_enabled":false},"evaluator":{"archive_name":"se_harness-0.17.0-py3-none-any.whl","archive_sha256":"305c7cbc79f87baa76ea3bea939b134999f9cad3bfdfa0b4c9c2fd2d9caacced","payload_manifest":"se-harness-installed-payload-v1","payload_sha256":"dd48b16b69d90a04412f458c756876ec22a687c99282075e69d0f58316c43405","version":"0.17.0"},"origins":{"distribution":"<evaluator-root>/Lib/site-packages","entry_point":"<evaluator-root>/Scripts/harnessctl.exe","module":"<evaluator-root>/Lib/site-packages/se_harness/runtime_identity.py","python_executable":"<evaluator-root>/Scripts/python.exe","templates":"<evaluator-root>/share/se-harness/templates/repository/standard"},"role":"released-evaluator","schema":"se-harness-evaluator-evidence-v1"}

0cb0757dc294cb290f047d662e8ef0f6e72e0292 blob 875
{"diagnostics":[],"environment":{"checkout_excluded":true,"entry_point_resolved":true,"isolated_python":true,"pythonpath_present":false,"user_site_enabled":false},"evaluator":{"archive_name":"se_harness-0.17.0-py3-none-any.whl","archive_sha256":"305c7cbc79f87baa76ea3bea939b134999f9cad3bfdfa0b4c9c2fd2d9caacced","payload_manifest":"se-harness-installed-payload-v1","payload_sha256":"dd48b16b69d90a04412f458c756876ec22a687c99282075e69d0f58316c43405","version":"0.17.0"},"origins":{"distribution":"<evaluator-root>/Lib/site-packages","entry_point":"<evaluator-root>/Scripts/harnessctl.exe","module":"<evaluator-root>/Lib/site-packages/se_harness/runtime_identity.py","python_executable":"<evaluator-root>/Scripts/python.exe","templates":"<evaluator-root>/share/se-harness/templates/repository/standard"},"role":"released-evaluator","schema":"se-harness-evaluator-evidence-v1"}

0cb0757dc294cb290f047d662e8ef0f6e72e0292 blob 875
{"diagnostics":[],"environment":{"checkout_excluded":true,"entry_point_resolved":true,"isolated_python":true,"pythonpath_present":false,"user_site_enabled":false},"evaluator":{"archive_name":"se_harness-0.17.0-py3-none-any.whl","archive_sha256":"305c7cbc79f87baa76ea3bea939b134999f9cad3bfdfa0b4c9c2fd2d9caacced","payload_manifest":"se-harness-installed-payload-v1","payload_sha256":"dd48b16b69d90a04412f458c756876ec22a687c99282075e69d0f58316c43405","version":"0.17.0"},"origins":{"distribution":"<evaluator-root>/Lib/site-packages","entry_point":"<evaluator-root>/Scripts/harnessctl.exe","module":"<evaluator-root>/Lib/site-packages/se_harness/runtime_identity.py","python_executable":"<evaluator-root>/Scripts/python.exe","templates":"<evaluator-root>/share/se-harness/templates/repository/standard"},"role":"released-evaluator","schema":"se-harness-evaluator-evidence-v1"}

0cb0757dc294cb290f047d662e8ef0f6e72e0292 blob 875
{"diagnostics":[],"environment":{"checkout_excluded":true,"entry_point_resolved":true,"isolated_python":true,"pythonpath_present":false,"user_site_enabled":false},"evaluator":{"archive_name":"se_harness-0.17.0-py3-none-any.whl","archive_sha256":"305c7cbc79f87baa76ea3bea939b134999f9cad3bfdfa0b4c9c2fd2d9caacced","payload_manifest":"se-harness-installed-payload-v1","payload_sha256":"dd48b16b69d90a04412f458c756876ec22a687c99282075e69d0f58316c43405","version":"0.17.0"},"origins":{"distribution":"<evaluator-root>/Lib/site-packages","entry_point":"<evaluator-root>/Scripts/harnessctl.exe","module":"<evaluator-root>/Lib/site-packages/se_harness/runtime_identity.py","python_executable":"<evaluator-root>/Scripts/python.exe","templates":"<evaluator-root>/share/se-harness/templates/repository/standard"},"role":"released-evaluator","schema":"se-harness-evaluator-evidence-v1"}

0cb0757dc294cb290f047d662e8ef0f6e72e0292 blob 875
{"diagnostics":[],"environment":{"checkout_excluded":true,"entry_point_resolved":true,"isolated_python":true,"pythonpath_present":false,"user_site_enabled":false},"evaluator":{"archive_name":"se_harness-0.17.0-py3-none-any.whl","archive_sha256":"305c7cbc79f87baa76ea3bea939b134999f9cad3bfdfa0b4c9c2fd2d9caacced","payload_manifest":"se-harness-installed-payload-v1","payload_sha256":"dd48b16b69d90a04412f458c756876ec22a687c99282075e69d0f58316c43405","version":"0.17.0"},"origins":{"distribution":"<evaluator-root>/Lib/site-packages","entry_point":"<evaluator-root>/Scripts/harnessctl.exe","module":"<evaluator-root>/Lib/site-packages/se_harness/runtime_identity.py","python_executable":"<evaluator-root>/Scripts/python.exe","templates":"<evaluator-root>/share/se-harness/templates/repository/standard"},"role":"released-evaluator","schema":"se-harness-evaluator-evidence-v1"}

8ede0d7cb799e2bc1cb025df7a68a271a494c71c blob 25302
{
  "schema": "se-harness-evidence-relocation-v1",
  "source_commit": "7fe82c95823503e54d2e35e00d8c409a6dd4b065",
  "source_plan_sha256": "37031560322c962987513e8950b37503a642c6e474cc2a031822870467659aa9",
  "evidence_bytes_modified": false,
  "files": [
    {
      "original_path": "docs/engineering/plugin-integration/evidence/WO-PLG-011/acceptance/linux-replay-attempt1/native-products/docs/engineering/evidence-demo/evidence/VREC-EVD-001-evaluator.json",
      "retained_path": "docs/engineering/plugin-integration/evidence/WO-PLG-011/native/0001.json",
      "sha256": "9cd3c7c8c9210b5d5438028383b92b64fb04146e56a9cd7c1096b40a94738845",
      "bytes": 881
    },
    {
      "original_path": "docs/engineering/plugin-integration/evidence/WO-PLG-011/acceptance/linux-replay-attempt1/native-products/docs/engineering/evidence-demo/verification-records/VREC-EVD-001.md",
      "retained_path": "docs/engineering/plugin-integration/evidence/WO-PLG-011/native/0002.md",
      "sha256": "8c5e1eb6152d894a2af8adb0c5844d7aeed329b4d57fc5a506418af054ac06af",
      "bytes": 1287
    },
    {
      "original_path": "docs/engineering/plugin-integration/evidence/WO-PLG-011/acceptance/linux-replay-attempt1/native-products/target/harness-dashboard/content/ea43c242f0429f61a83383a81418f90b1a47e93e1470162a7d8b73f0c009a6e6.txt",
      "retained_path": "docs/engineering/plugin-integration/evidence/WO-PLG-011/native/0003.txt",
      "sha256": "ea43c242f0429f61a83383a81418f90b1a47e93e1470162a7d8b73f0c009a6e6",
      "bytes": 19687
    },
    {
      "original_path": "docs/engineering/plugin-integration/evidence/WO-PLG-011/acceptance/linux-replay-attempt1/native-products/target/harness-dashboard/dashboard-manifest.json",
      "retained_path": "docs/engineering/plugin-integration/evidence/WO-PLG-011/native/0004.json",
      "sha256": "2c288b4d2fefae3abf56e7d46ae7d79137623876ad72a66b0b91bfadae177ce3",
      "bytes": 4695
    },
    {
      "original_path": "docs/engineering/plugin-integration/evidence/WO-PLG-011/acceptance/linux-replay-attempt1/native-products/target/harness-dashboard/data/artifacts/0acbb4aeb9b07c22b33add4f1120ab38a46d6c84bd37f191d24209e2bbde64e9.json",
      "retained_path": "docs/engineering/plugin-integration/evidence/WO-PLG-011/native/0005.json",
      "sha256": "0acbb4aeb9b07c22b33add4f1120ab38a46d6c84bd37f191d24209e2bbde64e9",
      "bytes": 856
    },
    {
      "original_path": "docs/engineering/plugin-integration/evidence/WO-PLG-011/acceptance/linux-replay-attempt1/native-products/target/harness-dashboard/data/artifacts/3517f32a79e6da2c2a12fe0273a7b6386e05c92f3f9187b25d2774acdc119c09.json",
      "retained_path": "docs/engineering/plugin-integration/evidence/WO-PLG-011/native/0006.json",
      "sha256": "3517f32a79e6da2c2a12fe0273a7b6386e05c92f3f9187b25d2774acdc119c09",
      "bytes": 722
    },
    {
      "original_path": "docs/engineering/plugin-integration/evidence/WO-PLG-011/acceptance/linux-replay-attempt1/native-products/target/harness-dashboard/data/artifacts/3d9feded312000ef41e14f27aad51015bf6bb9749005503c14c0a740280cb650.json",
      "retained_path": "docs/engineering/plugin-integration/evidence/WO-PLG-011/native/0007.json",
      "sha256": "3d9feded312000ef41e14f27aad51015bf6bb9749005503c14c0a740280cb650",
      "bytes": 775
    },
    {
      "original_path": "docs/engineering/plugin-integration/evidence/WO-PLG-011/acceptance/linux-replay-attempt1/native-products/target/harness-dashboard/data/artifacts/68709b0cdc8a964c89088e0120066b2d7cf0c2ae123660b32937396863798ee4.json",
      "retained_path": "docs/engineering/plugin-integration/evidence/WO-PLG-011/native/0008.json",
      "sha256": "68709b0cdc8a964c89088e0120066b2d7cf0c2ae123660b32937396863798ee4",
      "bytes": 832
    },
    {
      "original_path": "docs/engineering/plugin-integration/evidence/WO-PLG-011/acceptance/linux-replay-attempt1/native-products/target/harness-dashboard/data/artifacts/70a5a3c54097b87b6d997e1a914daa0795764286d46771ca62a7f782da76eb3e.json",
      "retained_path": "docs/engineering/plugin-integration/evidence/WO-PLG-011/native/0009.json",
      "sha256": "70a5a3c54097b87b6d997e1a914daa0795764286d46771ca62a7f782da76eb3e",
      "bytes": 734
    },
    {
      "original_path": "docs/engineering/plugin-integration/evidence/WO-PLG-011/acceptance/linux-replay-attempt1/native-products/target/harness-dashboard/data/artifacts/c8671ae5902e74ac392a2de327c4a88eb5ddbba5a9d5547dd72b10df7db21ea9.json",
      "retained_path": "docs/engineering/plugin-integration/evidence/WO-PLG-011/native/0010.json",
      "sha256": "c8671ae5902e74ac392a2de327c4a88eb5ddbba5a9d5547dd72b10df7db21ea9",
      "bytes": 835
    },
    {
      "original_path": "docs/engineering/plugin-integration/evidence/WO-PLG-011/acceptance/linux-replay-attempt1/native-products/target/harness-dashboard/data/artifacts/f4e7c80ece35787cf142d8132303429febc92a1b3a83b6c5180ff066c835c8d8.json",
      "retained_path": "docs/engineering/plugin-integration/evidence/WO-PLG-011/native/0011.json",
      "sha256": "f4e7c80ece35787cf142d8132303429febc92a1b3a83b6c5180ff066c835c8d8",
      "bytes": 1949
    },
    {
      "original_path": "docs/engineering/plugin-integration/evidence/WO-PLG-011/acceptance/linux-replay-attempt1/native-products/target/harness-dashboard/data/readiness/f39a03f5d5d82fc0b374723cf32b467e4c2c0a2d987d0b174c5407f73c84ab19.json",
      "retained_path": "docs/engineering/plugin-integration/evidence/WO-PLG-011/native/0012.json",
      "sha256": "f39a03f5d5d82fc0b374723cf32b467e4c2c0a2d987d0b174c5407f73c84ab19",
      "bytes": 3103
    },
    {
      "original_path": "docs/engineering/plugin-integration/evidence/WO-PLG-011/acceptance/linux-replay-attempt1/native-products/target/harness-dashboard/data/summary/3c18634ace06b547de4eb29ab724af74e14f6210ee7a9af36ba65ce0710de884.json",
      "retained_path": "docs/engineering/plugin-integration/evidence/WO-PLG-011/native/0013.json",
      "sha256": "3c18634ace06b547de4eb29ab724af74e14f6210ee7a9af36ba65ce0710de884",
      "bytes": 1019
    },
    {
      "original_path": "docs/engineering/plugin-integration/evidence/WO-PLG-011/acceptance/linux-replay-attempt1/native-products/target/harness-dashboard/data/topology/e8ed2545376da173dc9783aef81e988547ef9489a0c719bfbc07fdc0ab2d8b5b.json",
      "retained_path": "docs/engineering/plugin-integration/evidence/WO-PLG-011/native/0014.json",
      "sha256": "e8ed2545376da173dc9783aef81e988547ef9489a0c719bfbc07fdc0ab2d8b5b",
      "bytes": 4940
    },
    {
      "original_path": "docs/engineering/plugin-integration/evidence/WO-PLG-011/acceptance/linux-replay-attempt1/native-products/target/harness-dashboard/generation-summary.json",
      "retained_path": "docs/engineering/plugin-integration/evidence/WO-PLG-011/native/0015.json",
      "sha256": "17802c0561780b763736a691cae24069978fc870ccff4b6d4ff418087ef463f3",
      "bytes": 1461
    },
    {
      "original_path": "docs/engineering/plugin-integration/evidence/WO-PLG-011/acceptance/linux-replay-attempt1/native-products/target/harness-dashboard/index.html",
      "retained_path": "docs/engineering/plugin-integration/evidence/WO-PLG-011/native/0016.html",
      "sha256": "706b8e772b7aef1d96ba326e776781de5ad5d94df453d409dccbca907b8de8cf",
      "bytes": 442824
    },
    {
      "original_path": "docs/engineering/plugin-integration/evidence/WO-PLG-011/acceptance/linux-replay-attempt2/native-products/capture-repository/docs/engineering/evidence-demo/evidence/VREC-EVD-001-evaluator.json",
      "retained_path": "docs/engineering/plugin-integration/evidence/WO-PLG-011/native/0017.json",
      "sha256": "9cd3c7c8c9210b5d5438028383b92b64fb04146e56a9cd7c1096b40a94738845",
      "bytes": 881
    },
    {
      "original_path": "docs/engineering/plugin-integration/evidence/WO-PLG-011/acceptance/linux-replay-attempt2/native-products/capture-repository/docs/engineering/evidence-demo/evidence/WO-EVD-001/observations.md",
      "retained_path": "docs/engineering/plugin-integration/evidence/WO-PLG-011/native/0018.md",
      "sha256": "b67d95c5fad647f2ab9db5150a6d2a6c65e54aa317bd3c03febae636eab5ffc8",
      "bytes": 19687
    },
    {
      "original_path": "docs/engineering/plugin-integration/evidence/WO-PLG-011/acceptance/linux-replay-attempt2/native-products/capture-repository/docs/engineering/evidence-demo/verification-records/VREC-EVD-001.md",
      "retained_path": "docs/engineering/plugin-integration/evidence/WO-PLG-011/native/0019.md",
      "sha256": "5e88ddb1020dfea17d1bed8e34fccc1b05131284870809096995850b2e790a6e",
      "bytes": 1287
    },
    {
      "original_path": "docs/engineering/plugin-integration/evidence/WO-PLG-011/acceptance/linux-replay-attempt2/native-products/capture-repository/target/harness-dashboard/content/b67d95c5fad647f2ab9db5150a6d2a6c65e54aa317bd3c03febae636eab5ffc8.txt",
      "retained_path": "docs/engineering/plugin-integration/evidence/WO-PLG-011/native/0020.txt",
      "sha256": "b67d95c5fad647f2ab9db5150a6d2a6c65e54aa317bd3c03febae636eab5ffc8",
      "bytes": 19687
    },
    {
      "original_path": "docs/engineering/plugin-integration/evidence/WO-PLG-011/acceptance/linux-replay-attempt2/native-products/capture-repository/target/harness-dashboard/dashboard-manifest.json",
      "retained_path": "docs/engineering/plugin-integration/evidence/WO-PLG-011/native/0021.json",
      "sha256": "7ee3404a96c19beed65824685cbaa269ab23af957e021dd94562b0994bfe31ba",
      "bytes": 4695
    },
    {
      "original_path": "docs/engineering/plugin-integration/evidence/WO-PLG-011/acceptance/linux-replay-attempt2/native-products/capture-repository/target/harness-dashboard/data/artifacts/0b1c904a2691c0806bbdd9cd3114ae25f02cf1402ccef943e76e7c7b7faa46c1.json",
      "retained_path": "docs/engineering/plugin-integration/evidence/WO-PLG-011/native/0022.json",
      "sha256": "0b1c904a2691c0806bbdd9cd3114ae25f02cf1402ccef943e76e7c7b7faa46c1",
      "bytes": 722
    },
    {
      "original_path": "docs/engineering/plugin-integration/evidence/WO-PLG-011/acceptance/linux-replay-attempt2/native-products/capture-repository/target/harness-dashboard/data/artifacts/2262514df3a78b0a166c0279982a64ad6cdfb5eab9c18a22a293deb9549b8385.json",
      "retained_path": "docs/engineering/plugin-integration/evidence/WO-PLG-011/native/0023.json",
      "sha256": "2262514df3a78b0a166c0279982a64ad6cdfb5eab9c18a22a293deb9549b8385",
      "bytes": 856
    },
    {
      "original_path": "docs/engineering/plugin-integration/evidence/WO-PLG-011/acceptance/linux-replay-attempt2/native-products/capture-repository/target/harness-dashboard/data/artifacts/264293643e8f7cf0a1b7e0b48c9d73c0199c754d4ec3a195759216b50f839cf5.json",
      "retained_path": "docs/engineering/plugin-integration/evidence/WO-PLG-011/native/0024.json",
      "sha256": "264293643e8f7cf0a1b7e0b48c9d73c0199c754d4ec3a195759216b50f839cf5",
      "bytes": 1949
    },
    {
      "original_path": "docs/engineering/plugin-integration/evidence/WO-PLG-011/acceptance/linux-replay-attempt2/native-products/capture-repository/target/harness-dashboard/data/artifacts/67a735968173b15ad87afe5d6ca876c87eaabb64b4a24dcef152998aa8b63b92.json",
      "retained_path": "docs/engineering/plugin-integration/evidence/WO-PLG-011/native/0025.json",
      "sha256": "67a735968173b15ad87afe5d6ca876c87eaabb64b4a24dcef152998aa8b63b92",
      "bytes": 734
    },
    {
      "original_path": "docs/engineering/plugin-integration/evidence/WO-PLG-011/acceptance/linux-replay-attempt2/native-products/capture-repository/target/harness-dashboard/data/artifacts/769f4a5a9f168dc3f9f8b48f14ab0bff96d3062b411c77a36cffb558a677bd9d.json",
      "retained_path": "docs/engineering/plugin-integration/evidence/WO-PLG-011/native/0026.json",
      "sha256": "769f4a5a9f168dc3f9f8b48f14ab0bff96d3062b411c77a36cffb558a677bd9d",
      "bytes": 775
    },
    {
      "original_path": "docs/engineering/plugin-integration/evidence/WO-PLG-011/acceptance/linux-replay-attempt2/native-products/capture-repository/target/harness-dashboard/data/artifacts/79598de6b0dc18a42df712af22e8e808e4378724073a4f528c175f2a085a5bf0.json",
      "retained_path": "docs/engineering/plugin-integration/evidence/WO-PLG-011/native/0027.json",
      "sha256": "79598de6b0dc18a42df712af22e8e808e4378724073a4f528c175f2a085a5bf0",
      "bytes": 835
    },
    {
      "original_path": "docs/engineering/plugin-integration/evidence/WO-PLG-011/acceptance/linux-replay-attempt2/native-products/capture-repository/target/harness-dashboard/data/artifacts/e432e0f04987b1d7cb8bc110e0323c2cef83b5aa7f5be187268dcd963ff79323.json",
      "retained_path": "docs/engineering/plugin-integration/evidence/WO-PLG-011/native/0028.json",
      "sha256": "e432e0f04987b1d7cb8bc110e0323c2cef83b5aa7f5be187268dcd963ff79323",
      "bytes": 832
    },
    {
      "original_path": "docs/engineering/plugin-integration/evidence/WO-PLG-011/acceptance/linux-replay-attempt2/native-products/capture-repository/target/harness-dashboard/data/readiness/9ec92835065e0acf77ce0430a5a7fe2d81bef5e7d7e266e551f9cc182781b84e.json",
      "retained_path": "docs/engineering/plugin-integration/evidence/WO-PLG-011/native/0029.json",
      "sha256": "9ec92835065e0acf77ce0430a5a7fe2d81bef5e7d7e266e551f9cc182781b84e",
      "bytes": 3103
    },
    {
      "original_path": "docs/engineering/plugin-integration/evidence/WO-PLG-011/acceptance/linux-replay-attempt2/native-products/capture-repository/target/harness-dashboard/data/summary/75d4e6e9f0cf0bd01d0e9d8210f53c198361e76681d2a448a8e268b5ed4b7114.json",
      "retained_path": "docs/engineering/plugin-integration/evidence/WO-PLG-011/native/0030.json",
      "sha256": "75d4e6e9f0cf0bd01d0e9d8210f53c198361e76681d2a448a8e268b5ed4b7114",
      "bytes": 1019
    },
    {
      "original_path": "docs/engineering/plugin-integration/evidence/WO-PLG-011/acceptance/linux-replay-attempt2/native-products/capture-repository/target/harness-dashboard/data/topology/5f056d6e5d4b8cad9e6f7039c926faf51de246bb66275e0932c89385fa86104d.json",
      "retained_path": "docs/engineering/plugin-integration/evidence/WO-PLG-011/native/0031.json",
      "sha256": "5f056d6e5d4b8cad9e6f7039c926faf51de246bb66275e0932c89385fa86104d",
      "bytes": 4940
    },
    {
      "original_path": "docs/engineering/plugin-integration/evidence/WO-PLG-011/acceptance/linux-replay-attempt2/native-products/capture-repository/target/harness-dashboard/generation-summary.json",
      "retained_path": "docs/engineering/plugin-integration/evidence/WO-PLG-011/native/0032.json",
      "sha256": "c7a1919851d2e8c065acc8bac9394462543fa892884829c5af68435837df18e2",
      "bytes": 1461
    },
    {
      "original_path": "docs/engineering/plugin-integration/evidence/WO-PLG-011/acceptance/linux-replay-attempt2/native-products/capture-repository/target/harness-dashboard/index.html",
      "retained_path": "docs/engineering/plugin-integration/evidence/WO-PLG-011/native/0033.html",
      "sha256": "5630df7cb4252bac94fbacdc118fe4476e46fd74ee2ab15335abdc573c2fa171",
      "bytes": 442824
    },
    {
      "original_path": "docs/engineering/plugin-integration/evidence/WO-PLG-011/acceptance/linux-replay-attempt2/native-products/corrected-repository/docs/engineering/evidence-demo/evidence/VREC-EVD-001-evaluator.json",
      "retained_path": "docs/engineering/plugin-integration/evidence/WO-PLG-011/native/0034.json",
      "sha256": "9cd3c7c8c9210b5d5438028383b92b64fb04146e56a9cd7c1096b40a94738845",
      "bytes": 881
    },
    {
      "original_path": "docs/engineering/plugin-integration/evidence/WO-PLG-011/acceptance/linux-replay-attempt2/native-products/corrected-repository/docs/engineering/evidence-demo/verification-records/VREC-EVD-001.md",
      "retained_path": "docs/engineering/plugin-integration/evidence/WO-PLG-011/native/0035.md",
      "sha256": "4bfc0077bd3cd45c461bed48f5babdff0fb4be2548e7a18d8e950b5825ba9f49",
      "bytes": 1287
    },
    {
      "original_path": "docs/engineering/plugin-integration/evidence/WO-PLG-011/acceptance/linux-replay-attempt2/native-products/corrected-repository/target/harness-dashboard/content/b67d95c5fad647f2ab9db5150a6d2a6c65e54aa317bd3c03febae636eab5ffc8.txt",
      "retained_path": "docs/engineering/plugin-integration/evidence/WO-PLG-011/native/0036.txt",
      "sha256": "b67d95c5fad647f2ab9db5150a6d2a6c65e54aa317bd3c03febae636eab5ffc8",
      "bytes": 19687
    },
    {
      "original_path": "docs/engineering/plugin-integration/evidence/WO-PLG-011/acceptance/linux-replay-attempt2/native-products/corrected-repository/target/harness-dashboard/dashboard-manifest.json",
      "retained_path": "docs/engineering/plugin-integration/evidence/WO-PLG-011/native/0037.json",
      "sha256": "aaca3f1d94e990a5d709602f5e8d2f6064f961b3414cf21ad3a4a7bdee897780",
      "bytes": 4697
    },
    {
      "original_path": "docs/engineering/plugin-integration/evidence/WO-PLG-011/acceptance/linux-replay-attempt2/native-products/corrected-repository/target/harness-dashboard/data/artifacts/0b1c904a2691c0806bbdd9cd3114ae25f02cf1402ccef943e76e7c7b7faa46c1.json",
      "retained_path": "docs/engineering/plugin-integration/evidence/WO-PLG-011/native/0038.json",
      "sha256": "0b1c904a2691c0806bbdd9cd3114ae25f02cf1402ccef943e76e7c7b7faa46c1",
      "bytes": 722
    },
    {
      "original_path": "docs/engineering/plugin-integration/evidence/WO-PLG-011/acceptance/linux-replay-attempt2/native-products/corrected-repository/target/harness-dashboard/data/artifacts/2262514df3a78b0a166c0279982a64ad6cdfb5eab9c18a22a293deb9549b8385.json",
      "retained_path": "docs/engineering/plugin-integration/evidence/WO-PLG-011/native/0039.json",
      "sha256": "2262514df3a78b0a166c0279982a64ad6cdfb5eab9c18a22a293deb9549b8385",
      "bytes": 856
    },
    {
      "original_path": "docs/engineering/plugin-integration/evidence/WO-PLG-011/acceptance/linux-replay-attempt2/native-products/corrected-repository/target/harness-dashboard/data/artifacts/264293643e8f7cf0a1b7e0b48c9d73c0199c754d4ec3a195759216b50f839cf5.json",
      "retained_path": "docs/engineering/plugin-integration/evidence/WO-PLG-011/native/0040.json",
      "sha256": "264293643e8f7cf0a1b7e0b48c9d73c0199c754d4ec3a195759216b50f839cf5",
      "bytes": 1949
    },
    {
      "original_path": "docs/engineering/plugin-integration/evidence/WO-PLG-011/acceptance/linux-replay-attempt2/native-products/corrected-repository/target/harness-dashboard/data/artifacts/67a735968173b15ad87afe5d6ca876c87eaabb64b4a24dcef152998aa8b63b92.json",
      "retained_path": "docs/engineering/plugin-integration/evidence/WO-PLG-011/native/0041.json",
      "sha256": "67a735968173b15ad87afe5d6ca876c87eaabb64b4a24dcef152998aa8b63b92",
      "bytes": 734
    },
    {
      "original_path": "docs/engineering/plugin-integration/evidence/WO-PLG-011/acceptance/linux-replay-attempt2/native-products/corrected-repository/target/harness-dashboard/data/artifacts/769f4a5a9f168dc3f9f8b48f14ab0bff96d3062b411c77a36cffb558a677bd9d.json",
      "retained_path": "docs/engineering/plugin-integration/evidence/WO-PLG-011/native/0042.json",
      "sha256": "769f4a5a9f168dc3f9f8b48f14ab0bff96d3062b411c77a36cffb558a677bd9d",
      "bytes": 775
    },
    {
      "original_path": "docs/engineering/plugin-integration/evidence/WO-PLG-011/acceptance/linux-replay-attempt2/native-products/corrected-repository/target/harness-dashboard/data/artifacts/79598de6b0dc18a42df712af22e8e808e4378724073a4f528c175f2a085a5bf0.json",
      "retained_path": "docs/engineering/plugin-integration/evidence/WO-PLG-011/native/0043.json",
      "sha256": "79598de6b0dc18a42df712af22e8e808e4378724073a4f528c175f2a085a5bf0",
      "bytes": 835
    },
    {
      "original_path": "docs/engineering/plugin-integration/evidence/WO-PLG-011/acceptance/linux-replay-attempt2/native-products/corrected-repository/target/harness-dashboard/data/artifacts/e432e0f04987b1d7cb8bc110e0323c2cef83b5aa7f5be187268dcd963ff79323.json",
      "retained_path": "docs/engineering/plugin-integration/evidence/WO-PLG-011/native/0044.json",
      "sha256": "e432e0f04987b1d7cb8bc110e0323c2cef83b5aa7f5be187268dcd963ff79323",
      "bytes": 832
    },
    {
      "original_path": "docs/engineering/plugin-integration/evidence/WO-PLG-011/acceptance/linux-replay-attempt2/native-products/corrected-repository/target/harness-dashboard/data/readiness/9ec92835065e0acf77ce0430a5a7fe2d81bef5e7d7e266e551f9cc182781b84e.json",
      "retained_path": "docs/engineering/plugin-integration/evidence/WO-PLG-011/native/0045.json",
      "sha256": "9ec92835065e0acf77ce0430a5a7fe2d81bef5e7d7e266e551f9cc182781b84e",
      "bytes": 3103
    },
    {
      "original_path": "docs/engineering/plugin-integration/evidence/WO-PLG-011/acceptance/linux-replay-attempt2/native-products/corrected-repository/target/harness-dashboard/data/summary/bc9dff153a1325b439a223ee652a95851c63fb81e548f9accd94892e596d6403.json",
      "retained_path": "docs/engineering/plugin-integration/evidence/WO-PLG-011/native/0046.json",
      "sha256": "bc9dff153a1325b439a223ee652a95851c63fb81e548f9accd94892e596d6403",
      "bytes": 1021
    },
    {
      "original_path": "docs/engineering/plugin-integration/evidence/WO-PLG-011/acceptance/linux-replay-attempt2/native-products/corrected-repository/target/harness-dashboard/data/topology/5f056d6e5d4b8cad9e6f7039c926faf51de246bb66275e0932c89385fa86104d.json",
      "retained_path": "docs/engineering/plugin-integration/evidence/WO-PLG-011/native/0047.json",
      "sha256": "5f056d6e5d4b8cad9e6f7039c926faf51de246bb66275e0932c89385fa86104d",
      "bytes": 4940
    },
    {
      "original_path": "docs/engineering/plugin-integration/evidence/WO-PLG-011/acceptance/linux-replay-attempt2/native-products/corrected-repository/target/harness-dashboard/generation-summary.json",
      "retained_path": "docs/engineering/plugin-integration/evidence/WO-PLG-011/native/0048.json",
      "sha256": "38f7cbfa756206243f27bf0e5e26712075b1c977616e47325676ea5e4959a8d2",
      "bytes": 1461
    },
    {
      "original_path": "docs/engineering/plugin-integration/evidence/WO-PLG-011/acceptance/linux-replay-attempt2/native-products/corrected-repository/target/harness-dashboard/index.html",
      "retained_path": "docs/engineering/plugin-integration/evidence/WO-PLG-011/native/0049.html",
      "sha256": "54a5044682f250680c19e3ad175ba83ea1a00089dea06937942b520159a36af7",
      "bytes": 442824
    },
    {
      "original_path": "docs/engineering/plugin-integration/evidence/WO-PLG-011/acceptance/linux-replay-attempt2/native-products/handoff-repository/docs/engineering/evidence-demo/evidence/WO-EVD-001/WO-EVD-001-handoff.md",
      "retained_path": "docs/engineering/plugin-integration/evidence/WO-PLG-011/native/0050.md",
      "sha256": "912cfb3d11e44878aa09f1a0c15cb688058db2deec7da8f0d5de4845caa88f72",
      "bytes": 286
    },
    {
      "original_path": "docs/engineering/plugin-integration/evidence/WO-PLG-011/acceptance/linux-replay-attempt2/native-products/handoff-repository/docs/engineering/evidence-demo/evidence/WO-EVD-001/handoff.json",
      "retained_path": "docs/engineering/plugin-integration/evidence/WO-PLG-011/native/0051.json",
      "sha256": "4900e0c932278c8a833228b0c734db5a356dc0c60dcc30356765535c87ea589a",
      "bytes": 8870
    },
    {
      "original_path": "docs/engineering/plugin-integration/evidence/WO-PLG-011/acceptance/linux-replay-attempt2/native-products/partial-uncertain-repository/docs/engineering/evidence-demo/verification-records/VREC-EVD-001.md",
      "retained_path": "docs/engineering/plugin-integration/evidence/WO-PLG-011/native/0052.md",
      "sha256": "4bfc0077bd3cd45c461bed48f5babdff0fb4be2548e7a18d8e950b5825ba9f49",
      "bytes": 1287
    },
    {
      "original_path": "docs/engineering/plugin-integration/evidence/WO-PLG-011/acceptance/linux-replay-attempt2/native-products/release-repository/docs/engineering/evidence-demo/evidence/RLS-EVD-001-evaluator.json",
      "retained_path": "docs/engineering/plugin-integration/evidence/WO-PLG-011/native/0053.json",
      "sha256": "9cd3c7c8c9210b5d5438028383b92b64fb04146e56a9cd7c1096b40a94738845",
      "bytes": 881
    },
    {
      "original_path": "docs/engineering/plugin-integration/evidence/WO-PLG-011/acceptance/linux-replay-attempt2/native-products/release-repository/docs/engineering/evidence-demo/releases/RLS-EVD-001.md",
      "retained_path": "docs/engineering/plugin-integration/evidence/WO-PLG-011/native/0054.md",
      "sha256": "669813570a3441b15c7161c56aa7fe3c00918eb2dcb093b92d9892c96b2b8c68",
      "bytes": 1110
    },
    {
      "original_path": "docs/engineering/plugin-integration/evidence/WO-PLG-011/acceptance/linux-replay-attempt2/native-products/release-repository/docs/engineering/evidence-demo/verification-records/VREC-EVD-001.md",
      "retained_path": "docs/engineering/plugin-integration/evidence/WO-PLG-011/native/0055.md",
      "sha256": "cbdd139c16647110e4767de16d82f7e3b30276264c3ec34a897d61307b94762a",
      "bytes": 1367
    }
  ]
}

194bd88f4f1c0807019c06ca88559ac71d4723f1 blob 25409
{
  "status": "proposal_only_no_payload_moved",
  "source_commit": "7fe82c95823503e54d2e35e00d8c409a6dd4b065",
  "preserved_candidate": "e9418644e22497e622b706cb228f0cd8b36f3b5b",
  "selected_vrec_paths_unchanged": true,
  "files": [
    {
      "original_path": "docs/engineering/plugin-integration/evidence/WO-PLG-011/acceptance/linux-replay-attempt1/native-products/docs/engineering/evidence-demo/evidence/VREC-EVD-001-evaluator.json",
      "proposed_path": "docs/engineering/plugin-integration/evidence/WO-PLG-011/native/0001.json",
      "sha256": "9cd3c7c8c9210b5d5438028383b92b64fb04146e56a9cd7c1096b40a94738845",
      "bytes": 881
    },
    {
      "original_path": "docs/engineering/plugin-integration/evidence/WO-PLG-011/acceptance/linux-replay-attempt1/native-products/docs/engineering/evidence-demo/verification-records/VREC-EVD-001.md",
      "proposed_path": "docs/engineering/plugin-integration/evidence/WO-PLG-011/native/0002.md",
      "sha256": "8c5e1eb6152d894a2af8adb0c5844d7aeed329b4d57fc5a506418af054ac06af",
      "bytes": 1287
    },
    {
      "original_path": "docs/engineering/plugin-integration/evidence/WO-PLG-011/acceptance/linux-replay-attempt1/native-products/target/harness-dashboard/content/ea43c242f0429f61a83383a81418f90b1a47e93e1470162a7d8b73f0c009a6e6.txt",
      "proposed_path": "docs/engineering/plugin-integration/evidence/WO-PLG-011/native/0003.txt",
      "sha256": "ea43c242f0429f61a83383a81418f90b1a47e93e1470162a7d8b73f0c009a6e6",
      "bytes": 19687
    },
    {
      "original_path": "docs/engineering/plugin-integration/evidence/WO-PLG-011/acceptance/linux-replay-attempt1/native-products/target/harness-dashboard/dashboard-manifest.json",
      "proposed_path": "docs/engineering/plugin-integration/evidence/WO-PLG-011/native/0004.json",
      "sha256": "2c288b4d2fefae3abf56e7d46ae7d79137623876ad72a66b0b91bfadae177ce3",
      "bytes": 4695
    },
    {
      "original_path": "docs/engineering/plugin-integration/evidence/WO-PLG-011/acceptance/linux-replay-attempt1/native-products/target/harness-dashboard/data/artifacts/0acbb4aeb9b07c22b33add4f1120ab38a46d6c84bd37f191d24209e2bbde64e9.json",
      "proposed_path": "docs/engineering/plugin-integration/evidence/WO-PLG-011/native/0005.json",
      "sha256": "0acbb4aeb9b07c22b33add4f1120ab38a46d6c84bd37f191d24209e2bbde64e9",
      "bytes": 856
    },
    {
      "original_path": "docs/engineering/plugin-integration/evidence/WO-PLG-011/acceptance/linux-replay-attempt1/native-products/target/harness-dashboard/data/artifacts/3517f32a79e6da2c2a12fe0273a7b6386e05c92f3f9187b25d2774acdc119c09.json",
      "proposed_path": "docs/engineering/plugin-integration/evidence/WO-PLG-011/native/0006.json",
      "sha256": "3517f32a79e6da2c2a12fe0273a7b6386e05c92f3f9187b25d2774acdc119c09",
      "bytes": 722
    },
    {
      "original_path": "docs/engineering/plugin-integration/evidence/WO-PLG-011/acceptance/linux-replay-attempt1/native-products/target/harness-dashboard/data/artifacts/3d9feded312000ef41e14f27aad51015bf6bb9749005503c14c0a740280cb650.json",
      "proposed_path": "docs/engineering/plugin-integration/evidence/WO-PLG-011/native/0007.json",
      "sha256": "3d9feded312000ef41e14f27aad51015bf6bb9749005503c14c0a740280cb650",
      "bytes": 775
    },
    {
      "original_path": "docs/engineering/plugin-integration/evidence/WO-PLG-011/acceptance/linux-replay-attempt1/native-products/target/harness-dashboard/data/artifacts/68709b0cdc8a964c89088e0120066b2d7cf0c2ae123660b32937396863798ee4.json",
      "proposed_path": "docs/engineering/plugin-integration/evidence/WO-PLG-011/native/0008.json",
      "sha256": "68709b0cdc8a964c89088e0120066b2d7cf0c2ae123660b32937396863798ee4",
      "bytes": 832
    },
    {
      "original_path": "docs/engineering/plugin-integration/evidence/WO-PLG-011/acceptance/linux-replay-attempt1/native-products/target/harness-dashboard/data/artifacts/70a5a3c54097b87b6d997e1a914daa0795764286d46771ca62a7f782da76eb3e.json",
      "proposed_path": "docs/engineering/plugin-integration/evidence/WO-PLG-011/native/0009.json",
      "sha256": "70a5a3c54097b87b6d997e1a914daa0795764286d46771ca62a7f782da76eb3e",
      "bytes": 734
    },
    {
      "original_path": "docs/engineering/plugin-integration/evidence/WO-PLG-011/acceptance/linux-replay-attempt1/native-products/target/harness-dashboard/data/artifacts/c8671ae5902e74ac392a2de327c4a88eb5ddbba5a9d5547dd72b10df7db21ea9.json",
      "proposed_path": "docs/engineering/plugin-integration/evidence/WO-PLG-011/native/0010.json",
      "sha256": "c8671ae5902e74ac392a2de327c4a88eb5ddbba5a9d5547dd72b10df7db21ea9",
      "bytes": 835
    },
    {
      "original_path": "docs/engineering/plugin-integration/evidence/WO-PLG-011/acceptance/linux-replay-attempt1/native-products/target/harness-dashboard/data/artifacts/f4e7c80ece35787cf142d8132303429febc92a1b3a83b6c5180ff066c835c8d8.json",
      "proposed_path": "docs/engineering/plugin-integration/evidence/WO-PLG-011/native/0011.json",
      "sha256": "f4e7c80ece35787cf142d8132303429febc92a1b3a83b6c5180ff066c835c8d8",
      "bytes": 1949
    },
    {
      "original_path": "docs/engineering/plugin-integration/evidence/WO-PLG-011/acceptance/linux-replay-attempt1/native-products/target/harness-dashboard/data/readiness/f39a03f5d5d82fc0b374723cf32b467e4c2c0a2d987d0b174c5407f73c84ab19.json",
      "proposed_path": "docs/engineering/plugin-integration/evidence/WO-PLG-011/native/0012.json",
      "sha256": "f39a03f5d5d82fc0b374723cf32b467e4c2c0a2d987d0b174c5407f73c84ab19",
      "bytes": 3103
    },
    {
      "original_path": "docs/engineering/plugin-integration/evidence/WO-PLG-011/acceptance/linux-replay-attempt1/native-products/target/harness-dashboard/data/summary/3c18634ace06b547de4eb29ab724af74e14f6210ee7a9af36ba65ce0710de884.json",
      "proposed_path": "docs/engineering/plugin-integration/evidence/WO-PLG-011/native/0013.json",
      "sha256": "3c18634ace06b547de4eb29ab724af74e14f6210ee7a9af36ba65ce0710de884",
      "bytes": 1019
    },
    {
      "original_path": "docs/engineering/plugin-integration/evidence/WO-PLG-011/acceptance/linux-replay-attempt1/native-products/target/harness-dashboard/data/topology/e8ed2545376da173dc9783aef81e988547ef9489a0c719bfbc07fdc0ab2d8b5b.json",
      "proposed_path": "docs/engineering/plugin-integration/evidence/WO-PLG-011/native/0014.json",
      "sha256": "e8ed2545376da173dc9783aef81e988547ef9489a0c719bfbc07fdc0ab2d8b5b",
      "bytes": 4940
    },
    {
      "original_path": "docs/engineering/plugin-integration/evidence/WO-PLG-011/acceptance/linux-replay-attempt1/native-products/target/harness-dashboard/generation-summary.json",
      "proposed_path": "docs/engineering/plugin-integration/evidence/WO-PLG-011/native/0015.json",
      "sha256": "17802c0561780b763736a691cae24069978fc870ccff4b6d4ff418087ef463f3",
      "bytes": 1461
    },
    {
      "original_path": "docs/engineering/plugin-integration/evidence/WO-PLG-011/acceptance/linux-replay-attempt1/native-products/target/harness-dashboard/index.html",
      "proposed_path": "docs/engineering/plugin-integration/evidence/WO-PLG-011/native/0016.html",
      "sha256": "706b8e772b7aef1d96ba326e776781de5ad5d94df453d409dccbca907b8de8cf",
      "bytes": 442824
    },
    {
      "original_path": "docs/engineering/plugin-integration/evidence/WO-PLG-011/acceptance/linux-replay-attempt2/native-products/capture-repository/docs/engineering/evidence-demo/evidence/VREC-EVD-001-evaluator.json",
      "proposed_path": "docs/engineering/plugin-integration/evidence/WO-PLG-011/native/0017.json",
      "sha256": "9cd3c7c8c9210b5d5438028383b92b64fb04146e56a9cd7c1096b40a94738845",
      "bytes": 881
    },
    {
      "original_path": "docs/engineering/plugin-integration/evidence/WO-PLG-011/acceptance/linux-replay-attempt2/native-products/capture-repository/docs/engineering/evidence-demo/evidence/WO-EVD-001/observations.md",
      "proposed_path": "docs/engineering/plugin-integration/evidence/WO-PLG-011/native/0018.md",
      "sha256": "b67d95c5fad647f2ab9db5150a6d2a6c65e54aa317bd3c03febae636eab5ffc8",
      "bytes": 19687
    },
    {
      "original_path": "docs/engineering/plugin-integration/evidence/WO-PLG-011/acceptance/linux-replay-attempt2/native-products/capture-repository/docs/engineering/evidence-demo/verification-records/VREC-EVD-001.md",
      "proposed_path": "docs/engineering/plugin-integration/evidence/WO-PLG-011/native/0019.md",
      "sha256": "5e88ddb1020dfea17d1bed8e34fccc1b05131284870809096995850b2e790a6e",
      "bytes": 1287
    },
    {
      "original_path": "docs/engineering/plugin-integration/evidence/WO-PLG-011/acceptance/linux-replay-attempt2/native-products/capture-repository/target/harness-dashboard/content/b67d95c5fad647f2ab9db5150a6d2a6c65e54aa317bd3c03febae636eab5ffc8.txt",
      "proposed_path": "docs/engineering/plugin-integration/evidence/WO-PLG-011/native/0020.txt",
      "sha256": "b67d95c5fad647f2ab9db5150a6d2a6c65e54aa317bd3c03febae636eab5ffc8",
      "bytes": 19687
    },
    {
      "original_path": "docs/engineering/plugin-integration/evidence/WO-PLG-011/acceptance/linux-replay-attempt2/native-products/capture-repository/target/harness-dashboard/dashboard-manifest.json",
      "proposed_path": "docs/engineering/plugin-integration/evidence/WO-PLG-011/native/0021.json",
      "sha256": "7ee3404a96c19beed65824685cbaa269ab23af957e021dd94562b0994bfe31ba",
      "bytes": 4695
    },
    {
      "original_path": "docs/engineering/plugin-integration/evidence/WO-PLG-011/acceptance/linux-replay-attempt2/native-products/capture-repository/target/harness-dashboard/data/artifacts/0b1c904a2691c0806bbdd9cd3114ae25f02cf1402ccef943e76e7c7b7faa46c1.json",
      "proposed_path": "docs/engineering/plugin-integration/evidence/WO-PLG-011/native/0022.json",
      "sha256": "0b1c904a2691c0806bbdd9cd3114ae25f02cf1402ccef943e76e7c7b7faa46c1",
      "bytes": 722
    },
    {
      "original_path": "docs/engineering/plugin-integration/evidence/WO-PLG-011/acceptance/linux-replay-attempt2/native-products/capture-repository/target/harness-dashboard/data/artifacts/2262514df3a78b0a166c0279982a64ad6cdfb5eab9c18a22a293deb9549b8385.json",
      "proposed_path": "docs/engineering/plugin-integration/evidence/WO-PLG-011/native/0023.json",
      "sha256": "2262514df3a78b0a166c0279982a64ad6cdfb5eab9c18a22a293deb9549b8385",
      "bytes": 856
    },
    {
      "original_path": "docs/engineering/plugin-integration/evidence/WO-PLG-011/acceptance/linux-replay-attempt2/native-products/capture-repository/target/harness-dashboard/data/artifacts/264293643e8f7cf0a1b7e0b48c9d73c0199c754d4ec3a195759216b50f839cf5.json",
      "proposed_path": "docs/engineering/plugin-integration/evidence/WO-PLG-011/native/0024.json",
      "sha256": "264293643e8f7cf0a1b7e0b48c9d73c0199c754d4ec3a195759216b50f839cf5",
      "bytes": 1949
    },
    {
      "original_path": "docs/engineering/plugin-integration/evidence/WO-PLG-011/acceptance/linux-replay-attempt2/native-products/capture-repository/target/harness-dashboard/data/artifacts/67a735968173b15ad87afe5d6ca876c87eaabb64b4a24dcef152998aa8b63b92.json",
      "proposed_path": "docs/engineering/plugin-integration/evidence/WO-PLG-011/native/0025.json",
      "sha256": "67a735968173b15ad87afe5d6ca876c87eaabb64b4a24dcef152998aa8b63b92",
      "bytes": 734
    },
    {
      "original_path": "docs/engineering/plugin-integration/evidence/WO-PLG-011/acceptance/linux-replay-attempt2/native-products/capture-repository/target/harness-dashboard/data/artifacts/769f4a5a9f168dc3f9f8b48f14ab0bff96d3062b411c77a36cffb558a677bd9d.json",
      "proposed_path": "docs/engineering/plugin-integration/evidence/WO-PLG-011/native/0026.json",
      "sha256": "769f4a5a9f168dc3f9f8b48f14ab0bff96d3062b411c77a36cffb558a677bd9d",
      "bytes": 775
    },
    {
      "original_path": "docs/engineering/plugin-integration/evidence/WO-PLG-011/acceptance/linux-replay-attempt2/native-products/capture-repository/target/harness-dashboard/data/artifacts/79598de6b0dc18a42df712af22e8e808e4378724073a4f528c175f2a085a5bf0.json",
      "proposed_path": "docs/engineering/plugin-integration/evidence/WO-PLG-011/native/0027.json",
      "sha256": "79598de6b0dc18a42df712af22e8e808e4378724073a4f528c175f2a085a5bf0",
      "bytes": 835
    },
    {
      "original_path": "docs/engineering/plugin-integration/evidence/WO-PLG-011/acceptance/linux-replay-attempt2/native-products/capture-repository/target/harness-dashboard/data/artifacts/e432e0f04987b1d7cb8bc110e0323c2cef83b5aa7f5be187268dcd963ff79323.json",
      "proposed_path": "docs/engineering/plugin-integration/evidence/WO-PLG-011/native/0028.json",
      "sha256": "e432e0f04987b1d7cb8bc110e0323c2cef83b5aa7f5be187268dcd963ff79323",
      "bytes": 832
    },
    {
      "original_path": "docs/engineering/plugin-integration/evidence/WO-PLG-011/acceptance/linux-replay-attempt2/native-products/capture-repository/target/harness-dashboard/data/readiness/9ec92835065e0acf77ce0430a5a7fe2d81bef5e7d7e266e551f9cc182781b84e.json",
      "proposed_path": "docs/engineering/plugin-integration/evidence/WO-PLG-011/native/0029.json",
      "sha256": "9ec92835065e0acf77ce0430a5a7fe2d81bef5e7d7e266e551f9cc182781b84e",
      "bytes": 3103
    },
    {
      "original_path": "docs/engineering/plugin-integration/evidence/WO-PLG-011/acceptance/linux-replay-attempt2/native-products/capture-repository/target/harness-dashboard/data/summary/75d4e6e9f0cf0bd01d0e9d8210f53c198361e76681d2a448a8e268b5ed4b7114.json",
      "proposed_path": "docs/engineering/plugin-integration/evidence/WO-PLG-011/native/0030.json",
      "sha256": "75d4e6e9f0cf0bd01d0e9d8210f53c198361e76681d2a448a8e268b5ed4b7114",
      "bytes": 1019
    },
    {
      "original_path": "docs/engineering/plugin-integration/evidence/WO-PLG-011/acceptance/linux-replay-attempt2/native-products/capture-repository/target/harness-dashboard/data/topology/5f056d6e5d4b8cad9e6f7039c926faf51de246bb66275e0932c89385fa86104d.json",
      "proposed_path": "docs/engineering/plugin-integration/evidence/WO-PLG-011/native/0031.json",
      "sha256": "5f056d6e5d4b8cad9e6f7039c926faf51de246bb66275e0932c89385fa86104d",
      "bytes": 4940
    },
    {
      "original_path": "docs/engineering/plugin-integration/evidence/WO-PLG-011/acceptance/linux-replay-attempt2/native-products/capture-repository/target/harness-dashboard/generation-summary.json",
      "proposed_path": "docs/engineering/plugin-integration/evidence/WO-PLG-011/native/0032.json",
      "sha256": "c7a1919851d2e8c065acc8bac9394462543fa892884829c5af68435837df18e2",
      "bytes": 1461
    },
    {
      "original_path": "docs/engineering/plugin-integration/evidence/WO-PLG-011/acceptance/linux-replay-attempt2/native-products/capture-repository/target/harness-dashboard/index.html",
      "proposed_path": "docs/engineering/plugin-integration/evidence/WO-PLG-011/native/0033.html",
      "sha256": "5630df7cb4252bac94fbacdc118fe4476e46fd74ee2ab15335abdc573c2fa171",
      "bytes": 442824
    },
    {
      "original_path": "docs/engineering/plugin-integration/evidence/WO-PLG-011/acceptance/linux-replay-attempt2/native-products/corrected-repository/docs/engineering/evidence-demo/evidence/VREC-EVD-001-evaluator.json",
      "proposed_path": "docs/engineering/plugin-integration/evidence/WO-PLG-011/native/0034.json",
      "sha256": "9cd3c7c8c9210b5d5438028383b92b64fb04146e56a9cd7c1096b40a94738845",
      "bytes": 881
    },
    {
      "original_path": "docs/engineering/plugin-integration/evidence/WO-PLG-011/acceptance/linux-replay-attempt2/native-products/corrected-repository/docs/engineering/evidence-demo/verification-records/VREC-EVD-001.md",
      "proposed_path": "docs/engineering/plugin-integration/evidence/WO-PLG-011/native/0035.md",
      "sha256": "4bfc0077bd3cd45c461bed48f5babdff0fb4be2548e7a18d8e950b5825ba9f49",
      "bytes": 1287
    },
    {
      "original_path": "docs/engineering/plugin-integration/evidence/WO-PLG-011/acceptance/linux-replay-attempt2/native-products/corrected-repository/target/harness-dashboard/content/b67d95c5fad647f2ab9db5150a6d2a6c65e54aa317bd3c03febae636eab5ffc8.txt",
      "proposed_path": "docs/engineering/plugin-integration/evidence/WO-PLG-011/native/0036.txt",
      "sha256": "b67d95c5fad647f2ab9db5150a6d2a6c65e54aa317bd3c03febae636eab5ffc8",
      "bytes": 19687
    },
    {
      "original_path": "docs/engineering/plugin-integration/evidence/WO-PLG-011/acceptance/linux-replay-attempt2/native-products/corrected-repository/target/harness-dashboard/dashboard-manifest.json",
      "proposed_path": "docs/engineering/plugin-integration/evidence/WO-PLG-011/native/0037.json",
      "sha256": "aaca3f1d94e990a5d709602f5e8d2f6064f961b3414cf21ad3a4a7bdee897780",
      "bytes": 4697
    },
    {
      "original_path": "docs/engineering/plugin-integration/evidence/WO-PLG-011/acceptance/linux-replay-attempt2/native-products/corrected-repository/target/harness-dashboard/data/artifacts/0b1c904a2691c0806bbdd9cd3114ae25f02cf1402ccef943e76e7c7b7faa46c1.json",
      "proposed_path": "docs/engineering/plugin-integration/evidence/WO-PLG-011/native/0038.json",
      "sha256": "0b1c904a2691c0806bbdd9cd3114ae25f02cf1402ccef943e76e7c7b7faa46c1",
      "bytes": 722
    },
    {
      "original_path": "docs/engineering/plugin-integration/evidence/WO-PLG-011/acceptance/linux-replay-attempt2/native-products/corrected-repository/target/harness-dashboard/data/artifacts/2262514df3a78b0a166c0279982a64ad6cdfb5eab9c18a22a293deb9549b8385.json",
      "proposed_path": "docs/engineering/plugin-integration/evidence/WO-PLG-011/native/0039.json",
      "sha256": "2262514df3a78b0a166c0279982a64ad6cdfb5eab9c18a22a293deb9549b8385",
      "bytes": 856
    },
    {
      "original_path": "docs/engineering/plugin-integration/evidence/WO-PLG-011/acceptance/linux-replay-attempt2/native-products/corrected-repository/target/harness-dashboard/data/artifacts/264293643e8f7cf0a1b7e0b48c9d73c0199c754d4ec3a195759216b50f839cf5.json",
      "proposed_path": "docs/engineering/plugin-integration/evidence/WO-PLG-011/native/0040.json",
      "sha256": "264293643e8f7cf0a1b7e0b48c9d73c0199c754d4ec3a195759216b50f839cf5",
      "bytes": 1949
    },
    {
      "original_path": "docs/engineering/plugin-integration/evidence/WO-PLG-011/acceptance/linux-replay-attempt2/native-products/corrected-repository/target/harness-dashboard/data/artifacts/67a735968173b15ad87afe5d6ca876c87eaabb64b4a24dcef152998aa8b63b92.json",
      "proposed_path": "docs/engineering/plugin-integration/evidence/WO-PLG-011/native/0041.json",
      "sha256": "67a735968173b15ad87afe5d6ca876c87eaabb64b4a24dcef152998aa8b63b92",
      "bytes": 734
    },
    {
      "original_path": "docs/engineering/plugin-integration/evidence/WO-PLG-011/acceptance/linux-replay-attempt2/native-products/corrected-repository/target/harness-dashboard/data/artifacts/769f4a5a9f168dc3f9f8b48f14ab0bff96d3062b411c77a36cffb558a677bd9d.json",
      "proposed_path": "docs/engineering/plugin-integration/evidence/WO-PLG-011/native/0042.json",
      "sha256": "769f4a5a9f168dc3f9f8b48f14ab0bff96d3062b411c77a36cffb558a677bd9d",
      "bytes": 775
    },
    {
      "original_path": "docs/engineering/plugin-integration/evidence/WO-PLG-011/acceptance/linux-replay-attempt2/native-products/corrected-repository/target/harness-dashboard/data/artifacts/79598de6b0dc18a42df712af22e8e808e4378724073a4f528c175f2a085a5bf0.json",
      "proposed_path": "docs/engineering/plugin-integration/evidence/WO-PLG-011/native/0043.json",
      "sha256": "79598de6b0dc18a42df712af22e8e808e4378724073a4f528c175f2a085a5bf0",
      "bytes": 835
    },
    {
      "original_path": "docs/engineering/plugin-integration/evidence/WO-PLG-011/acceptance/linux-replay-attempt2/native-products/corrected-repository/target/harness-dashboard/data/artifacts/e432e0f04987b1d7cb8bc110e0323c2cef83b5aa7f5be187268dcd963ff79323.json",
      "proposed_path": "docs/engineering/plugin-integration/evidence/WO-PLG-011/native/0044.json",
      "sha256": "e432e0f04987b1d7cb8bc110e0323c2cef83b5aa7f5be187268dcd963ff79323",
      "bytes": 832
    },
    {
      "original_path": "docs/engineering/plugin-integration/evidence/WO-PLG-011/acceptance/linux-replay-attempt2/native-products/corrected-repository/target/harness-dashboard/data/readiness/9ec92835065e0acf77ce0430a5a7fe2d81bef5e7d7e266e551f9cc182781b84e.json",
      "proposed_path": "docs/engineering/plugin-integration/evidence/WO-PLG-011/native/0045.json",
      "sha256": "9ec92835065e0acf77ce0430a5a7fe2d81bef5e7d7e266e551f9cc182781b84e",
      "bytes": 3103
    },
    {
      "original_path": "docs/engineering/plugin-integration/evidence/WO-PLG-011/acceptance/linux-replay-attempt2/native-products/corrected-repository/target/harness-dashboard/data/summary/bc9dff153a1325b439a223ee652a95851c63fb81e548f9accd94892e596d6403.json",
      "proposed_path": "docs/engineering/plugin-integration/evidence/WO-PLG-011/native/0046.json",
      "sha256": "bc9dff153a1325b439a223ee652a95851c63fb81e548f9accd94892e596d6403",
      "bytes": 1021
    },
    {
      "original_path": "docs/engineering/plugin-integration/evidence/WO-PLG-011/acceptance/linux-replay-attempt2/native-products/corrected-repository/target/harness-dashboard/data/topology/5f056d6e5d4b8cad9e6f7039c926faf51de246bb66275e0932c89385fa86104d.json",
      "proposed_path": "docs/engineering/plugin-integration/evidence/WO-PLG-011/native/0047.json",
      "sha256": "5f056d6e5d4b8cad9e6f7039c926faf51de246bb66275e0932c89385fa86104d",
      "bytes": 4940
    },
    {
      "original_path": "docs/engineering/plugin-integration/evidence/WO-PLG-011/acceptance/linux-replay-attempt2/native-products/corrected-repository/target/harness-dashboard/generation-summary.json",
      "proposed_path": "docs/engineering/plugin-integration/evidence/WO-PLG-011/native/0048.json",
      "sha256": "38f7cbfa756206243f27bf0e5e26712075b1c977616e47325676ea5e4959a8d2",
      "bytes": 1461
    },
    {
      "original_path": "docs/engineering/plugin-integration/evidence/WO-PLG-011/acceptance/linux-replay-attempt2/native-products/corrected-repository/target/harness-dashboard/index.html",
      "proposed_path": "docs/engineering/plugin-integration/evidence/WO-PLG-011/native/0049.html",
      "sha256": "54a5044682f250680c19e3ad175ba83ea1a00089dea06937942b520159a36af7",
      "bytes": 442824
    },
    {
      "original_path": "docs/engineering/plugin-integration/evidence/WO-PLG-011/acceptance/linux-replay-attempt2/native-products/handoff-repository/docs/engineering/evidence-demo/evidence/WO-EVD-001/WO-EVD-001-handoff.md",
      "proposed_path": "docs/engineering/plugin-integration/evidence/WO-PLG-011/native/0050.md",
      "sha256": "912cfb3d11e44878aa09f1a0c15cb688058db2deec7da8f0d5de4845caa88f72",
      "bytes": 286
    },
    {
      "original_path": "docs/engineering/plugin-integration/evidence/WO-PLG-011/acceptance/linux-replay-attempt2/native-products/handoff-repository/docs/engineering/evidence-demo/evidence/WO-EVD-001/handoff.json",
      "proposed_path": "docs/engineering/plugin-integration/evidence/WO-PLG-011/native/0051.json",
      "sha256": "4900e0c932278c8a833228b0c734db5a356dc0c60dcc30356765535c87ea589a",
      "bytes": 8870
    },
    {
      "original_path": "docs/engineering/plugin-integration/evidence/WO-PLG-011/acceptance/linux-replay-attempt2/native-products/partial-uncertain-repository/docs/engineering/evidence-demo/verification-records/VREC-EVD-001.md",
      "proposed_path": "docs/engineering/plugin-integration/evidence/WO-PLG-011/native/0052.md",
      "sha256": "4bfc0077bd3cd45c461bed48f5babdff0fb4be2548e7a18d8e950b5825ba9f49",
      "bytes": 1287
    },
    {
      "original_path": "docs/engineering/plugin-integration/evidence/WO-PLG-011/acceptance/linux-replay-attempt2/native-products/release-repository/docs/engineering/evidence-demo/evidence/RLS-EVD-001-evaluator.json",
      "proposed_path": "docs/engineering/plugin-integration/evidence/WO-PLG-011/native/0053.json",
      "sha256": "9cd3c7c8c9210b5d5438028383b92b64fb04146e56a9cd7c1096b40a94738845",
      "bytes": 881
    },
    {
      "original_path": "docs/engineering/plugin-integration/evidence/WO-PLG-011/acceptance/linux-replay-attempt2/native-products/release-repository/docs/engineering/evidence-demo/releases/RLS-EVD-001.md",
      "proposed_path": "docs/engineering/plugin-integration/evidence/WO-PLG-011/native/0054.md",
      "sha256": "669813570a3441b15c7161c56aa7fe3c00918eb2dcb093b92d9892c96b2b8c68",
      "bytes": 1110
    },
    {
      "original_path": "docs/engineering/plugin-integration/evidence/WO-PLG-011/acceptance/linux-replay-attempt2/native-products/release-repository/docs/engineering/evidence-demo/verification-records/VREC-EVD-001.md",
      "proposed_path": "docs/engineering/plugin-integration/evidence/WO-PLG-011/native/0055.md",
      "sha256": "cbdd139c16647110e4767de16d82f7e3b30276264c3ec34a897d61307b94762a",
      "bytes": 1367
    }
  ],
  "old_max_relative_length": 235,
  "proposed_max_relative_length": 72,
  "ci_checkout_root": "D:/a/se_harness/se_harness"
}

4bb595a8a3482b4b714125cfa92b5b7e549d20f0 blob 5700
+++
id = "VREC-PLG-001"
type = "verification_record"
title = "Verification candidate for WO-PLG-003"
status = "verified"
owners = ["engineering-owner"]
created = "2026-09-09"
updated = "2026-09-09"
commit = "a8c880a11e0cece6932695b7951cfa047a9f691c"
git_object_format = "sha1"
worktree_state = "clean"
prepared_at = "2026-09-09T17:40:47Z"
prepared_by = "engineering-owner"
artifact_snapshot_sha256 = "f377fe2807239df04772d94daec49655dc50af5a78f0fbf3de6c36febf28f646"
evidence_paths = ["docs/engineering/plugin-integration/evidence/WO-PLG-003/20260909-live/complete-sequence-ready/transcript.json", "docs/engineering/plugin-integration/evidence/WO-PLG-003/20260909-live/complete-sequence-repair/transcript.json", "docs/engineering/plugin-integration/evidence/WO-PLG-003/20260909-live/complete-sequence-repaired-ready/transcript.json", "docs/engineering/plugin-integration/evidence/WO-PLG-003/20260909-live/complete-sequence-setup/transcript.json", "docs/engineering/plugin-integration/evidence/WO-PLG-003/20260909-live/complete-sequence-summary/runtime-readiness-observations.json", "docs/engineering/plugin-integration/evidence/WO-PLG-003/20260909-live/complete-sequence-summary/summary.json", "docs/engineering/plugin-integration/evidence/WO-PLG-003/20260909-live/final-complete-fixture-tests/result.json", "docs/engineering/plugin-integration/evidence/WO-PLG-003/20260909-live/readiness-fixture-inputs/synthetic-inputs/path-map.json", "docs/engineering/plugin-integration/evidence/WO-PLG-003/20260909-live/sentinel-context-upgrade/change/source-digests.json", "docs/engineering/plugin-integration/evidence/WO-PLG-003/C01/observations.json", "docs/engineering/plugin-integration/evidence/WO-PLG-003/C02/observations.json", "docs/engineering/plugin-integration/evidence/WO-PLG-003/C03/observations.json", "docs/engineering/plugin-integration/evidence/WO-PLG-003/C04/observations.json", "docs/engineering/plugin-integration/evidence/WO-PLG-003/C05/observations.json", "docs/engineering/plugin-integration/evidence/WO-PLG-003/C06/observations.json", "docs/engineering/plugin-integration/evidence/WO-PLG-003/C07/observations.json", "docs/engineering/plugin-integration/evidence/WO-PLG-003/report.md", "docs/engineering/plugin-integration/evidence/WO-PLG-003/repository-checks/authenticated-continuation/completion-main-017/candidate-help.json", "docs/engineering/plugin-integration/evidence/WO-PLG-003/repository-checks/authenticated-continuation/completion-main-017/candidate-help.stderr.txt", "docs/engineering/plugin-integration/evidence/WO-PLG-003/repository-checks/authenticated-continuation/completion-main-017/candidate-help.stdout.txt", "docs/engineering/plugin-integration/evidence/WO-PLG-003/repository-checks/authenticated-continuation/completion-main-017/distribution-records.json", "docs/engineering/plugin-integration/evidence/WO-PLG-003/repository-checks/authenticated-continuation/completion-main-017/distribution-records.stderr.txt", "docs/engineering/plugin-integration/evidence/WO-PLG-003/repository-checks/authenticated-continuation/completion-main-017/distribution-records.stdout.txt", "docs/engineering/plugin-integration/evidence/WO-PLG-003/repository-checks/authenticated-continuation/completion-main-017/released-doctor.json", "docs/engineering/plugin-integration/evidence/WO-PLG-003/repository-checks/authenticated-continuation/completion-main-017/released-doctor.stderr.txt", "docs/engineering/plugin-integration/evidence/WO-PLG-003/repository-checks/authenticated-continuation/completion-main-017/released-doctor.stdout.txt", "docs/engineering/plugin-integration/evidence/WO-PLG-003/repository-checks/authenticated-continuation/completion-main-017/released-validate.json", "docs/engineering/plugin-integration/evidence/WO-PLG-003/repository-checks/authenticated-continuation/completion-main-017/released-validate.stderr.txt", "docs/engineering/plugin-integration/evidence/WO-PLG-003/repository-checks/authenticated-continuation/completion-main-017/released-validate.stdout.txt", "docs/engineering/plugin-integration/evidence/WO-PLG-003/repository-checks/authenticated-continuation/independent-evidence-review.json", "docs/engineering/plugin-integration/evidence/WO-PLG-003/repository-checks/authenticated-continuation/supplied-runtime-inventory.json"]
evaluator_evidence_path = "docs/engineering/plugin-integration/evidence/VREC-PLG-001-evaluator.json"
evaluator_evidence_sha256 = "44d4b74d9febe03a0828dfeee8cd8322fd02db74ff866d7191440e17164e7abb"

verified_at = "2026-09-09T18:05:31Z"
verified_by = "assurance-owner"
[relations]
verifies_work_order = ["WO-PLG-003"]
conforms_to = ["VER-PLG-003"]

[[lifecycle_events]]
from = "ready"
to = "verified"
decided_at = "2026-09-09T18:05:31Z"
decided_by = "assurance-owner"
reason = "Operator explicitly stated \"i verify both record\" in this Codex task on 2026-09-09, selecting VREC-PLG-001 and VREC-PLG-002 for the assurance decision. Record the assurance-owner decision for VREC-PLG-001 at its bound candidate a8c880a11e0cece6932695b7951cfa047a9f691c. The retained C02 and platform coverage limits remain disclosed; no unperformed case is claimed as passing. This decision changes only this VREC, without changing WO state or authorizing production support, release or PR merge."
+++

# Verification Record Candidate

This ready record binds retained evidence for `WO-PLG-003` to candidate commit `a8c880a11e0cece6932695b7951cfa047a9f691c`. An accountable assurance owner must review the evidence and transition the record to `verified`; this command did not approve, commit, tag, release, or publish anything.

The record is intentionally created after the candidate commit it names, avoiding self-referential commit metadata.

65b6f2b1a32cad96ac27283e049d6527b517d5e5 blob 6036
+++
id = "VREC-PLG-002"
type = "verification_record"
title = "Verification candidate for WO-PLG-004"
status = "verified"
owners = ["engineering-owner"]
created = "2026-09-09"
updated = "2026-09-09"
commit = "2f3073bebe607e6fb393fa55a1943c32d3f4b52f"
git_object_format = "sha1"
worktree_state = "clean"
prepared_at = "2026-09-09T17:41:40Z"
prepared_by = "engineering-owner"
artifact_snapshot_sha256 = "edca3b3da3a9ee7dcca42e988157285a0dea9b67214180a620dd77c6b8ba0d3d"
evidence_paths = ["docs/engineering/plugin-integration/evidence/WO-PLG-004/20260909-context-envelope/C05/commands.json", "docs/engineering/plugin-integration/evidence/WO-PLG-004/20260909-context-envelope/C05/observations.json", "docs/engineering/plugin-integration/evidence/WO-PLG-004/20260909-context-envelope/C06/commands.json", "docs/engineering/plugin-integration/evidence/WO-PLG-004/20260909-context-envelope/C06/observations.json", "docs/engineering/plugin-integration/evidence/WO-PLG-004/20260909-context-envelope/identities.json", "docs/engineering/plugin-integration/evidence/WO-PLG-004/20260909-final-tests/unit-tests-final.json", "docs/engineering/plugin-integration/evidence/WO-PLG-004/20260909-live-prerequisite-scoped/C02/commands.json", "docs/engineering/plugin-integration/evidence/WO-PLG-004/20260909-live-prerequisite-scoped/C02/observations.json", "docs/engineering/plugin-integration/evidence/WO-PLG-004/20260909-live-prerequisite-scoped/identities.json", "docs/engineering/plugin-integration/evidence/WO-PLG-004/20260909-live-ready-repair-02/C07/commands.json", "docs/engineering/plugin-integration/evidence/WO-PLG-004/20260909-live-ready-repair-02/C07/observations.json", "docs/engineering/plugin-integration/evidence/WO-PLG-004/20260909-live-ready-repair-02/after-repair-start.debug.txt", "docs/engineering/plugin-integration/evidence/WO-PLG-004/20260909-live-ready-repair-02/after-setup-start.debug.txt", "docs/engineering/plugin-integration/evidence/WO-PLG-004/20260909-live-ready-repair-02/fixture/dependency-recovery.json", "docs/engineering/plugin-integration/evidence/WO-PLG-004/20260909-live-ready-repair-02/identities.json", "docs/engineering/plugin-integration/evidence/WO-PLG-004/20260909-live-ready-repair-02/isolation.json", "docs/engineering/plugin-integration/evidence/WO-PLG-004/20260909-live-ready-repair-02/repository-fixture-map.json", "docs/engineering/plugin-integration/evidence/WO-PLG-004/20260909-live-ready-repair-02/verdict-review.json", "docs/engineering/plugin-integration/evidence/WO-PLG-004/20260909-live-sessions/C01-complete/commands.json", "docs/engineering/plugin-integration/evidence/WO-PLG-004/20260909-live-sessions/C01-complete/observations.json", "docs/engineering/plugin-integration/evidence/WO-PLG-004/20260909-live-sessions/C03/commands.json", "docs/engineering/plugin-integration/evidence/WO-PLG-004/20260909-live-sessions/C03/observations.json", "docs/engineering/plugin-integration/evidence/WO-PLG-004/20260909-live-sessions/C04-complete/commands.json", "docs/engineering/plugin-integration/evidence/WO-PLG-004/20260909-live-sessions/C04-complete/compact.debug.txt", "docs/engineering/plugin-integration/evidence/WO-PLG-004/20260909-live-sessions/C04-complete/observations.json", "docs/engineering/plugin-integration/evidence/WO-PLG-004/20260909-live-sessions/C04-complete/resume.debug.txt", "docs/engineering/plugin-integration/evidence/WO-PLG-004/20260909-live-sessions/identities.json", "docs/engineering/plugin-integration/evidence/WO-PLG-004/REPORT.md", "docs/engineering/plugin-integration/evidence/WO-PLG-004/case-status.json", "docs/engineering/plugin-integration/evidence/WO-PLG-004/continuation-inventory-windows.json", "docs/engineering/plugin-integration/evidence/WO-PLG-004/continuation-public-audit.json", "docs/engineering/plugin-integration/evidence/WO-PLG-004/repository-checks/authenticated-continuation/completion-main-017/candidate-help.json", "docs/engineering/plugin-integration/evidence/WO-PLG-004/repository-checks/authenticated-continuation/completion-main-017/distribution-records.json", "docs/engineering/plugin-integration/evidence/WO-PLG-004/repository-checks/authenticated-continuation/completion-main-017/released-doctor.json", "docs/engineering/plugin-integration/evidence/WO-PLG-004/repository-checks/authenticated-continuation/completion-main-017/released-validate.json", "docs/engineering/plugin-integration/evidence/WO-PLG-004/repository-checks/authenticated-continuation/independent-evidence-review.json", "docs/engineering/plugin-integration/evidence/WO-PLG-004/repository-checks/authenticated-continuation/supplied-runtime-inventory.json"]
evaluator_evidence_path = "docs/engineering/plugin-integration/evidence/VREC-PLG-002-evaluator.json"
evaluator_evidence_sha256 = "44d4b74d9febe03a0828dfeee8cd8322fd02db74ff866d7191440e17164e7abb"

verified_at = "2026-09-09T18:05:40Z"
verified_by = "assurance-owner"
[relations]
verifies_work_order = ["WO-PLG-004"]
conforms_to = ["VER-PLG-004"]

[[lifecycle_events]]
from = "ready"
to = "verified"
decided_at = "2026-09-09T18:05:40Z"
decided_by = "assurance-owner"
reason = "Operator explicitly stated \"i verify both record\" in this Codex task on 2026-09-09, selecting VREC-PLG-001 and VREC-PLG-002 for the assurance decision. Record the assurance-owner decision for VREC-PLG-002 at its bound candidate 2f3073bebe607e6fb393fa55a1943c32d3f4b52f. The retained C02 and platform coverage limits remain disclosed; no unperformed case is claimed as passing. This decision changes only this VREC, without changing WO state or authorizing production support, release or PR merge."
+++

# Verification Record Candidate

This ready record binds retained evidence for `WO-PLG-004` to candidate commit `2f3073bebe607e6fb393fa55a1943c32d3f4b52f`. An accountable assurance owner must review the evidence and transition the record to `verified`; this command did not approve, commit, tag, release, or publish anything.

The record is intentionally created after the candidate commit it names, avoiding self-referential commit metadata.

626ed7b7fa241633e0bec69047a1cf828f880a3f blob 18384
+++
id = "VREC-PLG-003"
type = "verification_record"
title = "Verification candidate for WO-PLG-001"
status = "verified"
owners = ["engineering-owner"]
created = "2026-09-09"
updated = "2026-09-09"
commit = "b8d6f04a15bf411aec3e1339b56467ce5a4781df"
git_object_format = "sha1"
worktree_state = "clean"
prepared_at = "2026-09-09T19:51:03Z"
prepared_by = "engineering-owner"
artifact_snapshot_sha256 = "7c326f975022891447f4fe1d664bf1d90999c1bd1e4dee065cb759071d9a374d"
evidence_paths = ["docs/engineering/plugin-integration/evidence/WO-PLG-001/C01/actions.txt", "docs/engineering/plugin-integration/evidence/WO-PLG-001/C01/claude-inventory.json", "docs/engineering/plugin-integration/evidence/WO-PLG-001/C01/codex-inventory.json", "docs/engineering/plugin-integration/evidence/WO-PLG-001/C01/independent-calculations.json", "docs/engineering/plugin-integration/evidence/WO-PLG-001/C01/observations.json", "docs/engineering/plugin-integration/evidence/WO-PLG-001/C01/stderr.txt", "docs/engineering/plugin-integration/evidence/WO-PLG-001/C01/stdout.txt", "docs/engineering/plugin-integration/evidence/WO-PLG-001/C02/actions.txt", "docs/engineering/plugin-integration/evidence/WO-PLG-001/C02/observations.json", "docs/engineering/plugin-integration/evidence/WO-PLG-001/C02/stderr.txt", "docs/engineering/plugin-integration/evidence/WO-PLG-001/C02/stdout.txt", "docs/engineering/plugin-integration/evidence/WO-PLG-001/C03/actions.txt", "docs/engineering/plugin-integration/evidence/WO-PLG-001/C03/observations.json", "docs/engineering/plugin-integration/evidence/WO-PLG-001/C03/stderr.txt", "docs/engineering/plugin-integration/evidence/WO-PLG-001/C03/stdout.txt", "docs/engineering/plugin-integration/evidence/WO-PLG-001/C04/actions.txt", "docs/engineering/plugin-integration/evidence/WO-PLG-001/C04/divergent-digests.json", "docs/engineering/plugin-integration/evidence/WO-PLG-001/C04/observations.json", "docs/engineering/plugin-integration/evidence/WO-PLG-001/C04/stderr.txt", "docs/engineering/plugin-integration/evidence/WO-PLG-001/C04/stdout.txt", "docs/engineering/plugin-integration/evidence/WO-PLG-001/C05/actions.txt", "docs/engineering/plugin-integration/evidence/WO-PLG-001/C05/claude-listing.json", "docs/engineering/plugin-integration/evidence/WO-PLG-001/C05/codex-listing.json", "docs/engineering/plugin-integration/evidence/WO-PLG-001/C05/observations.json", "docs/engineering/plugin-integration/evidence/WO-PLG-001/C05/stderr.txt", "docs/engineering/plugin-integration/evidence/WO-PLG-001/C05/stdout.txt", "docs/engineering/plugin-integration/evidence/WO-PLG-001/C06/actions.txt", "docs/engineering/plugin-integration/evidence/WO-PLG-001/C06/observations.json", "docs/engineering/plugin-integration/evidence/WO-PLG-001/C06/sentinel-before-after.json", "docs/engineering/plugin-integration/evidence/WO-PLG-001/C06/stderr.txt", "docs/engineering/plugin-integration/evidence/WO-PLG-001/C06/stdout.txt", "docs/engineering/plugin-integration/evidence/WO-PLG-001/C07/actions.txt", "docs/engineering/plugin-integration/evidence/WO-PLG-001/C07/before-inventory.json", "docs/engineering/plugin-integration/evidence/WO-PLG-001/C07/independent-listing.json", "docs/engineering/plugin-integration/evidence/WO-PLG-001/C07/observations.json", "docs/engineering/plugin-integration/evidence/WO-PLG-001/C07/omitted-inventory.json", "docs/engineering/plugin-integration/evidence/WO-PLG-001/C07/stderr.txt", "docs/engineering/plugin-integration/evidence/WO-PLG-001/C07/stdout.txt", "docs/engineering/plugin-integration/evidence/WO-PLG-001/C08/actions.txt", "docs/engineering/plugin-integration/evidence/WO-PLG-001/C08/final-listing.json", "docs/engineering/plugin-integration/evidence/WO-PLG-001/C08/interruption-trace.txt", "docs/engineering/plugin-integration/evidence/WO-PLG-001/C08/observations.json", "docs/engineering/plugin-integration/evidence/WO-PLG-001/C08/partial-listing.json", "docs/engineering/plugin-integration/evidence/WO-PLG-001/C08/stderr.txt", "docs/engineering/plugin-integration/evidence/WO-PLG-001/C08/stdout.txt", "docs/engineering/plugin-integration/evidence/WO-PLG-001/README.md", "docs/engineering/plugin-integration/evidence/WO-PLG-001/attempts/acceptance-01/C01/actions.txt", "docs/engineering/plugin-integration/evidence/WO-PLG-001/attempts/acceptance-01/C01/claude-inventory.json", "docs/engineering/plugin-integration/evidence/WO-PLG-001/attempts/acceptance-01/C01/codex-inventory.json", "docs/engineering/plugin-integration/evidence/WO-PLG-001/attempts/acceptance-01/C01/independent-calculations.json", "docs/engineering/plugin-integration/evidence/WO-PLG-001/attempts/acceptance-01/C01/observations.json", "docs/engineering/plugin-integration/evidence/WO-PLG-001/attempts/acceptance-01/C01/stderr.txt", "docs/engineering/plugin-integration/evidence/WO-PLG-001/attempts/acceptance-01/C01/stdout.txt", "docs/engineering/plugin-integration/evidence/WO-PLG-001/attempts/acceptance-01/C02/actions.txt", "docs/engineering/plugin-integration/evidence/WO-PLG-001/attempts/acceptance-01/C02/observations.json", "docs/engineering/plugin-integration/evidence/WO-PLG-001/attempts/acceptance-01/C02/stderr.txt", "docs/engineering/plugin-integration/evidence/WO-PLG-001/attempts/acceptance-01/C02/stdout.txt", "docs/engineering/plugin-integration/evidence/WO-PLG-001/attempts/acceptance-01/C03/actions.txt", "docs/engineering/plugin-integration/evidence/WO-PLG-001/attempts/acceptance-01/C03/observations.json", "docs/engineering/plugin-integration/evidence/WO-PLG-001/attempts/acceptance-01/C03/stderr.txt", "docs/engineering/plugin-integration/evidence/WO-PLG-001/attempts/acceptance-01/C03/stdout.txt", "docs/engineering/plugin-integration/evidence/WO-PLG-001/attempts/acceptance-01/C04/actions.txt", "docs/engineering/plugin-integration/evidence/WO-PLG-001/attempts/acceptance-01/C04/divergent-digests.json", "docs/engineering/plugin-integration/evidence/WO-PLG-001/attempts/acceptance-01/C04/observations.json", "docs/engineering/plugin-integration/evidence/WO-PLG-001/attempts/acceptance-01/C04/stderr.txt", "docs/engineering/plugin-integration/evidence/WO-PLG-001/attempts/acceptance-01/C04/stdout.txt", "docs/engineering/plugin-integration/evidence/WO-PLG-001/attempts/acceptance-01/C05/actions.txt", "docs/engineering/plugin-integration/evidence/WO-PLG-001/attempts/acceptance-01/C05/claude-listing.json", "docs/engineering/plugin-integration/evidence/WO-PLG-001/attempts/acceptance-01/C05/codex-listing.json", "docs/engineering/plugin-integration/evidence/WO-PLG-001/attempts/acceptance-01/C05/observations.json", "docs/engineering/plugin-integration/evidence/WO-PLG-001/attempts/acceptance-01/C05/stderr.txt", "docs/engineering/plugin-integration/evidence/WO-PLG-001/attempts/acceptance-01/C05/stdout.txt", "docs/engineering/plugin-integration/evidence/WO-PLG-001/attempts/acceptance-01/C06/actions.txt", "docs/engineering/plugin-integration/evidence/WO-PLG-001/attempts/acceptance-01/C06/observations.json", "docs/engineering/plugin-integration/evidence/WO-PLG-001/attempts/acceptance-01/C06/sentinel-before-after.json", "docs/engineering/plugin-integration/evidence/WO-PLG-001/attempts/acceptance-01/C06/stderr.txt", "docs/engineering/plugin-integration/evidence/WO-PLG-001/attempts/acceptance-01/C06/stdout.txt", "docs/engineering/plugin-integration/evidence/WO-PLG-001/attempts/acceptance-01/C07/actions.txt", "docs/engineering/plugin-integration/evidence/WO-PLG-001/attempts/acceptance-01/C07/before-inventory.json", "docs/engineering/plugin-integration/evidence/WO-PLG-001/attempts/acceptance-01/C07/independent-listing.json", "docs/engineering/plugin-integration/evidence/WO-PLG-001/attempts/acceptance-01/C07/observations.json", "docs/engineering/plugin-integration/evidence/WO-PLG-001/attempts/acceptance-01/C07/omitted-inventory.json", "docs/engineering/plugin-integration/evidence/WO-PLG-001/attempts/acceptance-01/C07/stderr.txt", "docs/engineering/plugin-integration/evidence/WO-PLG-001/attempts/acceptance-01/C07/stdout.txt", "docs/engineering/plugin-integration/evidence/WO-PLG-001/attempts/acceptance-01/C08/actions.txt", "docs/engineering/plugin-integration/evidence/WO-PLG-001/attempts/acceptance-01/C08/final-listing.json", "docs/engineering/plugin-integration/evidence/WO-PLG-001/attempts/acceptance-01/C08/interruption-trace.txt", "docs/engineering/plugin-integration/evidence/WO-PLG-001/attempts/acceptance-01/C08/observations.json", "docs/engineering/plugin-integration/evidence/WO-PLG-001/attempts/acceptance-01/C08/partial-listing.json", "docs/engineering/plugin-integration/evidence/WO-PLG-001/attempts/acceptance-01/C08/stderr.txt", "docs/engineering/plugin-integration/evidence/WO-PLG-001/attempts/acceptance-01/C08/stdout.txt", "docs/engineering/plugin-integration/evidence/WO-PLG-001/attempts/acceptance-01/case-summary.json", "docs/engineering/plugin-integration/evidence/WO-PLG-001/case-summary.json", "docs/engineering/plugin-integration/evidence/WO-PLG-001/governance/approve-applied.json", "docs/engineering/plugin-integration/evidence/WO-PLG-001/governance/approve-applied.stderr.txt", "docs/engineering/plugin-integration/evidence/WO-PLG-001/governance/approve-definitions-preview.json", "docs/engineering/plugin-integration/evidence/WO-PLG-001/governance/approve-definitions-preview.stderr.txt", "docs/engineering/plugin-integration/evidence/WO-PLG-001/governance/approve-plan.json", "docs/engineering/plugin-integration/evidence/WO-PLG-001/governance/approve-plan.stderr.txt", "docs/engineering/plugin-integration/evidence/WO-PLG-001/governance/completion-20260909/completion-applied-01.json", "docs/engineering/plugin-integration/evidence/WO-PLG-001/governance/completion-20260909/completion-applied-01.stderr.txt", "docs/engineering/plugin-integration/evidence/WO-PLG-001/governance/completion-20260909/completion-candidate-ci.json", "docs/engineering/plugin-integration/evidence/WO-PLG-001/governance/completion-20260909/completion-ci.json", "docs/engineering/plugin-integration/evidence/WO-PLG-001/governance/completion-20260909/completion-doctor-01.json", "docs/engineering/plugin-integration/evidence/WO-PLG-001/governance/completion-20260909/completion-doctor-01.stderr.txt", "docs/engineering/plugin-integration/evidence/WO-PLG-001/governance/completion-20260909/completion-plan-01.json", "docs/engineering/plugin-integration/evidence/WO-PLG-001/governance/completion-20260909/completion-plan-01.stderr.txt", "docs/engineering/plugin-integration/evidence/WO-PLG-001/governance/completion-20260909/completion-precheck-01.json", "docs/engineering/plugin-integration/evidence/WO-PLG-001/governance/completion-20260909/completion-precheck-01.stderr.txt", "docs/engineering/plugin-integration/evidence/WO-PLG-001/governance/completion-20260909/completion-scope-01.json", "docs/engineering/plugin-integration/evidence/WO-PLG-001/governance/completion-20260909/completion-scope-01.stderr.txt", "docs/engineering/plugin-integration/evidence/WO-PLG-001/governance/completion-20260909/completion-validate-01.json", "docs/engineering/plugin-integration/evidence/WO-PLG-001/governance/completion-20260909/completion-validate-01.stderr.txt", "docs/engineering/plugin-integration/evidence/WO-PLG-001/governance/completion-20260909/operator-decision.json", "docs/engineering/plugin-integration/evidence/WO-PLG-001/governance/completion-20260909/previous-handoff.json", "docs/engineering/plugin-integration/evidence/WO-PLG-001/governance/definitions-applied.json", "docs/engineering/plugin-integration/evidence/WO-PLG-001/governance/definitions-applied.stderr.txt", "docs/engineering/plugin-integration/evidence/WO-PLG-001/governance/definitions-plan.json", "docs/engineering/plugin-integration/evidence/WO-PLG-001/governance/definitions-plan.stderr.txt", "docs/engineering/plugin-integration/evidence/WO-PLG-001/governance/initial-packet-reading.json", "docs/engineering/plugin-integration/evidence/WO-PLG-001/governance/initial-packet-reading.stderr.txt", "docs/engineering/plugin-integration/evidence/WO-PLG-001/governance/pypi-0.17.0.json", "docs/engineering/plugin-integration/evidence/WO-PLG-001/governance/start-applied.json", "docs/engineering/plugin-integration/evidence/WO-PLG-001/governance/start-applied.stderr.txt", "docs/engineering/plugin-integration/evidence/WO-PLG-001/governance/start-plan.json", "docs/engineering/plugin-integration/evidence/WO-PLG-001/governance/start-plan.stderr.txt", "docs/engineering/plugin-integration/evidence/WO-PLG-001/governance/start-preflight.json", "docs/engineering/plugin-integration/evidence/WO-PLG-001/governance/start-preflight.stderr.txt", "docs/engineering/plugin-integration/evidence/WO-PLG-001/governance/start-reading.json", "docs/engineering/plugin-integration/evidence/WO-PLG-001/governance/start-reading.stderr.txt", "docs/engineering/plugin-integration/evidence/WO-PLG-001/implementation-inputs.json", "docs/engineering/plugin-integration/evidence/WO-PLG-001/repository-checks/acceptance-01/command.json", "docs/engineering/plugin-integration/evidence/WO-PLG-001/repository-checks/acceptance-01/stderr.txt", "docs/engineering/plugin-integration/evidence/WO-PLG-001/repository-checks/acceptance-01/stdout.txt", "docs/engineering/plugin-integration/evidence/WO-PLG-001/repository-checks/acceptance-02/command.json", "docs/engineering/plugin-integration/evidence/WO-PLG-001/repository-checks/acceptance-02/stderr.txt", "docs/engineering/plugin-integration/evidence/WO-PLG-001/repository-checks/acceptance-02/stdout.txt", "docs/engineering/plugin-integration/evidence/WO-PLG-001/repository-checks/baseline-failures-01/command.json", "docs/engineering/plugin-integration/evidence/WO-PLG-001/repository-checks/baseline-failures-01/stderr.txt", "docs/engineering/plugin-integration/evidence/WO-PLG-001/repository-checks/baseline-failures-01/stdout.txt", "docs/engineering/plugin-integration/evidence/WO-PLG-001/repository-checks/candidate-help-01/command.json", "docs/engineering/plugin-integration/evidence/WO-PLG-001/repository-checks/candidate-help-01/stderr.txt", "docs/engineering/plugin-integration/evidence/WO-PLG-001/repository-checks/candidate-help-01/stdout.txt", "docs/engineering/plugin-integration/evidence/WO-PLG-001/repository-checks/codex-fixture-layout-01/command.json", "docs/engineering/plugin-integration/evidence/WO-PLG-001/repository-checks/codex-fixture-layout-01/stderr.txt", "docs/engineering/plugin-integration/evidence/WO-PLG-001/repository-checks/codex-fixture-layout-01/stdout.txt", "docs/engineering/plugin-integration/evidence/WO-PLG-001/repository-checks/codex-fixture-layout-02/command.json", "docs/engineering/plugin-integration/evidence/WO-PLG-001/repository-checks/codex-fixture-layout-02/stderr.txt", "docs/engineering/plugin-integration/evidence/WO-PLG-001/repository-checks/codex-fixture-layout-02/stdout.txt", "docs/engineering/plugin-integration/evidence/WO-PLG-001/repository-checks/distribution-check-01/command.json", "docs/engineering/plugin-integration/evidence/WO-PLG-001/repository-checks/distribution-check-01/stderr.txt", "docs/engineering/plugin-integration/evidence/WO-PLG-001/repository-checks/distribution-check-01/stdout.txt", "docs/engineering/plugin-integration/evidence/WO-PLG-001/repository-checks/doctor-01.json", "docs/engineering/plugin-integration/evidence/WO-PLG-001/repository-checks/doctor-01.stderr.txt", "docs/engineering/plugin-integration/evidence/WO-PLG-001/repository-checks/focused-tests-02/command.json", "docs/engineering/plugin-integration/evidence/WO-PLG-001/repository-checks/focused-tests-02/stderr.txt", "docs/engineering/plugin-integration/evidence/WO-PLG-001/repository-checks/focused-tests-02/stdout.txt", "docs/engineering/plugin-integration/evidence/WO-PLG-001/repository-checks/handoff-packet-01.json", "docs/engineering/plugin-integration/evidence/WO-PLG-001/repository-checks/handoff-packet-01.stderr.txt", "docs/engineering/plugin-integration/evidence/WO-PLG-001/repository-checks/handoff-packet-02.json", "docs/engineering/plugin-integration/evidence/WO-PLG-001/repository-checks/handoff-packet-02.stderr.txt", "docs/engineering/plugin-integration/evidence/WO-PLG-001/repository-checks/owner-region-recheck-01/command.json", "docs/engineering/plugin-integration/evidence/WO-PLG-001/repository-checks/owner-region-recheck-01/stderr.txt", "docs/engineering/plugin-integration/evidence/WO-PLG-001/repository-checks/owner-region-recheck-01/stdout.txt", "docs/engineering/plugin-integration/evidence/WO-PLG-001/repository-checks/repository-tests-01/command.json", "docs/engineering/plugin-integration/evidence/WO-PLG-001/repository-checks/repository-tests-01/stderr.txt", "docs/engineering/plugin-integration/evidence/WO-PLG-001/repository-checks/repository-tests-01/stdout.txt", "docs/engineering/plugin-integration/evidence/WO-PLG-001/repository-checks/review-preflight-01.json", "docs/engineering/plugin-integration/evidence/WO-PLG-001/repository-checks/review-preflight-01.stderr.txt", "docs/engineering/plugin-integration/evidence/WO-PLG-001/repository-checks/validate-01.json", "docs/engineering/plugin-integration/evidence/WO-PLG-001/repository-checks/validate-01.stderr.txt"]
evaluator_evidence_path = "docs/engineering/plugin-integration/evidence/VREC-PLG-003-evaluator.json"
evaluator_evidence_sha256 = "44d4b74d9febe03a0828dfeee8cd8322fd02db74ff866d7191440e17164e7abb"

verified_at = "2026-09-09T20:07:30Z"
verified_by = "assurance-owner"
[relations]
verifies_work_order = ["WO-PLG-001"]
conforms_to = ["VER-PLG-001"]

[[lifecycle_events]]
from = "ready"
to = "verified"
decided_at = "2026-09-09T20:07:30Z"
decided_by = "assurance-owner"
reason = "Operator explicitly stated \"i verify VREC-PLG-003\" in this Codex task on 2026-09-09. Record the assurance-owner decision for exact candidate b8d6f04a15bf411aec3e1339b56467ce5a4781df under VER-PLG-001, with the retained platform and local-test limitations disclosed. This decision changes only VREC-PLG-003; it does not change work-order status or authorize release or PR merge."
+++

# Verification Record Candidate

This ready record binds retained evidence for `WO-PLG-001` to candidate commit `b8d6f04a15bf411aec3e1339b56467ce5a4781df`. An accountable assurance owner must review the evidence and transition the record to `verified`; this command did not approve, commit, tag, release, or publish anything.

The record is intentionally created after the candidate commit it names, avoiding self-referential commit metadata.

e6550464b4cf10e39dc0d28e88e2df660d663954 blob 19193
+++
id = "VREC-PLG-004"
type = "verification_record"
title = "Verification candidate for WO-PLG-002"
status = "verified"
owners = ["engineering-owner"]
created = "2026-09-10"
updated = "2026-09-10"
commit = "9d0ae0ceeda762d156a967d9081a8437aa2761d7"
git_object_format = "sha1"
worktree_state = "clean"
prepared_at = "2026-09-10T05:36:04Z"
prepared_by = "engineering-owner"
artifact_snapshot_sha256 = "9ccb3c228aca2e8ce9ee91dab6f054435de266e4dadfbaf404daf558c07678af"
evidence_paths = ["docs/engineering/plugin-integration/evidence/WO-PLG-002/README.md", "docs/engineering/plugin-integration/evidence/WO-PLG-002/acceptance/linux312-016-attempt1/executed-reference.md", "docs/engineering/plugin-integration/evidence/WO-PLG-002/acceptance/linux312-016-attempt1/executed-runner.py", "docs/engineering/plugin-integration/evidence/WO-PLG-002/acceptance/linux312-016-attempt2/env01.json", "docs/engineering/plugin-integration/evidence/WO-PLG-002/acceptance/linux312-016-attempt2/env02.json", "docs/engineering/plugin-integration/evidence/WO-PLG-002/acceptance/linux312-016-attempt2/env03.json", "docs/engineering/plugin-integration/evidence/WO-PLG-002/acceptance/linux312-016-attempt2/env04.json", "docs/engineering/plugin-integration/evidence/WO-PLG-002/acceptance/linux312-016-attempt2/env05.json", "docs/engineering/plugin-integration/evidence/WO-PLG-002/acceptance/linux312-016-attempt2/env06.json", "docs/engineering/plugin-integration/evidence/WO-PLG-002/acceptance/linux312-016-attempt2/env07.json", "docs/engineering/plugin-integration/evidence/WO-PLG-002/acceptance/linux312-016-attempt2/env08.json", "docs/engineering/plugin-integration/evidence/WO-PLG-002/acceptance/linux312-016-attempt2/env09.json", "docs/engineering/plugin-integration/evidence/WO-PLG-002/acceptance/linux312-016-attempt2/env10.json", "docs/engineering/plugin-integration/evidence/WO-PLG-002/acceptance/linux312-016-attempt2/env11.json", "docs/engineering/plugin-integration/evidence/WO-PLG-002/acceptance/linux312-016-attempt2/env12.json", "docs/engineering/plugin-integration/evidence/WO-PLG-002/acceptance/linux312-016-attempt2/executed-reference.md", "docs/engineering/plugin-integration/evidence/WO-PLG-002/acceptance/linux312-016-attempt2/executed-runner.py", "docs/engineering/plugin-integration/evidence/WO-PLG-002/acceptance/linux312-016-attempt2/inputs.json", "docs/engineering/plugin-integration/evidence/WO-PLG-002/acceptance/linux312-016-attempt2/summary.json", "docs/engineering/plugin-integration/evidence/WO-PLG-002/acceptance/linux312-016-attempt3/env01-diff.txt", "docs/engineering/plugin-integration/evidence/WO-PLG-002/acceptance/linux312-016-attempt3/env01.json", "docs/engineering/plugin-integration/evidence/WO-PLG-002/acceptance/linux312-016-attempt3/env02.json", "docs/engineering/plugin-integration/evidence/WO-PLG-002/acceptance/linux312-016-attempt3/env03.json", "docs/engineering/plugin-integration/evidence/WO-PLG-002/acceptance/linux312-016-attempt3/env04.json", "docs/engineering/plugin-integration/evidence/WO-PLG-002/acceptance/linux312-016-attempt3/env05.json", "docs/engineering/plugin-integration/evidence/WO-PLG-002/acceptance/linux312-016-attempt3/env06.json", "docs/engineering/plugin-integration/evidence/WO-PLG-002/acceptance/linux312-016-attempt3/env07.json", "docs/engineering/plugin-integration/evidence/WO-PLG-002/acceptance/linux312-016-attempt3/env08.json", "docs/engineering/plugin-integration/evidence/WO-PLG-002/acceptance/linux312-016-attempt3/env09.json", "docs/engineering/plugin-integration/evidence/WO-PLG-002/acceptance/linux312-016-attempt3/env10.json", "docs/engineering/plugin-integration/evidence/WO-PLG-002/acceptance/linux312-016-attempt3/env11.json", "docs/engineering/plugin-integration/evidence/WO-PLG-002/acceptance/linux312-016-attempt3/env12.json", "docs/engineering/plugin-integration/evidence/WO-PLG-002/acceptance/linux312-016-attempt3/executed-reference.md", "docs/engineering/plugin-integration/evidence/WO-PLG-002/acceptance/linux312-016-attempt3/executed-runner.py", "docs/engineering/plugin-integration/evidence/WO-PLG-002/acceptance/linux312-016-attempt3/inputs.json", "docs/engineering/plugin-integration/evidence/WO-PLG-002/acceptance/linux312-016-attempt3/summary.json", "docs/engineering/plugin-integration/evidence/WO-PLG-002/acceptance/win311-016-attempt1/env01.json", "docs/engineering/plugin-integration/evidence/WO-PLG-002/acceptance/win311-016-attempt1/env02.json", "docs/engineering/plugin-integration/evidence/WO-PLG-002/acceptance/win311-016-attempt1/env03.json", "docs/engineering/plugin-integration/evidence/WO-PLG-002/acceptance/win311-016-attempt1/env04.json", "docs/engineering/plugin-integration/evidence/WO-PLG-002/acceptance/win311-016-attempt1/env05.json", "docs/engineering/plugin-integration/evidence/WO-PLG-002/acceptance/win311-016-attempt1/env06.json", "docs/engineering/plugin-integration/evidence/WO-PLG-002/acceptance/win311-016-attempt1/env07.json", "docs/engineering/plugin-integration/evidence/WO-PLG-002/acceptance/win311-016-attempt1/env08.json", "docs/engineering/plugin-integration/evidence/WO-PLG-002/acceptance/win311-016-attempt1/env09.json", "docs/engineering/plugin-integration/evidence/WO-PLG-002/acceptance/win311-016-attempt1/env10.json", "docs/engineering/plugin-integration/evidence/WO-PLG-002/acceptance/win311-016-attempt1/env11.json", "docs/engineering/plugin-integration/evidence/WO-PLG-002/acceptance/win311-016-attempt1/env12.json", "docs/engineering/plugin-integration/evidence/WO-PLG-002/acceptance/win311-016-attempt1/inputs.json", "docs/engineering/plugin-integration/evidence/WO-PLG-002/acceptance/win311-016-attempt1/summary.json", "docs/engineering/plugin-integration/evidence/WO-PLG-002/acceptance/win311-016-attempt2/env01-diff.txt", "docs/engineering/plugin-integration/evidence/WO-PLG-002/acceptance/win311-016-attempt2/env01.json", "docs/engineering/plugin-integration/evidence/WO-PLG-002/acceptance/win311-016-attempt2/env02.json", "docs/engineering/plugin-integration/evidence/WO-PLG-002/acceptance/win311-016-attempt2/env03.json", "docs/engineering/plugin-integration/evidence/WO-PLG-002/acceptance/win311-016-attempt2/env04.json", "docs/engineering/plugin-integration/evidence/WO-PLG-002/acceptance/win311-016-attempt2/env05.json", "docs/engineering/plugin-integration/evidence/WO-PLG-002/acceptance/win311-016-attempt2/env06.json", "docs/engineering/plugin-integration/evidence/WO-PLG-002/acceptance/win311-016-attempt2/env07.json", "docs/engineering/plugin-integration/evidence/WO-PLG-002/acceptance/win311-016-attempt2/env08.json", "docs/engineering/plugin-integration/evidence/WO-PLG-002/acceptance/win311-016-attempt2/env09.json", "docs/engineering/plugin-integration/evidence/WO-PLG-002/acceptance/win311-016-attempt2/env10.json", "docs/engineering/plugin-integration/evidence/WO-PLG-002/acceptance/win311-016-attempt2/env11.json", "docs/engineering/plugin-integration/evidence/WO-PLG-002/acceptance/win311-016-attempt2/env12.json", "docs/engineering/plugin-integration/evidence/WO-PLG-002/acceptance/win311-016-attempt2/executed-reference.md", "docs/engineering/plugin-integration/evidence/WO-PLG-002/acceptance/win311-016-attempt2/executed-runner.py", "docs/engineering/plugin-integration/evidence/WO-PLG-002/acceptance/win311-016-attempt2/inputs.json", "docs/engineering/plugin-integration/evidence/WO-PLG-002/acceptance/win311-016-attempt2/summary.json", "docs/engineering/plugin-integration/evidence/WO-PLG-002/acceptance/win311-016-attempt3/env01-diff.txt", "docs/engineering/plugin-integration/evidence/WO-PLG-002/acceptance/win311-016-attempt3/env01.json", "docs/engineering/plugin-integration/evidence/WO-PLG-002/acceptance/win311-016-attempt3/env02.json", "docs/engineering/plugin-integration/evidence/WO-PLG-002/acceptance/win311-016-attempt3/env03.json", "docs/engineering/plugin-integration/evidence/WO-PLG-002/acceptance/win311-016-attempt3/env04.json", "docs/engineering/plugin-integration/evidence/WO-PLG-002/acceptance/win311-016-attempt3/env05.json", "docs/engineering/plugin-integration/evidence/WO-PLG-002/acceptance/win311-016-attempt3/env06.json", "docs/engineering/plugin-integration/evidence/WO-PLG-002/acceptance/win311-016-attempt3/env07.json", "docs/engineering/plugin-integration/evidence/WO-PLG-002/acceptance/win311-016-attempt3/env08.json", "docs/engineering/plugin-integration/evidence/WO-PLG-002/acceptance/win311-016-attempt3/env09.json", "docs/engineering/plugin-integration/evidence/WO-PLG-002/acceptance/win311-016-attempt3/env10.json", "docs/engineering/plugin-integration/evidence/WO-PLG-002/acceptance/win311-016-attempt3/env11.json", "docs/engineering/plugin-integration/evidence/WO-PLG-002/acceptance/win311-016-attempt3/env12.json", "docs/engineering/plugin-integration/evidence/WO-PLG-002/acceptance/win311-016-attempt3/executed-reference.md", "docs/engineering/plugin-integration/evidence/WO-PLG-002/acceptance/win311-016-attempt3/executed-runner.py", "docs/engineering/plugin-integration/evidence/WO-PLG-002/acceptance/win311-016-attempt3/inputs.json", "docs/engineering/plugin-integration/evidence/WO-PLG-002/acceptance/win311-016-attempt3/summary.json", "docs/engineering/plugin-integration/evidence/WO-PLG-002/acceptance/win314-017-attempt1/env01-diff.txt", "docs/engineering/plugin-integration/evidence/WO-PLG-002/acceptance/win314-017-attempt1/env01.json", "docs/engineering/plugin-integration/evidence/WO-PLG-002/acceptance/win314-017-attempt1/env02.json", "docs/engineering/plugin-integration/evidence/WO-PLG-002/acceptance/win314-017-attempt1/env03.json", "docs/engineering/plugin-integration/evidence/WO-PLG-002/acceptance/win314-017-attempt1/env04.json", "docs/engineering/plugin-integration/evidence/WO-PLG-002/acceptance/win314-017-attempt1/env05.json", "docs/engineering/plugin-integration/evidence/WO-PLG-002/acceptance/win314-017-attempt1/env06.json", "docs/engineering/plugin-integration/evidence/WO-PLG-002/acceptance/win314-017-attempt1/env07.json", "docs/engineering/plugin-integration/evidence/WO-PLG-002/acceptance/win314-017-attempt1/env08.json", "docs/engineering/plugin-integration/evidence/WO-PLG-002/acceptance/win314-017-attempt1/env09.json", "docs/engineering/plugin-integration/evidence/WO-PLG-002/acceptance/win314-017-attempt1/env10.json", "docs/engineering/plugin-integration/evidence/WO-PLG-002/acceptance/win314-017-attempt1/env11.json", "docs/engineering/plugin-integration/evidence/WO-PLG-002/acceptance/win314-017-attempt1/env12.json", "docs/engineering/plugin-integration/evidence/WO-PLG-002/acceptance/win314-017-attempt1/executed-reference.md", "docs/engineering/plugin-integration/evidence/WO-PLG-002/acceptance/win314-017-attempt1/executed-runner.py", "docs/engineering/plugin-integration/evidence/WO-PLG-002/acceptance/win314-017-attempt1/inputs.json", "docs/engineering/plugin-integration/evidence/WO-PLG-002/acceptance/win314-017-attempt1/summary.json", "docs/engineering/plugin-integration/evidence/WO-PLG-002/acceptance/win314-017-attempt2/env01-diff.txt", "docs/engineering/plugin-integration/evidence/WO-PLG-002/acceptance/win314-017-attempt2/env01.json", "docs/engineering/plugin-integration/evidence/WO-PLG-002/acceptance/win314-017-attempt2/env02.json", "docs/engineering/plugin-integration/evidence/WO-PLG-002/acceptance/win314-017-attempt2/env03.json", "docs/engineering/plugin-integration/evidence/WO-PLG-002/acceptance/win314-017-attempt2/env04.json", "docs/engineering/plugin-integration/evidence/WO-PLG-002/acceptance/win314-017-attempt2/env05.json", "docs/engineering/plugin-integration/evidence/WO-PLG-002/acceptance/win314-017-attempt2/env06.json", "docs/engineering/plugin-integration/evidence/WO-PLG-002/acceptance/win314-017-attempt2/env07.json", "docs/engineering/plugin-integration/evidence/WO-PLG-002/acceptance/win314-017-attempt2/env08.json", "docs/engineering/plugin-integration/evidence/WO-PLG-002/acceptance/win314-017-attempt2/env09.json", "docs/engineering/plugin-integration/evidence/WO-PLG-002/acceptance/win314-017-attempt2/env10.json", "docs/engineering/plugin-integration/evidence/WO-PLG-002/acceptance/win314-017-attempt2/env11.json", "docs/engineering/plugin-integration/evidence/WO-PLG-002/acceptance/win314-017-attempt2/env12.json", "docs/engineering/plugin-integration/evidence/WO-PLG-002/acceptance/win314-017-attempt2/executed-reference.md", "docs/engineering/plugin-integration/evidence/WO-PLG-002/acceptance/win314-017-attempt2/executed-runner.py", "docs/engineering/plugin-integration/evidence/WO-PLG-002/acceptance/win314-017-attempt2/inputs.json", "docs/engineering/plugin-integration/evidence/WO-PLG-002/acceptance/win314-017-attempt2/summary.json", "docs/engineering/plugin-integration/evidence/WO-PLG-002/checks/baseline-failure.txt", "docs/engineering/plugin-integration/evidence/WO-PLG-002/checks/candidate-help/command.json", "docs/engineering/plugin-integration/evidence/WO-PLG-002/checks/candidate-help/stderr.txt", "docs/engineering/plugin-integration/evidence/WO-PLG-002/checks/candidate-help/stdout.txt", "docs/engineering/plugin-integration/evidence/WO-PLG-002/checks/focused-tests/command.json", "docs/engineering/plugin-integration/evidence/WO-PLG-002/checks/focused-tests/stderr.txt", "docs/engineering/plugin-integration/evidence/WO-PLG-002/checks/focused-tests/stdout.txt", "docs/engineering/plugin-integration/evidence/WO-PLG-002/checks/full-suite.txt", "docs/engineering/plugin-integration/evidence/WO-PLG-002/checks/regression-runs.json", "docs/engineering/plugin-integration/evidence/WO-PLG-002/checks/release-distributions/command.json", "docs/engineering/plugin-integration/evidence/WO-PLG-002/checks/release-distributions/stderr.txt", "docs/engineering/plugin-integration/evidence/WO-PLG-002/checks/release-distributions/stdout.txt", "docs/engineering/plugin-integration/evidence/WO-PLG-002/checks/skill-validation/command.json", "docs/engineering/plugin-integration/evidence/WO-PLG-002/checks/skill-validation/stderr.txt", "docs/engineering/plugin-integration/evidence/WO-PLG-002/checks/skill-validation/stdout.txt", "docs/engineering/plugin-integration/evidence/WO-PLG-002/governance/completion-20260910/env-completion-applied-20260910.json", "docs/engineering/plugin-integration/evidence/WO-PLG-002/governance/completion-20260910/env-completion-applied-20260910.stderr.txt", "docs/engineering/plugin-integration/evidence/WO-PLG-002/governance/completion-20260910/env-completion-check-0.json", "docs/engineering/plugin-integration/evidence/WO-PLG-002/governance/completion-20260910/env-completion-check-1.json", "docs/engineering/plugin-integration/evidence/WO-PLG-002/governance/completion-20260910/env-completion-check-2.json", "docs/engineering/plugin-integration/evidence/WO-PLG-002/governance/completion-20260910/env-completion-plan-20260910.json", "docs/engineering/plugin-integration/evidence/WO-PLG-002/governance/completion-20260910/env-completion-plan-20260910.stderr.txt", "docs/engineering/plugin-integration/evidence/WO-PLG-002/governance/completion-20260910/env-completion-precheck-20260910.json", "docs/engineering/plugin-integration/evidence/WO-PLG-002/governance/completion-20260910/env-completion-precheck-20260910.stderr.txt", "docs/engineering/plugin-integration/evidence/WO-PLG-002/governance/completion-20260910/hosted-suite.json", "docs/engineering/plugin-integration/evidence/WO-PLG-002/governance/completion-20260910/operator-decision.json", "docs/engineering/plugin-integration/evidence/WO-PLG-002/governance/completion-20260910/pr-checks.json", "docs/engineering/plugin-integration/evidence/WO-PLG-002/governance/env-approved-applied.json", "docs/engineering/plugin-integration/evidence/WO-PLG-002/governance/env-approved-applied.stderr.txt", "docs/engineering/plugin-integration/evidence/WO-PLG-002/governance/env-approved-plan.json", "docs/engineering/plugin-integration/evidence/WO-PLG-002/governance/env-approved-plan.stderr.txt", "docs/engineering/plugin-integration/evidence/WO-PLG-002/governance/env-final-doctor.json", "docs/engineering/plugin-integration/evidence/WO-PLG-002/governance/env-final-doctor.stderr.txt", "docs/engineering/plugin-integration/evidence/WO-PLG-002/governance/env-final-validate.json", "docs/engineering/plugin-integration/evidence/WO-PLG-002/governance/env-final-validate.stderr.txt", "docs/engineering/plugin-integration/evidence/WO-PLG-002/governance/env-handoff-check.json", "docs/engineering/plugin-integration/evidence/WO-PLG-002/governance/env-handoff-check.stderr.txt", "docs/engineering/plugin-integration/evidence/WO-PLG-002/governance/env-handoff-packet.json", "docs/engineering/plugin-integration/evidence/WO-PLG-002/governance/env-handoff-packet.stderr.txt", "docs/engineering/plugin-integration/evidence/WO-PLG-002/governance/env-in_progress-applied.json", "docs/engineering/plugin-integration/evidence/WO-PLG-002/governance/env-in_progress-applied.stderr.txt", "docs/engineering/plugin-integration/evidence/WO-PLG-002/governance/env-in_progress-plan.json", "docs/engineering/plugin-integration/evidence/WO-PLG-002/governance/env-in_progress-plan.stderr.txt", "docs/engineering/plugin-integration/evidence/WO-PLG-002/governance/env-review-preflight.json", "docs/engineering/plugin-integration/evidence/WO-PLG-002/governance/env-review-preflight.stderr.txt", "docs/engineering/plugin-integration/evidence/WO-PLG-002/governance/env-start-precheck.json", "docs/engineering/plugin-integration/evidence/WO-PLG-002/governance/env-start-precheck.stderr.txt", "docs/engineering/plugin-integration/evidence/WO-PLG-002/governance/env-start-preflight.json", "docs/engineering/plugin-integration/evidence/WO-PLG-002/governance/env-start-preflight.stderr.txt", "docs/engineering/plugin-integration/evidence/WO-PLG-002/governance/operator-authorization.json"]
evaluator_evidence_path = "docs/engineering/plugin-integration/evidence/VREC-PLG-004-evaluator.json"
evaluator_evidence_sha256 = "44d4b74d9febe03a0828dfeee8cd8322fd02db74ff866d7191440e17164e7abb"

verified_at = "2026-09-10T05:41:14Z"
verified_by = "assurance-owner"
[relations]
verifies_work_order = ["WO-PLG-002"]
conforms_to = ["VER-PLG-002"]

[[lifecycle_events]]
from = "ready"
to = "verified"
decided_at = "2026-09-10T05:41:14Z"
decided_by = "assurance-owner"
reason = "Operator explicitly stated \"i verify VREC-PLG-004   and I will merge\" in this Codex task on 2026-09-10. Record the assurance-owner decision for exact candidate 9d0ae0ceeda762d156a967d9081a8437aa2761d7 under VER-PLG-002, with the retained Windows cleanup failure and platform qualification limits disclosed. This decision changes only VREC-PLG-004 from ready to verified; its candidate and evidence remain fixed. The operator will perform repository integration personally. No agent merge, release decision or additional work-order transition is authorized."
+++

# Verification Record Candidate

This ready record binds retained evidence for `WO-PLG-002` to candidate commit `9d0ae0ceeda762d156a967d9081a8437aa2761d7`. An accountable assurance owner must review the evidence and transition the record to `verified`; this command did not approve, commit, tag, release, or publish anything.

The record is intentionally created after the candidate commit it names, avoiding self-referential commit metadata.

fafc8b51969f31f0c36d10131c03204a4e772d76 blob 25014
+++
id = "VREC-PLG-005"
type = "verification_record"
title = "Verification candidate for WO-PLG-007"
status = "verified"
owners = ["engineering-owner"]
created = "2026-09-10"
updated = "2026-09-10"
commit = "bf0a2b4705617e735357842872edd068ce2ed610"
git_object_format = "sha1"
worktree_state = "clean"
prepared_at = "2026-09-10T17:23:17Z"
prepared_by = "engineering-owner"
artifact_snapshot_sha256 = "2e694ec7d5e9a1999d5af0931dc4e2dbbfda1c5ba6c04ec332848443d38240f0"
evidence_paths = ["docs/engineering/plugin-integration/evidence/WO-PLG-007/README.md", "docs/engineering/plugin-integration/evidence/WO-PLG-007/acceptance/attempt1/C01/actions.txt", "docs/engineering/plugin-integration/evidence/WO-PLG-007/acceptance/attempt1/C01/expected-gate.txt", "docs/engineering/plugin-integration/evidence/WO-PLG-007/acceptance/attempt1/C01/expected-router.md", "docs/engineering/plugin-integration/evidence/WO-PLG-007/acceptance/attempt1/C01/observations.json", "docs/engineering/plugin-integration/evidence/WO-PLG-007/acceptance/attempt1/C01/stderr.txt", "docs/engineering/plugin-integration/evidence/WO-PLG-007/acceptance/attempt1/C01/stdout.txt", "docs/engineering/plugin-integration/evidence/WO-PLG-007/acceptance/attempt1/C02/actions.txt", "docs/engineering/plugin-integration/evidence/WO-PLG-007/acceptance/attempt1/C02/expected-gate.txt", "docs/engineering/plugin-integration/evidence/WO-PLG-007/acceptance/attempt1/C02/expected-router.md", "docs/engineering/plugin-integration/evidence/WO-PLG-007/acceptance/attempt1/C02/observations.json", "docs/engineering/plugin-integration/evidence/WO-PLG-007/acceptance/attempt1/C02/stderr.txt", "docs/engineering/plugin-integration/evidence/WO-PLG-007/acceptance/attempt1/C02/stdout.txt", "docs/engineering/plugin-integration/evidence/WO-PLG-007/acceptance/attempt1/C03/actions.txt", "docs/engineering/plugin-integration/evidence/WO-PLG-007/acceptance/attempt1/C03/expected-gate.txt", "docs/engineering/plugin-integration/evidence/WO-PLG-007/acceptance/attempt1/C03/expected-router.md", "docs/engineering/plugin-integration/evidence/WO-PLG-007/acceptance/attempt1/C03/observations.json", "docs/engineering/plugin-integration/evidence/WO-PLG-007/acceptance/attempt1/C03/stderr.txt", "docs/engineering/plugin-integration/evidence/WO-PLG-007/acceptance/attempt1/C03/stdout.txt", "docs/engineering/plugin-integration/evidence/WO-PLG-007/acceptance/attempt1/C04/actions.txt", "docs/engineering/plugin-integration/evidence/WO-PLG-007/acceptance/attempt1/C04/expected-gate.txt", "docs/engineering/plugin-integration/evidence/WO-PLG-007/acceptance/attempt1/C04/expected-router.md", "docs/engineering/plugin-integration/evidence/WO-PLG-007/acceptance/attempt1/C04/observations.json", "docs/engineering/plugin-integration/evidence/WO-PLG-007/acceptance/attempt1/C04/stderr.txt", "docs/engineering/plugin-integration/evidence/WO-PLG-007/acceptance/attempt1/C04/stdout.txt", "docs/engineering/plugin-integration/evidence/WO-PLG-007/acceptance/attempt1/C05/actions.txt", "docs/engineering/plugin-integration/evidence/WO-PLG-007/acceptance/attempt1/C05/expected-gate.txt", "docs/engineering/plugin-integration/evidence/WO-PLG-007/acceptance/attempt1/C05/expected-router.md", "docs/engineering/plugin-integration/evidence/WO-PLG-007/acceptance/attempt1/C05/observations.json", "docs/engineering/plugin-integration/evidence/WO-PLG-007/acceptance/attempt1/C05/stderr.txt", "docs/engineering/plugin-integration/evidence/WO-PLG-007/acceptance/attempt1/C05/stdout.txt", "docs/engineering/plugin-integration/evidence/WO-PLG-007/acceptance/attempt1/C06/actions.txt", "docs/engineering/plugin-integration/evidence/WO-PLG-007/acceptance/attempt1/C06/expected-gate.txt", "docs/engineering/plugin-integration/evidence/WO-PLG-007/acceptance/attempt1/C06/expected-router.md", "docs/engineering/plugin-integration/evidence/WO-PLG-007/acceptance/attempt1/C06/observations.json", "docs/engineering/plugin-integration/evidence/WO-PLG-007/acceptance/attempt1/C06/stderr.txt", "docs/engineering/plugin-integration/evidence/WO-PLG-007/acceptance/attempt1/C06/stdout.txt", "docs/engineering/plugin-integration/evidence/WO-PLG-007/acceptance/attempt1/C07/actions.txt", "docs/engineering/plugin-integration/evidence/WO-PLG-007/acceptance/attempt1/C07/expected-gate.txt", "docs/engineering/plugin-integration/evidence/WO-PLG-007/acceptance/attempt1/C07/expected-router.md", "docs/engineering/plugin-integration/evidence/WO-PLG-007/acceptance/attempt1/C07/observations.json", "docs/engineering/plugin-integration/evidence/WO-PLG-007/acceptance/attempt1/C07/stderr.txt", "docs/engineering/plugin-integration/evidence/WO-PLG-007/acceptance/attempt1/C07/stdout.txt", "docs/engineering/plugin-integration/evidence/WO-PLG-007/acceptance/attempt1/C08/actions.txt", "docs/engineering/plugin-integration/evidence/WO-PLG-007/acceptance/attempt1/C08/expected-gate.txt", "docs/engineering/plugin-integration/evidence/WO-PLG-007/acceptance/attempt1/C08/expected-router.md", "docs/engineering/plugin-integration/evidence/WO-PLG-007/acceptance/attempt1/C08/observations.json", "docs/engineering/plugin-integration/evidence/WO-PLG-007/acceptance/attempt1/C08/stderr.txt", "docs/engineering/plugin-integration/evidence/WO-PLG-007/acceptance/attempt1/C08/stdout.txt", "docs/engineering/plugin-integration/evidence/WO-PLG-007/acceptance/attempt1/init.stderr.txt", "docs/engineering/plugin-integration/evidence/WO-PLG-007/acceptance/attempt1/init.stdout.json", "docs/engineering/plugin-integration/evidence/WO-PLG-007/acceptance/attempt1/summary.json", "docs/engineering/plugin-integration/evidence/WO-PLG-007/acceptance/attempt1/versions.json", "docs/engineering/plugin-integration/evidence/WO-PLG-007/acceptance/attempt2/C01/actions.txt", "docs/engineering/plugin-integration/evidence/WO-PLG-007/acceptance/attempt2/C01/expected-gate.txt", "docs/engineering/plugin-integration/evidence/WO-PLG-007/acceptance/attempt2/C01/expected-router.md", "docs/engineering/plugin-integration/evidence/WO-PLG-007/acceptance/attempt2/C01/observations.json", "docs/engineering/plugin-integration/evidence/WO-PLG-007/acceptance/attempt2/C01/stderr.txt", "docs/engineering/plugin-integration/evidence/WO-PLG-007/acceptance/attempt2/C01/stdout.txt", "docs/engineering/plugin-integration/evidence/WO-PLG-007/acceptance/attempt2/C02/actions.txt", "docs/engineering/plugin-integration/evidence/WO-PLG-007/acceptance/attempt2/C02/expected-gate.txt", "docs/engineering/plugin-integration/evidence/WO-PLG-007/acceptance/attempt2/C02/expected-router.md", "docs/engineering/plugin-integration/evidence/WO-PLG-007/acceptance/attempt2/C02/observations.json", "docs/engineering/plugin-integration/evidence/WO-PLG-007/acceptance/attempt2/C02/stderr.txt", "docs/engineering/plugin-integration/evidence/WO-PLG-007/acceptance/attempt2/C02/stdout.txt", "docs/engineering/plugin-integration/evidence/WO-PLG-007/acceptance/attempt2/C03/actions.txt", "docs/engineering/plugin-integration/evidence/WO-PLG-007/acceptance/attempt2/C03/expected-gate.txt", "docs/engineering/plugin-integration/evidence/WO-PLG-007/acceptance/attempt2/C03/expected-router.md", "docs/engineering/plugin-integration/evidence/WO-PLG-007/acceptance/attempt2/C03/observations.json", "docs/engineering/plugin-integration/evidence/WO-PLG-007/acceptance/attempt2/C03/stderr.txt", "docs/engineering/plugin-integration/evidence/WO-PLG-007/acceptance/attempt2/C03/stdout.txt", "docs/engineering/plugin-integration/evidence/WO-PLG-007/acceptance/attempt2/C04/actions.txt", "docs/engineering/plugin-integration/evidence/WO-PLG-007/acceptance/attempt2/C04/expected-gate.txt", "docs/engineering/plugin-integration/evidence/WO-PLG-007/acceptance/attempt2/C04/expected-router.md", "docs/engineering/plugin-integration/evidence/WO-PLG-007/acceptance/attempt2/C04/observations.json", "docs/engineering/plugin-integration/evidence/WO-PLG-007/acceptance/attempt2/C04/stderr.txt", "docs/engineering/plugin-integration/evidence/WO-PLG-007/acceptance/attempt2/C04/stdout.txt", "docs/engineering/plugin-integration/evidence/WO-PLG-007/acceptance/attempt2/C05/actions.txt", "docs/engineering/plugin-integration/evidence/WO-PLG-007/acceptance/attempt2/C05/expected-gate.txt", "docs/engineering/plugin-integration/evidence/WO-PLG-007/acceptance/attempt2/C05/expected-router.md", "docs/engineering/plugin-integration/evidence/WO-PLG-007/acceptance/attempt2/C05/observations.json", "docs/engineering/plugin-integration/evidence/WO-PLG-007/acceptance/attempt2/C05/stderr.txt", "docs/engineering/plugin-integration/evidence/WO-PLG-007/acceptance/attempt2/C05/stdout.txt", "docs/engineering/plugin-integration/evidence/WO-PLG-007/acceptance/attempt2/C06/actions.txt", "docs/engineering/plugin-integration/evidence/WO-PLG-007/acceptance/attempt2/C06/expected-gate.txt", "docs/engineering/plugin-integration/evidence/WO-PLG-007/acceptance/attempt2/C06/expected-router.md", "docs/engineering/plugin-integration/evidence/WO-PLG-007/acceptance/attempt2/C06/observations.json", "docs/engineering/plugin-integration/evidence/WO-PLG-007/acceptance/attempt2/C06/stderr.txt", "docs/engineering/plugin-integration/evidence/WO-PLG-007/acceptance/attempt2/C06/stdout.txt", "docs/engineering/plugin-integration/evidence/WO-PLG-007/acceptance/attempt2/C07/actions.txt", "docs/engineering/plugin-integration/evidence/WO-PLG-007/acceptance/attempt2/C07/expected-gate.txt", "docs/engineering/plugin-integration/evidence/WO-PLG-007/acceptance/attempt2/C07/expected-router.md", "docs/engineering/plugin-integration/evidence/WO-PLG-007/acceptance/attempt2/C07/observations.json", "docs/engineering/plugin-integration/evidence/WO-PLG-007/acceptance/attempt2/C07/stderr.txt", "docs/engineering/plugin-integration/evidence/WO-PLG-007/acceptance/attempt2/C07/stdout.txt", "docs/engineering/plugin-integration/evidence/WO-PLG-007/acceptance/attempt2/C08/actions.txt", "docs/engineering/plugin-integration/evidence/WO-PLG-007/acceptance/attempt2/C08/expected-gate.txt", "docs/engineering/plugin-integration/evidence/WO-PLG-007/acceptance/attempt2/C08/expected-router.md", "docs/engineering/plugin-integration/evidence/WO-PLG-007/acceptance/attempt2/C08/observations.json", "docs/engineering/plugin-integration/evidence/WO-PLG-007/acceptance/attempt2/C08/stderr.txt", "docs/engineering/plugin-integration/evidence/WO-PLG-007/acceptance/attempt2/C08/stdout.txt", "docs/engineering/plugin-integration/evidence/WO-PLG-007/acceptance/attempt2/init.stderr.txt", "docs/engineering/plugin-integration/evidence/WO-PLG-007/acceptance/attempt2/init.stdout.json", "docs/engineering/plugin-integration/evidence/WO-PLG-007/acceptance/attempt2/summary.json", "docs/engineering/plugin-integration/evidence/WO-PLG-007/acceptance/attempt2/versions.json", "docs/engineering/plugin-integration/evidence/WO-PLG-007/acceptance/final/C01/actions.txt", "docs/engineering/plugin-integration/evidence/WO-PLG-007/acceptance/final/C01/expected-gate.txt", "docs/engineering/plugin-integration/evidence/WO-PLG-007/acceptance/final/C01/expected-router.md", "docs/engineering/plugin-integration/evidence/WO-PLG-007/acceptance/final/C01/observations.json", "docs/engineering/plugin-integration/evidence/WO-PLG-007/acceptance/final/C01/stderr.txt", "docs/engineering/plugin-integration/evidence/WO-PLG-007/acceptance/final/C01/stdout.txt", "docs/engineering/plugin-integration/evidence/WO-PLG-007/acceptance/final/C02/actions.txt", "docs/engineering/plugin-integration/evidence/WO-PLG-007/acceptance/final/C02/expected-gate.txt", "docs/engineering/plugin-integration/evidence/WO-PLG-007/acceptance/final/C02/expected-router.md", "docs/engineering/plugin-integration/evidence/WO-PLG-007/acceptance/final/C02/observations.json", "docs/engineering/plugin-integration/evidence/WO-PLG-007/acceptance/final/C02/stderr.txt", "docs/engineering/plugin-integration/evidence/WO-PLG-007/acceptance/final/C02/stdout.txt", "docs/engineering/plugin-integration/evidence/WO-PLG-007/acceptance/final/C03/actions.txt", "docs/engineering/plugin-integration/evidence/WO-PLG-007/acceptance/final/C03/expected-gate.txt", "docs/engineering/plugin-integration/evidence/WO-PLG-007/acceptance/final/C03/expected-router.md", "docs/engineering/plugin-integration/evidence/WO-PLG-007/acceptance/final/C03/observations.json", "docs/engineering/plugin-integration/evidence/WO-PLG-007/acceptance/final/C03/stderr.txt", "docs/engineering/plugin-integration/evidence/WO-PLG-007/acceptance/final/C03/stdout.txt", "docs/engineering/plugin-integration/evidence/WO-PLG-007/acceptance/final/C04/actions.txt", "docs/engineering/plugin-integration/evidence/WO-PLG-007/acceptance/final/C04/expected-gate.txt", "docs/engineering/plugin-integration/evidence/WO-PLG-007/acceptance/final/C04/expected-router.md", "docs/engineering/plugin-integration/evidence/WO-PLG-007/acceptance/final/C04/observations.json", "docs/engineering/plugin-integration/evidence/WO-PLG-007/acceptance/final/C04/stderr.txt", "docs/engineering/plugin-integration/evidence/WO-PLG-007/acceptance/final/C04/stdout.txt", "docs/engineering/plugin-integration/evidence/WO-PLG-007/acceptance/final/C05/actions.txt", "docs/engineering/plugin-integration/evidence/WO-PLG-007/acceptance/final/C05/expected-gate.txt", "docs/engineering/plugin-integration/evidence/WO-PLG-007/acceptance/final/C05/expected-router.md", "docs/engineering/plugin-integration/evidence/WO-PLG-007/acceptance/final/C05/observations.json", "docs/engineering/plugin-integration/evidence/WO-PLG-007/acceptance/final/C05/stderr.txt", "docs/engineering/plugin-integration/evidence/WO-PLG-007/acceptance/final/C05/stdout.txt", "docs/engineering/plugin-integration/evidence/WO-PLG-007/acceptance/final/C06/actions.txt", "docs/engineering/plugin-integration/evidence/WO-PLG-007/acceptance/final/C06/expected-gate.txt", "docs/engineering/plugin-integration/evidence/WO-PLG-007/acceptance/final/C06/expected-router.md", "docs/engineering/plugin-integration/evidence/WO-PLG-007/acceptance/final/C06/observations.json", "docs/engineering/plugin-integration/evidence/WO-PLG-007/acceptance/final/C06/stderr.txt", "docs/engineering/plugin-integration/evidence/WO-PLG-007/acceptance/final/C06/stdout.txt", "docs/engineering/plugin-integration/evidence/WO-PLG-007/acceptance/final/C07/actions.txt", "docs/engineering/plugin-integration/evidence/WO-PLG-007/acceptance/final/C07/expected-gate.txt", "docs/engineering/plugin-integration/evidence/WO-PLG-007/acceptance/final/C07/expected-router.md", "docs/engineering/plugin-integration/evidence/WO-PLG-007/acceptance/final/C07/observations.json", "docs/engineering/plugin-integration/evidence/WO-PLG-007/acceptance/final/C07/stderr.txt", "docs/engineering/plugin-integration/evidence/WO-PLG-007/acceptance/final/C07/stdout.txt", "docs/engineering/plugin-integration/evidence/WO-PLG-007/acceptance/final/C08/actions.txt", "docs/engineering/plugin-integration/evidence/WO-PLG-007/acceptance/final/C08/expected-gate.txt", "docs/engineering/plugin-integration/evidence/WO-PLG-007/acceptance/final/C08/expected-router.md", "docs/engineering/plugin-integration/evidence/WO-PLG-007/acceptance/final/C08/observations.json", "docs/engineering/plugin-integration/evidence/WO-PLG-007/acceptance/final/C08/stderr.txt", "docs/engineering/plugin-integration/evidence/WO-PLG-007/acceptance/final/C08/stdout.txt", "docs/engineering/plugin-integration/evidence/WO-PLG-007/acceptance/final/init.stderr.txt", "docs/engineering/plugin-integration/evidence/WO-PLG-007/acceptance/final/init.stdout.json", "docs/engineering/plugin-integration/evidence/WO-PLG-007/acceptance/final/summary.json", "docs/engineering/plugin-integration/evidence/WO-PLG-007/acceptance/final/versions.json", "docs/engineering/plugin-integration/evidence/WO-PLG-007/checks/candidate-help/command.json", "docs/engineering/plugin-integration/evidence/WO-PLG-007/checks/candidate-help/stderr.txt", "docs/engineering/plugin-integration/evidence/WO-PLG-007/checks/candidate-help/stdout.txt", "docs/engineering/plugin-integration/evidence/WO-PLG-007/checks/focused-win311-final/command.json", "docs/engineering/plugin-integration/evidence/WO-PLG-007/checks/focused-win311-final/stderr.txt", "docs/engineering/plugin-integration/evidence/WO-PLG-007/checks/focused-win311-final/stdout.txt", "docs/engineering/plugin-integration/evidence/WO-PLG-007/checks/focused-win311/command.json", "docs/engineering/plugin-integration/evidence/WO-PLG-007/checks/focused-win311/stderr.txt", "docs/engineering/plugin-integration/evidence/WO-PLG-007/checks/focused-win311/stdout.txt", "docs/engineering/plugin-integration/evidence/WO-PLG-007/checks/full-suite-linux-attempt2/command.json", "docs/engineering/plugin-integration/evidence/WO-PLG-007/checks/full-suite-linux-attempt2/stderr.txt", "docs/engineering/plugin-integration/evidence/WO-PLG-007/checks/full-suite-linux-attempt2/stdout.txt", "docs/engineering/plugin-integration/evidence/WO-PLG-007/checks/full-suite-linux-checkout/00-stderr.txt", "docs/engineering/plugin-integration/evidence/WO-PLG-007/checks/full-suite-linux-checkout/00-stdout.txt", "docs/engineering/plugin-integration/evidence/WO-PLG-007/checks/full-suite-linux-checkout/01-stderr.txt", "docs/engineering/plugin-integration/evidence/WO-PLG-007/checks/full-suite-linux-checkout/01-stdout.txt", "docs/engineering/plugin-integration/evidence/WO-PLG-007/checks/full-suite-linux-checkout/02-stderr.txt", "docs/engineering/plugin-integration/evidence/WO-PLG-007/checks/full-suite-linux-checkout/02-stdout.txt", "docs/engineering/plugin-integration/evidence/WO-PLG-007/checks/full-suite-linux-checkout/03-stderr.txt", "docs/engineering/plugin-integration/evidence/WO-PLG-007/checks/full-suite-linux-checkout/03-stdout.txt", "docs/engineering/plugin-integration/evidence/WO-PLG-007/checks/full-suite-linux-checkout/04-stderr.txt", "docs/engineering/plugin-integration/evidence/WO-PLG-007/checks/full-suite-linux-checkout/04-stdout.txt", "docs/engineering/plugin-integration/evidence/WO-PLG-007/checks/full-suite-linux-checkout/commands.json", "docs/engineering/plugin-integration/evidence/WO-PLG-007/checks/full-suite-linux/command.json", "docs/engineering/plugin-integration/evidence/WO-PLG-007/checks/full-suite-linux/stderr.txt", "docs/engineering/plugin-integration/evidence/WO-PLG-007/checks/full-suite-linux/stdout.txt", "docs/engineering/plugin-integration/evidence/WO-PLG-007/checks/hosted-checks/command.json", "docs/engineering/plugin-integration/evidence/WO-PLG-007/checks/hosted-checks/stderr.txt", "docs/engineering/plugin-integration/evidence/WO-PLG-007/checks/hosted-checks/stdout.txt", "docs/engineering/plugin-integration/evidence/WO-PLG-007/checks/release-distributions/command.json", "docs/engineering/plugin-integration/evidence/WO-PLG-007/checks/release-distributions/stderr.txt", "docs/engineering/plugin-integration/evidence/WO-PLG-007/checks/release-distributions/stdout.txt", "docs/engineering/plugin-integration/evidence/WO-PLG-007/governance/packet-source.json", "docs/engineering/plugin-integration/evidence/WO-PLG-007/governance/preparation-ci-scope-failure.txt", "docs/engineering/plugin-integration/evidence/WO-PLG-007/governance/preparation-gates.json", "docs/engineering/plugin-integration/evidence/WO-PLG-007/governance/session-approve-applied.json", "docs/engineering/plugin-integration/evidence/WO-PLG-007/governance/session-approve-applied.stderr.txt", "docs/engineering/plugin-integration/evidence/WO-PLG-007/governance/session-approve-plan.json", "docs/engineering/plugin-integration/evidence/WO-PLG-007/governance/session-approve-plan.stderr.txt", "docs/engineering/plugin-integration/evidence/WO-PLG-007/governance/session-complete-applied.json", "docs/engineering/plugin-integration/evidence/WO-PLG-007/governance/session-complete-applied.stderr.txt", "docs/engineering/plugin-integration/evidence/WO-PLG-007/governance/session-complete-plan.json", "docs/engineering/plugin-integration/evidence/WO-PLG-007/governance/session-complete-plan.stderr.txt", "docs/engineering/plugin-integration/evidence/WO-PLG-007/governance/session-completion-doctor.json", "docs/engineering/plugin-integration/evidence/WO-PLG-007/governance/session-completion-doctor.stderr.txt", "docs/engineering/plugin-integration/evidence/WO-PLG-007/governance/session-completion-validate.json", "docs/engineering/plugin-integration/evidence/WO-PLG-007/governance/session-completion-validate.stderr.txt", "docs/engineering/plugin-integration/evidence/WO-PLG-007/governance/session-definition-start-check.json", "docs/engineering/plugin-integration/evidence/WO-PLG-007/governance/session-definition-start-check.stderr.txt", "docs/engineering/plugin-integration/evidence/WO-PLG-007/governance/session-definitions-applied.json", "docs/engineering/plugin-integration/evidence/WO-PLG-007/governance/session-definitions-applied.stderr.txt", "docs/engineering/plugin-integration/evidence/WO-PLG-007/governance/session-definitions-plan-2.json", "docs/engineering/plugin-integration/evidence/WO-PLG-007/governance/session-definitions-plan-2.stderr.txt", "docs/engineering/plugin-integration/evidence/WO-PLG-007/governance/session-definitions-plan.json", "docs/engineering/plugin-integration/evidence/WO-PLG-007/governance/session-definitions-plan.stderr.txt", "docs/engineering/plugin-integration/evidence/WO-PLG-007/governance/session-final-doctor.json", "docs/engineering/plugin-integration/evidence/WO-PLG-007/governance/session-final-doctor.stderr.txt", "docs/engineering/plugin-integration/evidence/WO-PLG-007/governance/session-final-validate.json", "docs/engineering/plugin-integration/evidence/WO-PLG-007/governance/session-final-validate.stderr.txt", "docs/engineering/plugin-integration/evidence/WO-PLG-007/governance/session-handoff-before-commit.json", "docs/engineering/plugin-integration/evidence/WO-PLG-007/governance/session-handoff-before-commit.stderr.txt", "docs/engineering/plugin-integration/evidence/WO-PLG-007/governance/session-handoff-evidence.json", "docs/engineering/plugin-integration/evidence/WO-PLG-007/governance/session-handoff-evidence.stderr.txt", "docs/engineering/plugin-integration/evidence/WO-PLG-007/governance/session-handoff-ready.json", "docs/engineering/plugin-integration/evidence/WO-PLG-007/governance/session-handoff-ready.stderr.txt", "docs/engineering/plugin-integration/evidence/WO-PLG-007/governance/session-preflight-approved.json", "docs/engineering/plugin-integration/evidence/WO-PLG-007/governance/session-preflight-approved.stderr.txt", "docs/engineering/plugin-integration/evidence/WO-PLG-007/governance/session-preflight-before.json", "docs/engineering/plugin-integration/evidence/WO-PLG-007/governance/session-preflight-before.stderr.txt", "docs/engineering/plugin-integration/evidence/WO-PLG-007/governance/session-reading.json", "docs/engineering/plugin-integration/evidence/WO-PLG-007/governance/session-reading.stderr.txt", "docs/engineering/plugin-integration/evidence/WO-PLG-007/governance/session-staged-scope.json", "docs/engineering/plugin-integration/evidence/WO-PLG-007/governance/session-staged-scope.stderr.txt", "docs/engineering/plugin-integration/evidence/WO-PLG-007/governance/session-start-applied.json", "docs/engineering/plugin-integration/evidence/WO-PLG-007/governance/session-start-applied.stderr.txt", "docs/engineering/plugin-integration/evidence/WO-PLG-007/governance/session-start-plan.json", "docs/engineering/plugin-integration/evidence/WO-PLG-007/governance/session-start-plan.stderr.txt", "docs/engineering/plugin-integration/evidence/WO-PLG-007/governance/verification-preparation-inputs.json"]
evaluator_evidence_path = "docs/engineering/plugin-integration/evidence/VREC-PLG-005-evaluator.json"
evaluator_evidence_sha256 = "44d4b74d9febe03a0828dfeee8cd8322fd02db74ff866d7191440e17164e7abb"

verified_at = "2026-09-10T17:40:23Z"
verified_by = "assurance-owner"
[relations]
verifies_work_order = ["WO-PLG-007"]
conforms_to = ["VER-PLG-007"]

[[lifecycle_events]]
from = "ready"
to = "verified"
decided_at = "2026-09-10T17:40:23Z"
decided_by = "assurance-owner"
reason = "On 2026-09-10 the operator stated \"i ver\\_ify both records\" in response to the explicit handoff naming VREC-PLG-005 for WO-PLG-007 and VREC-PLG-006 for WO-PLG-008. Record the operator's assurance-owner decision for VREC-PLG-005, exact candidate bf0a2b4705617e735357842872edd068ce2ed610, under VER-PLG-007. The retained evidence and disclosed fixture, platform and host-coverage limits define the scope of this verification. This transition changes only VREC-PLG-005 from ready to verified; its candidate and evidence remain fixed. No related work-order state change, release or PR merge is authorized."
+++

# Verification Record Candidate

This ready record binds retained evidence for `WO-PLG-007` to candidate commit `bf0a2b4705617e735357842872edd068ce2ed610`. An accountable assurance owner must review the evidence and transition the record to `verified`; this command did not approve, commit, tag, release, or publish anything.

The record is intentionally created after the candidate commit it names, avoiding self-referential commit metadata.

6da36f05b520f6f46f869558d7842b7dfed48095 blob 20451
+++
id = "VREC-PLG-006"
type = "verification_record"
title = "Verification candidate for WO-PLG-008"
status = "verified"
owners = ["engineering-owner"]
created = "2026-09-10"
updated = "2026-09-10"
commit = "1daf4e3ecf3a46a3cb8ad385a11b6cfa39e4549d"
git_object_format = "sha1"
worktree_state = "clean"
prepared_at = "2026-09-10T17:24:11Z"
prepared_by = "engineering-owner"
artifact_snapshot_sha256 = "50ff350fa1b46f532511329634e327ff56ca5480e7af1a8cb449cc9641ec6aba"
evidence_paths = ["docs/engineering/plugin-integration/evidence/WO-PLG-008/README.md", "docs/engineering/plugin-integration/evidence/WO-PLG-008/acceptance/attempt1/C01/actions.txt", "docs/engineering/plugin-integration/evidence/WO-PLG-008/acceptance/attempt1/C01/observations.json", "docs/engineering/plugin-integration/evidence/WO-PLG-008/acceptance/attempt1/C01/stderr.txt", "docs/engineering/plugin-integration/evidence/WO-PLG-008/acceptance/attempt1/C01/stdout.txt", "docs/engineering/plugin-integration/evidence/WO-PLG-008/acceptance/attempt1/C02/actions.txt", "docs/engineering/plugin-integration/evidence/WO-PLG-008/acceptance/attempt1/C02/observations.json", "docs/engineering/plugin-integration/evidence/WO-PLG-008/acceptance/attempt1/C02/stderr.txt", "docs/engineering/plugin-integration/evidence/WO-PLG-008/acceptance/attempt1/C02/stdout.txt", "docs/engineering/plugin-integration/evidence/WO-PLG-008/acceptance/attempt1/C03/actions.txt", "docs/engineering/plugin-integration/evidence/WO-PLG-008/acceptance/attempt1/C03/observations.json", "docs/engineering/plugin-integration/evidence/WO-PLG-008/acceptance/attempt1/C03/stderr.txt", "docs/engineering/plugin-integration/evidence/WO-PLG-008/acceptance/attempt1/C03/stdout.txt", "docs/engineering/plugin-integration/evidence/WO-PLG-008/acceptance/attempt1/C04/actions.txt", "docs/engineering/plugin-integration/evidence/WO-PLG-008/acceptance/attempt1/C04/observations.json", "docs/engineering/plugin-integration/evidence/WO-PLG-008/acceptance/attempt1/C04/stderr.txt", "docs/engineering/plugin-integration/evidence/WO-PLG-008/acceptance/attempt1/C04/stdout.txt", "docs/engineering/plugin-integration/evidence/WO-PLG-008/acceptance/attempt1/C05/actions.txt", "docs/engineering/plugin-integration/evidence/WO-PLG-008/acceptance/attempt1/C05/observations.json", "docs/engineering/plugin-integration/evidence/WO-PLG-008/acceptance/attempt1/C05/stderr.txt", "docs/engineering/plugin-integration/evidence/WO-PLG-008/acceptance/attempt1/C05/stdout.txt", "docs/engineering/plugin-integration/evidence/WO-PLG-008/acceptance/attempt1/C06/actions.txt", "docs/engineering/plugin-integration/evidence/WO-PLG-008/acceptance/attempt1/C06/observations.json", "docs/engineering/plugin-integration/evidence/WO-PLG-008/acceptance/attempt1/C06/stderr.txt", "docs/engineering/plugin-integration/evidence/WO-PLG-008/acceptance/attempt1/C06/stdout.txt", "docs/engineering/plugin-integration/evidence/WO-PLG-008/acceptance/attempt1/C07/actions.txt", "docs/engineering/plugin-integration/evidence/WO-PLG-008/acceptance/attempt1/C07/observations.json", "docs/engineering/plugin-integration/evidence/WO-PLG-008/acceptance/attempt1/C07/stderr.txt", "docs/engineering/plugin-integration/evidence/WO-PLG-008/acceptance/attempt1/C07/stdout.txt", "docs/engineering/plugin-integration/evidence/WO-PLG-008/acceptance/attempt1/C08/actions.txt", "docs/engineering/plugin-integration/evidence/WO-PLG-008/acceptance/attempt1/C08/observations.json", "docs/engineering/plugin-integration/evidence/WO-PLG-008/acceptance/attempt1/C08/stderr.txt", "docs/engineering/plugin-integration/evidence/WO-PLG-008/acceptance/attempt1/C08/stdout.txt", "docs/engineering/plugin-integration/evidence/WO-PLG-008/acceptance/attempt1/C09/actions.txt", "docs/engineering/plugin-integration/evidence/WO-PLG-008/acceptance/attempt1/C09/observations.json", "docs/engineering/plugin-integration/evidence/WO-PLG-008/acceptance/attempt1/C09/stderr.txt", "docs/engineering/plugin-integration/evidence/WO-PLG-008/acceptance/attempt1/C09/stdout.txt", "docs/engineering/plugin-integration/evidence/WO-PLG-008/acceptance/attempt1/C10/actions.txt", "docs/engineering/plugin-integration/evidence/WO-PLG-008/acceptance/attempt1/C10/observations.json", "docs/engineering/plugin-integration/evidence/WO-PLG-008/acceptance/attempt1/C10/stderr.txt", "docs/engineering/plugin-integration/evidence/WO-PLG-008/acceptance/attempt1/C10/stdout.txt", "docs/engineering/plugin-integration/evidence/WO-PLG-008/acceptance/attempt1/identities.json", "docs/engineering/plugin-integration/evidence/WO-PLG-008/acceptance/attempt1/init.stderr.txt", "docs/engineering/plugin-integration/evidence/WO-PLG-008/acceptance/attempt1/init.stdout.json", "docs/engineering/plugin-integration/evidence/WO-PLG-008/acceptance/attempt1/summary.json", "docs/engineering/plugin-integration/evidence/WO-PLG-008/acceptance/final/C01/actions.txt", "docs/engineering/plugin-integration/evidence/WO-PLG-008/acceptance/final/C01/observations.json", "docs/engineering/plugin-integration/evidence/WO-PLG-008/acceptance/final/C01/stderr.txt", "docs/engineering/plugin-integration/evidence/WO-PLG-008/acceptance/final/C01/stdout.txt", "docs/engineering/plugin-integration/evidence/WO-PLG-008/acceptance/final/C02/actions.txt", "docs/engineering/plugin-integration/evidence/WO-PLG-008/acceptance/final/C02/observations.json", "docs/engineering/plugin-integration/evidence/WO-PLG-008/acceptance/final/C02/stderr.txt", "docs/engineering/plugin-integration/evidence/WO-PLG-008/acceptance/final/C02/stdout.txt", "docs/engineering/plugin-integration/evidence/WO-PLG-008/acceptance/final/C03/actions.txt", "docs/engineering/plugin-integration/evidence/WO-PLG-008/acceptance/final/C03/observations.json", "docs/engineering/plugin-integration/evidence/WO-PLG-008/acceptance/final/C03/stderr.txt", "docs/engineering/plugin-integration/evidence/WO-PLG-008/acceptance/final/C03/stdout.txt", "docs/engineering/plugin-integration/evidence/WO-PLG-008/acceptance/final/C04/actions.txt", "docs/engineering/plugin-integration/evidence/WO-PLG-008/acceptance/final/C04/observations.json", "docs/engineering/plugin-integration/evidence/WO-PLG-008/acceptance/final/C04/stderr.txt", "docs/engineering/plugin-integration/evidence/WO-PLG-008/acceptance/final/C04/stdout.txt", "docs/engineering/plugin-integration/evidence/WO-PLG-008/acceptance/final/C05/actions.txt", "docs/engineering/plugin-integration/evidence/WO-PLG-008/acceptance/final/C05/observations.json", "docs/engineering/plugin-integration/evidence/WO-PLG-008/acceptance/final/C05/stderr.txt", "docs/engineering/plugin-integration/evidence/WO-PLG-008/acceptance/final/C05/stdout.txt", "docs/engineering/plugin-integration/evidence/WO-PLG-008/acceptance/final/C06/actions.txt", "docs/engineering/plugin-integration/evidence/WO-PLG-008/acceptance/final/C06/observations.json", "docs/engineering/plugin-integration/evidence/WO-PLG-008/acceptance/final/C06/stderr.txt", "docs/engineering/plugin-integration/evidence/WO-PLG-008/acceptance/final/C06/stdout.txt", "docs/engineering/plugin-integration/evidence/WO-PLG-008/acceptance/final/C07/actions.txt", "docs/engineering/plugin-integration/evidence/WO-PLG-008/acceptance/final/C07/observations.json", "docs/engineering/plugin-integration/evidence/WO-PLG-008/acceptance/final/C07/stderr.txt", "docs/engineering/plugin-integration/evidence/WO-PLG-008/acceptance/final/C07/stdout.txt", "docs/engineering/plugin-integration/evidence/WO-PLG-008/acceptance/final/C08/actions.txt", "docs/engineering/plugin-integration/evidence/WO-PLG-008/acceptance/final/C08/observations.json", "docs/engineering/plugin-integration/evidence/WO-PLG-008/acceptance/final/C08/stderr.txt", "docs/engineering/plugin-integration/evidence/WO-PLG-008/acceptance/final/C08/stdout.txt", "docs/engineering/plugin-integration/evidence/WO-PLG-008/acceptance/final/C09/actions.txt", "docs/engineering/plugin-integration/evidence/WO-PLG-008/acceptance/final/C09/observations.json", "docs/engineering/plugin-integration/evidence/WO-PLG-008/acceptance/final/C09/stderr.txt", "docs/engineering/plugin-integration/evidence/WO-PLG-008/acceptance/final/C09/stdout.txt", "docs/engineering/plugin-integration/evidence/WO-PLG-008/acceptance/final/C10/actions.txt", "docs/engineering/plugin-integration/evidence/WO-PLG-008/acceptance/final/C10/observations.json", "docs/engineering/plugin-integration/evidence/WO-PLG-008/acceptance/final/C10/stderr.txt", "docs/engineering/plugin-integration/evidence/WO-PLG-008/acceptance/final/C10/stdout.txt", "docs/engineering/plugin-integration/evidence/WO-PLG-008/acceptance/final/identities.json", "docs/engineering/plugin-integration/evidence/WO-PLG-008/acceptance/final/init.stderr.txt", "docs/engineering/plugin-integration/evidence/WO-PLG-008/acceptance/final/init.stdout.json", "docs/engineering/plugin-integration/evidence/WO-PLG-008/acceptance/final/summary.json", "docs/engineering/plugin-integration/evidence/WO-PLG-008/acceptance/final2/C01/actions.txt", "docs/engineering/plugin-integration/evidence/WO-PLG-008/acceptance/final2/C01/observations.json", "docs/engineering/plugin-integration/evidence/WO-PLG-008/acceptance/final2/C01/stderr.txt", "docs/engineering/plugin-integration/evidence/WO-PLG-008/acceptance/final2/C01/stdout.txt", "docs/engineering/plugin-integration/evidence/WO-PLG-008/acceptance/final2/C02/actions.txt", "docs/engineering/plugin-integration/evidence/WO-PLG-008/acceptance/final2/C02/observations.json", "docs/engineering/plugin-integration/evidence/WO-PLG-008/acceptance/final2/C02/stderr.txt", "docs/engineering/plugin-integration/evidence/WO-PLG-008/acceptance/final2/C02/stdout.txt", "docs/engineering/plugin-integration/evidence/WO-PLG-008/acceptance/final2/C03/actions.txt", "docs/engineering/plugin-integration/evidence/WO-PLG-008/acceptance/final2/C03/observations.json", "docs/engineering/plugin-integration/evidence/WO-PLG-008/acceptance/final2/C03/partial-check.txt", "docs/engineering/plugin-integration/evidence/WO-PLG-008/acceptance/final2/C03/pids.json", "docs/engineering/plugin-integration/evidence/WO-PLG-008/acceptance/final2/C03/stderr.txt", "docs/engineering/plugin-integration/evidence/WO-PLG-008/acceptance/final2/C03/stdout.txt", "docs/engineering/plugin-integration/evidence/WO-PLG-008/acceptance/final2/C04/actions.txt", "docs/engineering/plugin-integration/evidence/WO-PLG-008/acceptance/final2/C04/observations.json", "docs/engineering/plugin-integration/evidence/WO-PLG-008/acceptance/final2/C04/stderr.txt", "docs/engineering/plugin-integration/evidence/WO-PLG-008/acceptance/final2/C04/stdout.txt", "docs/engineering/plugin-integration/evidence/WO-PLG-008/acceptance/final2/C05/actions.txt", "docs/engineering/plugin-integration/evidence/WO-PLG-008/acceptance/final2/C05/observations.json", "docs/engineering/plugin-integration/evidence/WO-PLG-008/acceptance/final2/C05/stderr.txt", "docs/engineering/plugin-integration/evidence/WO-PLG-008/acceptance/final2/C05/stdout.txt", "docs/engineering/plugin-integration/evidence/WO-PLG-008/acceptance/final2/C06/actions.txt", "docs/engineering/plugin-integration/evidence/WO-PLG-008/acceptance/final2/C06/observations.json", "docs/engineering/plugin-integration/evidence/WO-PLG-008/acceptance/final2/C06/stderr.txt", "docs/engineering/plugin-integration/evidence/WO-PLG-008/acceptance/final2/C06/stdout.txt", "docs/engineering/plugin-integration/evidence/WO-PLG-008/acceptance/final2/C07/actions.txt", "docs/engineering/plugin-integration/evidence/WO-PLG-008/acceptance/final2/C07/observations.json", "docs/engineering/plugin-integration/evidence/WO-PLG-008/acceptance/final2/C07/stderr.txt", "docs/engineering/plugin-integration/evidence/WO-PLG-008/acceptance/final2/C07/stdout.txt", "docs/engineering/plugin-integration/evidence/WO-PLG-008/acceptance/final2/C08/actions.txt", "docs/engineering/plugin-integration/evidence/WO-PLG-008/acceptance/final2/C08/observations.json", "docs/engineering/plugin-integration/evidence/WO-PLG-008/acceptance/final2/C08/stderr.txt", "docs/engineering/plugin-integration/evidence/WO-PLG-008/acceptance/final2/C08/stdout.txt", "docs/engineering/plugin-integration/evidence/WO-PLG-008/acceptance/final2/C09/actions.txt", "docs/engineering/plugin-integration/evidence/WO-PLG-008/acceptance/final2/C09/observations.json", "docs/engineering/plugin-integration/evidence/WO-PLG-008/acceptance/final2/C09/stderr.txt", "docs/engineering/plugin-integration/evidence/WO-PLG-008/acceptance/final2/C09/stdout.txt", "docs/engineering/plugin-integration/evidence/WO-PLG-008/acceptance/final2/C10/actions.txt", "docs/engineering/plugin-integration/evidence/WO-PLG-008/acceptance/final2/C10/observations.json", "docs/engineering/plugin-integration/evidence/WO-PLG-008/acceptance/final2/C10/stderr.txt", "docs/engineering/plugin-integration/evidence/WO-PLG-008/acceptance/final2/C10/stdout.txt", "docs/engineering/plugin-integration/evidence/WO-PLG-008/acceptance/final2/identities.json", "docs/engineering/plugin-integration/evidence/WO-PLG-008/acceptance/final2/init.stderr.txt", "docs/engineering/plugin-integration/evidence/WO-PLG-008/acceptance/final2/init.stdout.json", "docs/engineering/plugin-integration/evidence/WO-PLG-008/acceptance/final2/summary.json", "docs/engineering/plugin-integration/evidence/WO-PLG-008/acceptance/final2/timing-observations.json", "docs/engineering/plugin-integration/evidence/WO-PLG-008/checks/candidate-help/command.json", "docs/engineering/plugin-integration/evidence/WO-PLG-008/checks/candidate-help/stderr.txt", "docs/engineering/plugin-integration/evidence/WO-PLG-008/checks/candidate-help/stdout.txt", "docs/engineering/plugin-integration/evidence/WO-PLG-008/checks/focused-win311-attempt1/command.json", "docs/engineering/plugin-integration/evidence/WO-PLG-008/checks/focused-win311-attempt1/stderr.txt", "docs/engineering/plugin-integration/evidence/WO-PLG-008/checks/focused-win311-attempt1/stdout.txt", "docs/engineering/plugin-integration/evidence/WO-PLG-008/checks/focused-win311-final/command.json", "docs/engineering/plugin-integration/evidence/WO-PLG-008/checks/focused-win311-final/stderr.txt", "docs/engineering/plugin-integration/evidence/WO-PLG-008/checks/focused-win311-final/stdout.txt", "docs/engineering/plugin-integration/evidence/WO-PLG-008/checks/full-suite-linux-checkout/00-stderr.txt", "docs/engineering/plugin-integration/evidence/WO-PLG-008/checks/full-suite-linux-checkout/00-stdout.txt", "docs/engineering/plugin-integration/evidence/WO-PLG-008/checks/full-suite-linux-checkout/01-stderr.txt", "docs/engineering/plugin-integration/evidence/WO-PLG-008/checks/full-suite-linux-checkout/01-stdout.txt", "docs/engineering/plugin-integration/evidence/WO-PLG-008/checks/full-suite-linux-checkout/02-stderr.txt", "docs/engineering/plugin-integration/evidence/WO-PLG-008/checks/full-suite-linux-checkout/02-stdout.txt", "docs/engineering/plugin-integration/evidence/WO-PLG-008/checks/full-suite-linux-checkout/03-stderr.txt", "docs/engineering/plugin-integration/evidence/WO-PLG-008/checks/full-suite-linux-checkout/03-stdout.txt", "docs/engineering/plugin-integration/evidence/WO-PLG-008/checks/full-suite-linux-checkout/04-stderr.txt", "docs/engineering/plugin-integration/evidence/WO-PLG-008/checks/full-suite-linux-checkout/04-stdout.txt", "docs/engineering/plugin-integration/evidence/WO-PLG-008/checks/full-suite-linux-checkout/commands.json", "docs/engineering/plugin-integration/evidence/WO-PLG-008/checks/release-distributions/command.json", "docs/engineering/plugin-integration/evidence/WO-PLG-008/checks/release-distributions/stderr.txt", "docs/engineering/plugin-integration/evidence/WO-PLG-008/checks/release-distributions/stdout.txt", "docs/engineering/plugin-integration/evidence/WO-PLG-008/governance/action-approve-applied.json", "docs/engineering/plugin-integration/evidence/WO-PLG-008/governance/action-approve-applied.stderr.txt", "docs/engineering/plugin-integration/evidence/WO-PLG-008/governance/action-approve-plan.json", "docs/engineering/plugin-integration/evidence/WO-PLG-008/governance/action-approve-plan.stderr.txt", "docs/engineering/plugin-integration/evidence/WO-PLG-008/governance/action-complete-applied.json", "docs/engineering/plugin-integration/evidence/WO-PLG-008/governance/action-complete-applied.stderr.txt", "docs/engineering/plugin-integration/evidence/WO-PLG-008/governance/action-complete-plan.json", "docs/engineering/plugin-integration/evidence/WO-PLG-008/governance/action-complete-plan.stderr.txt", "docs/engineering/plugin-integration/evidence/WO-PLG-008/governance/action-completion-doctor.json", "docs/engineering/plugin-integration/evidence/WO-PLG-008/governance/action-completion-doctor.stderr.txt", "docs/engineering/plugin-integration/evidence/WO-PLG-008/governance/action-completion-validate.json", "docs/engineering/plugin-integration/evidence/WO-PLG-008/governance/action-completion-validate.stderr.txt", "docs/engineering/plugin-integration/evidence/WO-PLG-008/governance/action-evidence-handoff.json", "docs/engineering/plugin-integration/evidence/WO-PLG-008/governance/action-evidence-handoff.stderr.txt", "docs/engineering/plugin-integration/evidence/WO-PLG-008/governance/action-final-doctor.json", "docs/engineering/plugin-integration/evidence/WO-PLG-008/governance/action-final-doctor.stderr.txt", "docs/engineering/plugin-integration/evidence/WO-PLG-008/governance/action-final-validate.json", "docs/engineering/plugin-integration/evidence/WO-PLG-008/governance/action-final-validate.stderr.txt", "docs/engineering/plugin-integration/evidence/WO-PLG-008/governance/action-handoff-ready.json", "docs/engineering/plugin-integration/evidence/WO-PLG-008/governance/action-handoff-ready.stderr.txt", "docs/engineering/plugin-integration/evidence/WO-PLG-008/governance/action-review-preflight.json", "docs/engineering/plugin-integration/evidence/WO-PLG-008/governance/action-review-preflight.stderr.txt", "docs/engineering/plugin-integration/evidence/WO-PLG-008/governance/action-staged-scope.json", "docs/engineering/plugin-integration/evidence/WO-PLG-008/governance/action-staged-scope.stderr.txt", "docs/engineering/plugin-integration/evidence/WO-PLG-008/governance/action-start-applied.json", "docs/engineering/plugin-integration/evidence/WO-PLG-008/governance/action-start-applied.stderr.txt", "docs/engineering/plugin-integration/evidence/WO-PLG-008/governance/action-start-plan.json", "docs/engineering/plugin-integration/evidence/WO-PLG-008/governance/action-start-plan.stderr.txt", "docs/engineering/plugin-integration/evidence/WO-PLG-008/governance/action-start-preflight.json", "docs/engineering/plugin-integration/evidence/WO-PLG-008/governance/action-start-preflight.stderr.txt", "docs/engineering/plugin-integration/evidence/WO-PLG-008/governance/delivery-context.json", "docs/engineering/plugin-integration/evidence/WO-PLG-008/governance/preparation-gates.json", "docs/engineering/plugin-integration/evidence/WO-PLG-008/governance/verification-preparation-inputs.json"]
evaluator_evidence_path = "docs/engineering/plugin-integration/evidence/VREC-PLG-006-evaluator.json"
evaluator_evidence_sha256 = "44d4b74d9febe03a0828dfeee8cd8322fd02db74ff866d7191440e17164e7abb"

verified_at = "2026-09-10T17:40:47Z"
verified_by = "assurance-owner"
[relations]
verifies_work_order = ["WO-PLG-008"]
conforms_to = ["VER-PLG-008"]

[[lifecycle_events]]
from = "ready"
to = "verified"
decided_at = "2026-09-10T17:40:47Z"
decided_by = "assurance-owner"
reason = "On 2026-09-10 the operator stated \"i ver\\_ify both records\" in response to the explicit handoff naming VREC-PLG-005 for WO-PLG-007 and VREC-PLG-006 for WO-PLG-008. Record the operator's assurance-owner decision for VREC-PLG-006, exact candidate 1daf4e3ecf3a46a3cb8ad385a11b6cfa39e4549d, under VER-PLG-008. The retained evidence and disclosed fixture, platform and host-coverage limits define the scope of this verification. This transition changes only VREC-PLG-006 from ready to verified; its candidate and evidence remain fixed. No related work-order state change, release or PR merge is authorized."
+++

# Verification Record Candidate

This ready record binds retained evidence for `WO-PLG-008` to candidate commit `1daf4e3ecf3a46a3cb8ad385a11b6cfa39e4549d`. An accountable assurance owner must review the evidence and transition the record to `verified`; this command did not approve, commit, tag, release, or publish anything.

The record is intentionally created after the candidate commit it names, avoiding self-referential commit metadata.

0eab9961442ba25eecce32bfbd334329e815e14c blob 8904
+++
id = "VREC-PLG-007"
type = "verification_record"
title = "Verification candidate for WO-PLG-010"
status = "ready"
owners = ["delegated-executor"]
created = "2026-09-10"
updated = "2026-09-10"
commit = "398538ef6d11481f13c11bed639eb585963e2afb"
git_object_format = "sha1"
worktree_state = "clean"
prepared_at = "2026-09-10T19:21:46Z"
prepared_by = "delegated-executor"
artifact_snapshot_sha256 = "076d6cc9bc53b5e55fff30e9f093e0dbc80a0c60c1c3b16eb74118ff6980c15d"
evidence_paths = ["docs/engineering/plugin-integration/evidence/WO-PLG-010/README.md", "docs/engineering/plugin-integration/evidence/WO-PLG-010/WO-PLG-010-handoff.md", "docs/engineering/plugin-integration/evidence/WO-PLG-010/acceptance/independent-windows/REPORT.md", "docs/engineering/plugin-integration/evidence/WO-PLG-010/acceptance/independent-windows/behavior-evidence/candidate-identities.json", "docs/engineering/plugin-integration/evidence/WO-PLG-010/acceptance/independent-windows/behavior-evidence/chg01.json", "docs/engineering/plugin-integration/evidence/WO-PLG-010/acceptance/independent-windows/behavior-evidence/chg02.json", "docs/engineering/plugin-integration/evidence/WO-PLG-010/acceptance/independent-windows/behavior-evidence/chg03.json", "docs/engineering/plugin-integration/evidence/WO-PLG-010/acceptance/independent-windows/behavior-evidence/chg04.json", "docs/engineering/plugin-integration/evidence/WO-PLG-010/acceptance/independent-windows/behavior-evidence/chg05.json", "docs/engineering/plugin-integration/evidence/WO-PLG-010/acceptance/independent-windows/behavior-evidence/chg06.json", "docs/engineering/plugin-integration/evidence/WO-PLG-010/acceptance/independent-windows/behavior-evidence/chg07.json", "docs/engineering/plugin-integration/evidence/WO-PLG-010/acceptance/independent-windows/behavior-evidence/chg08.json", "docs/engineering/plugin-integration/evidence/WO-PLG-010/acceptance/independent-windows/behavior-evidence/chg09.json", "docs/engineering/plugin-integration/evidence/WO-PLG-010/acceptance/independent-windows/behavior-evidence/chg10.json", "docs/engineering/plugin-integration/evidence/WO-PLG-010/acceptance/independent-windows/behavior-evidence/final-hashes.json", "docs/engineering/plugin-integration/evidence/WO-PLG-010/acceptance/independent-windows/behavior-evidence/prompt-counts.json", "docs/engineering/plugin-integration/evidence/WO-PLG-010/acceptance/independent-windows/behavior-evidence/summary.json", "docs/engineering/plugin-integration/evidence/WO-PLG-010/acceptance/independent-windows/evidence-manifest.json", "docs/engineering/plugin-integration/evidence/WO-PLG-010/acceptance/independent-windows/fixed-inputs.json", "docs/engineering/plugin-integration/evidence/WO-PLG-010/acceptance/independent-windows/oracle.md", "docs/engineering/plugin-integration/evidence/WO-PLG-010/acceptance/independent-windows/retention-inventory.json", "docs/engineering/plugin-integration/evidence/WO-PLG-010/acceptance/independent-windows/trace-groups.json", "docs/engineering/plugin-integration/evidence/WO-PLG-010/acceptance/linux-replay-attempt1/ATTEMPT-NOTE.md", "docs/engineering/plugin-integration/evidence/WO-PLG-010/acceptance/linux-replay-attempt1/retention-inventory.json", "docs/engineering/plugin-integration/evidence/WO-PLG-010/acceptance/linux-replay-attempt1/summary.json", "docs/engineering/plugin-integration/evidence/WO-PLG-010/acceptance/linux-replay-attempt2/REPLAY-NOTE.md", "docs/engineering/plugin-integration/evidence/WO-PLG-010/acceptance/linux-replay-attempt2/inspection.json", "docs/engineering/plugin-integration/evidence/WO-PLG-010/acceptance/linux-replay-attempt2/retention-inventory.json", "docs/engineering/plugin-integration/evidence/WO-PLG-010/acceptance/linux-replay-attempt2/summary.json", "docs/engineering/plugin-integration/evidence/WO-PLG-010/acceptance/live-guard-linux-016-02/chg07-guard.json", "docs/engineering/plugin-integration/evidence/WO-PLG-010/acceptance/live-guard-linux-016-02/commands.json", "docs/engineering/plugin-integration/evidence/WO-PLG-010/acceptance/live-guard-win-016-02/chg07-guard.json", "docs/engineering/plugin-integration/evidence/WO-PLG-010/acceptance/live-guard-win-016-02/commands.json", "docs/engineering/plugin-integration/evidence/WO-PLG-010/acceptance/live-guard-win-05/chg07-guard.json", "docs/engineering/plugin-integration/evidence/WO-PLG-010/acceptance/live-guard-win-05/commands.json", "docs/engineering/plugin-integration/evidence/WO-PLG-010/acceptance/runtime-linux-016/observations.json", "docs/engineering/plugin-integration/evidence/WO-PLG-010/acceptance/runtime-win-016/observations.json", "docs/engineering/plugin-integration/evidence/WO-PLG-010/checks/candidate-doctor/command.json", "docs/engineering/plugin-integration/evidence/WO-PLG-010/checks/candidate-help/command.json", "docs/engineering/plugin-integration/evidence/WO-PLG-010/checks/candidate-suite-retry/command.json", "docs/engineering/plugin-integration/evidence/WO-PLG-010/checks/candidate-suite/command.json", "docs/engineering/plugin-integration/evidence/WO-PLG-010/checks/distributions/command.json", "docs/engineering/plugin-integration/evidence/WO-PLG-010/checks/final/chg-final-doctor.json", "docs/engineering/plugin-integration/evidence/WO-PLG-010/checks/final/chg-final-preflight.json", "docs/engineering/plugin-integration/evidence/WO-PLG-010/checks/final/chg-final-scope.json", "docs/engineering/plugin-integration/evidence/WO-PLG-010/checks/final/chg-final-validate.json", "docs/engineering/plugin-integration/evidence/WO-PLG-010/checks/qualification-limits.json", "docs/engineering/plugin-integration/evidence/WO-PLG-010/checks/skill-validation/command.json", "docs/engineering/plugin-integration/evidence/WO-PLG-010/governance/completion/chg-complete-applied.json", "docs/engineering/plugin-integration/evidence/WO-PLG-010/governance/completion/chg-complete-preview.json", "docs/engineering/plugin-integration/evidence/WO-PLG-010/governance/definition-delivery/definition-doctor.json", "docs/engineering/plugin-integration/evidence/WO-PLG-010/governance/definition-delivery/definition-review-preflight.json", "docs/engineering/plugin-integration/evidence/WO-PLG-010/governance/definition-delivery/definition-scope.json", "docs/engineering/plugin-integration/evidence/WO-PLG-010/governance/definition-delivery/definition-start-reading.json", "docs/engineering/plugin-integration/evidence/WO-PLG-010/governance/definition-delivery/definition-validate.json", "docs/engineering/plugin-integration/evidence/WO-PLG-010/governance/definition-delivery/definitions-approval-applied.json", "docs/engineering/plugin-integration/evidence/WO-PLG-010/governance/definition-delivery/definitions-approval-inputs.json", "docs/engineering/plugin-integration/evidence/WO-PLG-010/governance/definition-delivery/definitions-approval-plan.json", "docs/engineering/plugin-integration/evidence/WO-PLG-010/governance/definition-delivery/delegated-start-preview.json", "docs/engineering/plugin-integration/evidence/WO-PLG-010/governance/definition-delivery/operator-instruction.json", "docs/engineering/plugin-integration/evidence/WO-PLG-010/governance/definition-delivery/work-order-approval-applied.json", "docs/engineering/plugin-integration/evidence/WO-PLG-010/governance/definition-delivery/work-order-approval-inputs.json", "docs/engineering/plugin-integration/evidence/WO-PLG-010/governance/definition-delivery/work-order-approval-plan.json", "docs/engineering/plugin-integration/evidence/WO-PLG-010/governance/start/chg-start-applied.json", "docs/engineering/plugin-integration/evidence/WO-PLG-010/governance/start/chg-start-final.json", "docs/engineering/plugin-integration/evidence/WO-PLG-010/governance/start/chg-start-focus.json", "docs/engineering/plugin-integration/evidence/WO-PLG-010/governance/start/chg-start-preflight.json", "docs/engineering/plugin-integration/evidence/WO-PLG-010/governance/start/chg-start-preview.json", "docs/engineering/plugin-integration/evidence/WO-PLG-010/governance/start/selection.json"]
evaluator_evidence_path = "docs/engineering/plugin-integration/evidence/VREC-PLG-007-evaluator.json"
evaluator_evidence_sha256 = "44d4b74d9febe03a0828dfeee8cd8322fd02db74ff866d7191440e17164e7abb"

[relations]
verifies_work_order = ["WO-PLG-010"]
conforms_to = ["VER-PLG-010"]
+++

# Verification Record Candidate

This ready record binds retained evidence for `WO-PLG-010` to candidate commit `398538ef6d11481f13c11bed639eb585963e2afb`. An accountable assurance owner must review the evidence and transition the record to `verified`; this command did not approve, commit, tag, release, or publish anything. Delegated DR-VREC-PREPARE under [delegation] class 'execution': required check 'validate' success at 398538ef6d11481f13c11bed639eb585963e2afb (check-run 103014139029, source github-checks).

The record is intentionally created after the candidate commit it names, avoiding self-referential commit metadata.

e27f9ff94dbbb36877510346225788c271c7c359 blob 11850
+++
id = "VREC-PLG-008"
type = "verification_record"
title = "Verification candidate for WO-PLG-011"
status = "ready"
owners = ["delegated-executor"]
created = "2026-09-10"
updated = "2026-09-10"
commit = "e9418644e22497e622b706cb228f0cd8b36f3b5b"
git_object_format = "sha1"
worktree_state = "clean"
prepared_at = "2026-09-10T20:23:13Z"
prepared_by = "delegated-executor"
artifact_snapshot_sha256 = "da6c34128f2a249f716d89bac6a63526934c1afdd00f522756921d152dce8e9b"
evidence_paths = ["docs/engineering/plugin-integration/evidence/WO-PLG-011/README.md", "docs/engineering/plugin-integration/evidence/WO-PLG-011/WO-PLG-011-handoff.md", "docs/engineering/plugin-integration/evidence/WO-PLG-011/acceptance/independent-windows/REPORT.md", "docs/engineering/plugin-integration/evidence/WO-PLG-011/acceptance/independent-windows/audit.json", "docs/engineering/plugin-integration/evidence/WO-PLG-011/acceptance/independent-windows/behavior/evd01.json", "docs/engineering/plugin-integration/evidence/WO-PLG-011/acceptance/independent-windows/behavior/evd02.json", "docs/engineering/plugin-integration/evidence/WO-PLG-011/acceptance/independent-windows/behavior/evd03.json", "docs/engineering/plugin-integration/evidence/WO-PLG-011/acceptance/independent-windows/behavior/evd04.json", "docs/engineering/plugin-integration/evidence/WO-PLG-011/acceptance/independent-windows/behavior/evd05.json", "docs/engineering/plugin-integration/evidence/WO-PLG-011/acceptance/independent-windows/behavior/evd06.json", "docs/engineering/plugin-integration/evidence/WO-PLG-011/acceptance/independent-windows/behavior/evd07.json", "docs/engineering/plugin-integration/evidence/WO-PLG-011/acceptance/independent-windows/behavior/evd08.json", "docs/engineering/plugin-integration/evidence/WO-PLG-011/acceptance/independent-windows/behavior/evd09.json", "docs/engineering/plugin-integration/evidence/WO-PLG-011/acceptance/independent-windows/behavior/evd10.json", "docs/engineering/plugin-integration/evidence/WO-PLG-011/acceptance/independent-windows/candidate-inputs.json", "docs/engineering/plugin-integration/evidence/WO-PLG-011/acceptance/independent-windows/corrected-footprint-expectation.md", "docs/engineering/plugin-integration/evidence/WO-PLG-011/acceptance/independent-windows/evidence-manifest.json", "docs/engineering/plugin-integration/evidence/WO-PLG-011/acceptance/independent-windows/final-hashes.json", "docs/engineering/plugin-integration/evidence/WO-PLG-011/acceptance/independent-windows/oracle.md", "docs/engineering/plugin-integration/evidence/WO-PLG-011/acceptance/independent-windows/raw-scenarios.json", "docs/engineering/plugin-integration/evidence/WO-PLG-011/acceptance/independent-windows/release-inputs.json", "docs/engineering/plugin-integration/evidence/WO-PLG-011/acceptance/independent-windows/retention-inventory.json", "docs/engineering/plugin-integration/evidence/WO-PLG-011/acceptance/independent-windows/trace-groups.json", "docs/engineering/plugin-integration/evidence/WO-PLG-011/acceptance/independent-windows/trace/corrected-capture-check.json", "docs/engineering/plugin-integration/evidence/WO-PLG-011/acceptance/independent-windows/trace/corrected-capture-context.json", "docs/engineering/plugin-integration/evidence/WO-PLG-011/acceptance/independent-windows/trace/corrected-capture-readback-before.json", "docs/engineering/plugin-integration/evidence/WO-PLG-011/acceptance/independent-windows/trace/corrected-capture-refs.json", "docs/engineering/plugin-integration/evidence/WO-PLG-011/acceptance/independent-windows/trace/corrected-capture-state.json", "docs/engineering/plugin-integration/evidence/WO-PLG-011/acceptance/independent-windows/trace/corrected-capture.json", "docs/engineering/plugin-integration/evidence/WO-PLG-011/acceptance/independent-windows/trace/evd02-rls-prepare.json", "docs/engineering/plugin-integration/evidence/WO-PLG-011/acceptance/independent-windows/trace/evd03-lost-capture.json", "docs/engineering/plugin-integration/evidence/WO-PLG-011/acceptance/independent-windows/trace/evd03-partial-context.json", "docs/engineering/plugin-integration/evidence/WO-PLG-011/acceptance/independent-windows/trace/evd03-partial-injected-setup.json", "docs/engineering/plugin-integration/evidence/WO-PLG-011/acceptance/independent-windows/trace/evd03-partial-inspection-unavailable.json", "docs/engineering/plugin-integration/evidence/WO-PLG-011/acceptance/independent-windows/trace/evd03-uncertain-capture.json", "docs/engineering/plugin-integration/evidence/WO-PLG-011/acceptance/independent-windows/trace/evd03-uncertain-inspection.json", "docs/engineering/plugin-integration/evidence/WO-PLG-011/acceptance/independent-windows/trace/evd07-capture.json", "docs/engineering/plugin-integration/evidence/WO-PLG-011/acceptance/independent-windows/trace/evd09-current-integration-gates.json", "docs/engineering/plugin-integration/evidence/WO-PLG-011/acceptance/independent-windows/trace/evd09-project-tool.json", "docs/engineering/plugin-integration/evidence/WO-PLG-011/acceptance/linux-replay-attempt1/ATTEMPT-NOTE.md", "docs/engineering/plugin-integration/evidence/WO-PLG-011/acceptance/linux-replay-attempt2/REPORT.md", "docs/engineering/plugin-integration/evidence/WO-PLG-011/acceptance/linux-replay-attempt2/audit.json", "docs/engineering/plugin-integration/evidence/WO-PLG-011/acceptance/linux-replay-attempt2/capture.json", "docs/engineering/plugin-integration/evidence/WO-PLG-011/acceptance/linux-replay-attempt2/corrected.json", "docs/engineering/plugin-integration/evidence/WO-PLG-011/acceptance/linux-replay-attempt2/dirty.json", "docs/engineering/plugin-integration/evidence/WO-PLG-011/acceptance/linux-replay-attempt2/external-attempt2/summary.json", "docs/engineering/plugin-integration/evidence/WO-PLG-011/acceptance/linux-replay-attempt2/external/summary.json", "docs/engineering/plugin-integration/evidence/WO-PLG-011/acceptance/linux-replay-attempt2/governance.json", "docs/engineering/plugin-integration/evidence/WO-PLG-011/acceptance/linux-replay-attempt2/handoff.json", "docs/engineering/plugin-integration/evidence/WO-PLG-011/acceptance/linux-replay-attempt2/lost.json", "docs/engineering/plugin-integration/evidence/WO-PLG-011/acceptance/linux-replay-attempt2/no-context.json", "docs/engineering/plugin-integration/evidence/WO-PLG-011/acceptance/linux-replay-attempt2/partial.json", "docs/engineering/plugin-integration/evidence/WO-PLG-011/acceptance/linux-replay-attempt2/release.json", "docs/engineering/plugin-integration/evidence/WO-PLG-011/acceptance/linux-replay-attempt2/runner-version-history.json", "docs/engineering/plugin-integration/evidence/WO-PLG-011/acceptance/linux-replay-attempt2/setup-original.json", "docs/engineering/plugin-integration/evidence/WO-PLG-011/acceptance/linux-replay-attempt2/unauthorized-release.json", "docs/engineering/plugin-integration/evidence/WO-PLG-011/acceptance/linux-replay-attempt2/unauthorized.json", "docs/engineering/plugin-integration/evidence/WO-PLG-011/acceptance/linux-replay-attempt2/uncertain.json", "docs/engineering/plugin-integration/evidence/WO-PLG-011/acceptance/linux-replay-retention-inventory.json", "docs/engineering/plugin-integration/evidence/WO-PLG-011/acceptance/linux-retention-mapped-inventory.json", "docs/engineering/plugin-integration/evidence/WO-PLG-011/acceptance/recorder-error-probes.json", "docs/engineering/plugin-integration/evidence/WO-PLG-011/acceptance/recorder-errors-linux/inventory.json", "docs/engineering/plugin-integration/evidence/WO-PLG-011/acceptance/recorder-errors-linux/summary.json", "docs/engineering/plugin-integration/evidence/WO-PLG-011/acceptance/recorder-errors-windows/inventory.json", "docs/engineering/plugin-integration/evidence/WO-PLG-011/acceptance/recorder-errors-windows/summary.json", "docs/engineering/plugin-integration/evidence/WO-PLG-011/checks/final/evd-final-doctor.json", "docs/engineering/plugin-integration/evidence/WO-PLG-011/checks/final/evd-final-evidence.json", "docs/engineering/plugin-integration/evidence/WO-PLG-011/checks/final/evd-final-handoff.json", "docs/engineering/plugin-integration/evidence/WO-PLG-011/checks/final/evd-final-preflight.json", "docs/engineering/plugin-integration/evidence/WO-PLG-011/checks/final/evd-final-scope.json", "docs/engineering/plugin-integration/evidence/WO-PLG-011/checks/final/evd-final-validate.json", "docs/engineering/plugin-integration/evidence/WO-PLG-011/checks/qualification.json", "docs/engineering/plugin-integration/evidence/WO-PLG-011/governance/completion/evd-complete-applied.json", "docs/engineering/plugin-integration/evidence/WO-PLG-011/governance/completion/evd-complete-preview.json", "docs/engineering/plugin-integration/evidence/WO-PLG-011/governance/completion/evd-completed-evidence.json", "docs/engineering/plugin-integration/evidence/WO-PLG-011/governance/completion/evd-completed-focus.json", "docs/engineering/plugin-integration/evidence/WO-PLG-011/governance/definition-delivery/definition-doctor.json", "docs/engineering/plugin-integration/evidence/WO-PLG-011/governance/definition-delivery/definition-review-preflight.json", "docs/engineering/plugin-integration/evidence/WO-PLG-011/governance/definition-delivery/definition-scope.json", "docs/engineering/plugin-integration/evidence/WO-PLG-011/governance/definition-delivery/definition-start-reading.json", "docs/engineering/plugin-integration/evidence/WO-PLG-011/governance/definition-delivery/definition-validate.json", "docs/engineering/plugin-integration/evidence/WO-PLG-011/governance/definition-delivery/definitions-approval-applied.json", "docs/engineering/plugin-integration/evidence/WO-PLG-011/governance/definition-delivery/definitions-approval-inputs.json", "docs/engineering/plugin-integration/evidence/WO-PLG-011/governance/definition-delivery/definitions-approval-plan.json", "docs/engineering/plugin-integration/evidence/WO-PLG-011/governance/definition-delivery/delegated-start-preview.json", "docs/engineering/plugin-integration/evidence/WO-PLG-011/governance/definition-delivery/operator-instruction.json", "docs/engineering/plugin-integration/evidence/WO-PLG-011/governance/definition-delivery/work-order-approval-applied.json", "docs/engineering/plugin-integration/evidence/WO-PLG-011/governance/definition-delivery/work-order-approval-inputs.json", "docs/engineering/plugin-integration/evidence/WO-PLG-011/governance/definition-delivery/work-order-approval-plan.json", "docs/engineering/plugin-integration/evidence/WO-PLG-011/governance/start/evd-start-applied.json", "docs/engineering/plugin-integration/evidence/WO-PLG-011/governance/start/evd-start-focus.json", "docs/engineering/plugin-integration/evidence/WO-PLG-011/governance/start/evd-start-preflight.json", "docs/engineering/plugin-integration/evidence/WO-PLG-011/governance/start/evd-start-preview.json", "docs/engineering/plugin-integration/evidence/WO-PLG-011/instruction-review.md", "docs/engineering/plugin-integration/evidence/WO-PLG-011/replay-review.md"]
evaluator_evidence_path = "docs/engineering/plugin-integration/evidence/VREC-PLG-008-evaluator.json"
evaluator_evidence_sha256 = "44d4b74d9febe03a0828dfeee8cd8322fd02db74ff866d7191440e17164e7abb"

[relations]
verifies_work_order = ["WO-PLG-011"]
conforms_to = ["VER-PLG-011"]
+++

# Verification Record Candidate

This ready record binds retained evidence for `WO-PLG-011` to candidate commit `e9418644e22497e622b706cb228f0cd8b36f3b5b`. An accountable assurance owner must review the evidence and transition the record to `verified`; this command did not approve, commit, tag, release, or publish anything. Delegated DR-VREC-PREPARE under [delegation] class 'execution': required check 'validate' success at e9418644e22497e622b706cb228f0cd8b36f3b5b (check-run 103034298962, source github-checks).

The record is intentionally created after the candidate commit it names, avoiding self-referential commit metadata.

c9414a462a4e69dfaadfc7b5a74c04a2b1615bf2 blob 1449
+++
id = "VREC-PMI-001"
type = "verification_record"
title = "Verification candidate for 2 work orders"
status = "verified"
owners = ["quality-owner"]
created = "2026-08-11"
updated = "2026-08-11"
commit = "505e889777c3c50f544b7e6d6fe58e2f765c1fea"
git_object_format = "sha1"
worktree_state = "clean"
verified_at = "2026-08-11T11:24:51Z"
artifact_snapshot_sha256 = "cca3139c2c274683e2a85dcba41eaed793d8810f15c91ac1404cf4c35d97c635"
evidence_paths = ["docs/engineering/aggregate-release/evidence/WO-AGR-001-verification.md", "docs/engineering/portable-managed-integrity/evidence/WO-PMI-001-verification.md"]

[relations]
verifies_work_order = ["WO-AGR-001", "WO-PMI-001"]
conforms_to = ["VER-AGR-001", "VER-PMI-001"]
+++

# Verification Record Candidate

This verified record binds retained evidence for `WO-AGR-001`, `WO-PMI-001` to candidate commit `505e889777c3c50f544b7e6d6fe58e2f765c1fea`. The capture command originally prepared it as `ready` and did not approve, commit, tag, release, or publish anything.

The record is intentionally created after the candidate commit it names, avoiding self-referential commit metadata.

The accountable repository owner reviewed both retained evidence files and explicitly instructed `i validate, then transition and governance commit` on 2026-08-11. That human decision, authorized and recorded by `WO-REV-004`, transitioned this record from `ready` to `verified`; automation did not grant the authority.

eb934ff2e75f8bccc97777ca007fbc5ae7d51bc9 blob 1366
+++
id = "VREC-PYP-001"
type = "verification_record"
title = "Verification candidate for WO-PYP-001"
status = "verified"
owners = ["quality-owner"]
created = "2026-08-11"
updated = "2026-08-11"
commit = "01fc231dc1fc4501fd1f74aee9eecfea9c1d9db9"
git_object_format = "sha1"
worktree_state = "clean"
verified_at = "2026-08-11T14:23:15Z"
artifact_snapshot_sha256 = "3fde3c1a883eb58590bbb969aee57181dde102f94d375a8bb14cac419e3decc2"
evidence_paths = ["docs/engineering/pypi-publication/evidence/WO-PYP-001-verification.md"]

[relations]
verifies_work_order = ["WO-PYP-001"]
conforms_to = ["VER-PYP-001"]
+++

# Verification Record Candidate

This verified record binds retained evidence for `WO-PYP-001` to candidate commit `01fc231dc1fc4501fd1f74aee9eecfea9c1d9db9`. The capture command originally prepared it as `ready` and did not approve, commit, tag, release, or publish anything.

The record is intentionally created after the candidate commit it names, avoiding self-referential commit metadata.

The accountable repository owner reviewed the retained PyPI publication evidence after pull request #13 was merged and explicitly instructed `i merged, then transition and governance commit + PR` on 2026-08-11. That human decision, authorized and recorded by `WO-PYP-003`, transitioned this record from `ready` to `verified`; automation did not grant the authority.

ce40969050f4eb6939f1369cfeb7e2980211b0e1 blob 1518
+++
id = "VREC-PYP-002"
type = "verification_record"
title = "Verification candidate for WO-PYP-004"
status = "verified"
owners = ["quality-owner"]
created = "2026-08-11"
updated = "2026-08-11"
commit = "ce7243a74bd268dcadfde9b6d42f6818913e1795"
git_object_format = "sha1"
worktree_state = "clean"
verified_at = "2026-08-11T16:59:00Z"
artifact_snapshot_sha256 = "b8029507f7391b729446af533f569f28fa044f28ab5ec43ea1d7b44ce4f01770"
evidence_paths = ["docs/engineering/pypi-publication/evidence/WO-PYP-004-verification.md"]

[relations]
verifies_work_order = ["WO-PYP-004"]
conforms_to = ["VER-PYP-001"]
+++

# Verification Record Candidate

This verified record binds retained evidence for `WO-PYP-004` to candidate commit `ce7243a74bd268dcadfde9b6d42f6818913e1795`. The capture command originally prepared it as `ready` and did not approve, commit, tag, release, or publish anything.

The record is intentionally created after the candidate commit it names, avoiding self-referential commit metadata.

The accountable owner authorized completion of the exact PyPI promotion with `i merged, you can perform the next steps`. After the first run exposed the annotated-tag-object defect, that authorization and `WO-PYP-004` bounded the separately verified immutable-commit correction. The ready record was retained in commit `d300ea46d39ac95e76cb32ae419e092c85bfe4cc` with SHA-256 `bd9a472dc65c428f7d4129cc83b7633b0f60cd45d68cae2db4178ded5734a300`; this later governance decision transitioned only its status to `verified`.

6fa296fcb2a8d3b7e27f11e2fe7b81c49e04a414 blob 879
{"diagnostics":[],"environment":{"checkout_excluded":true,"entry_point_resolved":true,"isolated_python":true,"pythonpath_present":false,"user_site_enabled":false},"evaluator":{"archive_name":"se_harness-0.9.0-py3-none-any.whl","archive_sha256":"c4b5617585a3cb908a3b3c14b97e1039824ca731b8acce0251888d095927f364","payload_manifest":"se-harness-installed-payload-v1","payload_sha256":"e74ad2ae73d7298ebf2ae5125f84068c5f011d96d7c6bb75a105ff45895348f7","version":"0.9.0"},"origins":{"distribution":"<evaluator-root>/lib/python3.12/site-packages","entry_point":"<evaluator-root>/bin/harnessctl","module":"<evaluator-root>/lib/python3.12/site-packages/se_harness/runtime_identity.py","python_executable":"<evaluator-root>/bin/python","templates":"<evaluator-root>/share/se-harness/templates/repository/standard"},"role":"released-evaluator","schema":"se-harness-evaluator-evidence-v1"}

db3260f1cc5c265328f108ae98dfe1ab7961bdfd blob 3538
+++
id = "VREC-SEH-019"
type = "verification_record"
title = "Verification candidate for 5 work orders"
status = "verified"
owners = ["Mathieu Meadele"]
created = "2026-08-29"
updated = "2026-08-29"
commit = "69ee77a673a25a28535a03ebfaa5c29b454e1f5f"
git_object_format = "sha1"
worktree_state = "clean"
prepared_at = "2026-08-29T10:06:39Z"
prepared_by = "Mathieu Meadele"
artifact_snapshot_sha256 = "52e5bcfc9b702906dd0960111c4bfaba1fe34f16a70ec17fb8f301705c8610f4"
evidence_paths = ["docs/engineering/execution-control-plane/evidence/WO-ECP-012/WO-ECP-012-handoff.md", "docs/engineering/execution-control-plane/evidence/WO-ECP-013/WO-ECP-013-handoff.md", "docs/engineering/execution-control-plane/evidence/WO-ECP-014/WO-ECP-014-handoff.md", "docs/engineering/release-0-10-0/evidence/WO-RLS-016/WO-RLS-016-handoff.md", "docs/engineering/repository-harness-upgrade/evidence/WO-HUP-009/WO-HUP-009-handoff.md"]
evaluator_evidence_path = "docs/engineering/release-0-10-0/evidence/VREC-SEH-019-evaluator.json"
evaluator_evidence_sha256 = "e78737d57a52748c0381cddd376cd8627a9328f600210a957e5ddd308ef48d91"

verified_at = "2026-08-29T10:14:21Z"
verified_by = "assurance-owner"
[relations]
verifies_work_order = ["WO-ECP-012", "WO-ECP-013", "WO-ECP-014", "WO-HUP-009", "WO-RLS-016"]
conforms_to = ["VER-DST-001", "VER-ECP-008", "VER-ECP-009", "VER-ECP-010", "VER-HUP-009"]

[[lifecycle_events]]
from = "ready"
to = "verified"
decided_at = "2026-08-29T10:14:21Z"
decided_by = "assurance-owner"
reason = "Verified by the accountable assurance owner on 2026-08-29, 'I verify VREC-SEH-019 as assurance owner'. Re-measured immediately before this transition: bound commit 69ee77a is an ancestor of the branch tip with a clean worktree; the five work orders are implemented and each of WO-HUP-009, WO-ECP-012, WO-ECP-013 and WO-ECP-014 holds its own verified record; the evaluator packet matches its recorded digest. The retained evidence shows, under the governing exact public 0.9.0 root, validate 1,115 artifacts 0 errors and doctor 0 FAIL, review preflight PASS, distributions PASS, portable surface PASS in all three modes, complete-candidate CC001 to CC004 pass on the Linux interpreter, the upgrade rehearsal 0.9.0 to 0.10.0 pass twice with equal semantic digest daae780d, the suite OK on Linux and at its two baseline failures on Windows, the census COMPLETE at the candidate with the four recorded exemptions, the build of record exact at the bound commit 69ee77a with two byte-identical producer runs (wheel e2f80772, sdist e3b8eaf6, local readings pending the hosted replay), all thirteen lanes passing at 4d16419 before completion, and at the record commit the managed lane red by issue #255 and one transient test error in the rehearsal lane that passed on re-run. The five verification contracts' pass conditions are met to the extent this candidate can meet them; VER-ECP-009 scenario 6 remains for the first pull request the released 0.10.0 root governs. This verifies the five work orders only; it releases and publishes nothing."
+++

# Verification Record Candidate

This ready record binds retained evidence for `WO-ECP-012`, `WO-ECP-013`, `WO-ECP-014`, `WO-HUP-009`, `WO-RLS-016` to candidate commit `69ee77a673a25a28535a03ebfaa5c29b454e1f5f`. An accountable assurance owner must review the evidence and transition the record to `verified`; this command did not approve, commit, tag, release, or publish anything.

The record is intentionally created after the candidate commit it names, avoiding self-referential commit metadata.

9353043318d59f44edf50989dc4bf8271d7396a0 blob 875
{"diagnostics":[],"environment":{"checkout_excluded":true,"entry_point_resolved":true,"isolated_python":true,"pythonpath_present":false,"user_site_enabled":false},"evaluator":{"archive_name":"se_harness-0.10.0-py3-none-any.whl","archive_sha256":"e2f8077264ee2c8ad39d6ac33f726030627f0f70de5579e80bcc159d971f93c3","payload_manifest":"se-harness-installed-payload-v1","payload_sha256":"723c98ecf21a853441ead771956af7aed6564fcffb97389c0468b9376214235d","version":"0.10.0"},"origins":{"distribution":"<evaluator-root>/Lib/site-packages","entry_point":"<evaluator-root>/Scripts/harnessctl.exe","module":"<evaluator-root>/Lib/site-packages/se_harness/runtime_identity.py","python_executable":"<evaluator-root>/Scripts/python.exe","templates":"<evaluator-root>/share/se-harness/templates/repository/standard"},"role":"released-evaluator","schema":"se-harness-evaluator-evidence-v1"}

571d60bdd0154d935e1de9ce0f5eaf292b37f209 blob 3994
+++
id = "VREC-SEH-020"
type = "verification_record"
title = "Verification candidate for 6 work orders"
status = "verified"
owners = ["assurance-owner"]
created = "2026-08-29"
updated = "2026-08-29"
commit = "c5dad1046c276806b23405c72f06ab9b3a39e1f0"
git_object_format = "sha1"
worktree_state = "clean"
prepared_at = "2026-08-29T15:59:58Z"
prepared_by = "assurance-owner"
artifact_snapshot_sha256 = "59f79ec71cc29e75ea2abf63fcf32b48aada4edb168464575dec3de62441e9a9"
evidence_paths = ["docs/engineering/execution-control-plane/evidence/WO-ECP-006/WO-ECP-006-handoff.md", "docs/engineering/execution-control-plane/evidence/WO-ECP-015/WO-ECP-015-handoff.md", "docs/engineering/execution-control-plane/evidence/WO-ECP-016/WO-ECP-016-handoff.md", "docs/engineering/execution-control-plane/evidence/WO-ECP-017/WO-ECP-017-handoff.md", "docs/engineering/release-0-11-0/evidence/WO-RLS-017/WO-RLS-017-handoff.md", "docs/engineering/repository-harness-upgrade/evidence/WO-HUP-010/WO-HUP-010-handoff.md"]
evaluator_evidence_path = "docs/engineering/release-0-11-0/evidence/VREC-SEH-020-evaluator.json"
evaluator_evidence_sha256 = "41578bab531e143cd9864870c9af1495aed7465eff512571387403aa734a1f26"

verified_at = "2026-08-29T16:07:59Z"
verified_by = "assurance-owner"
[relations]
verifies_work_order = ["WO-ECP-006", "WO-ECP-015", "WO-ECP-016", "WO-ECP-017", "WO-HUP-010", "WO-RLS-017"]
conforms_to = ["VER-DST-001", "VER-ECP-007", "VER-ECP-011", "VER-ECP-012", "VER-ECP-013", "VER-ECP-014", "VER-HUP-010"]

[[lifecycle_events]]
from = "ready"
to = "verified"
decided_at = "2026-08-29T16:07:59Z"
decided_by = "assurance-owner"
reason = "Verified by the accountable assurance owner on 2026-08-29, 'I verify VREC-SEH-020 as assurance owner'. Re-measured immediately before this transition: bound commit c5dad10 is an ancestor of the branch tip with a clean worktree; the six work orders it verifies are implemented and the five members hold verified commit-bound records of their own (VREC-HUP-009, VREC-ECP-018, VREC-ECP-019, VREC-ECP-020, VREC-ECP-021); the evaluator packet matches its recorded digest 41578bab. The retained evidence shows, over the candidate c016fbb whose packaged bytes are main 8db0b96 and over the bound commit c5dad10 with the same bytes: validate 1144 artifacts 0 errors, doctor 0 FAIL, review preflight PASS, distributions and portable surface PASS in all three modes, complete-candidate PASS from the Linux environment, the upgrade rehearsal 0.10.0 to 0.11.0 pass twice with semantic digest 7af8e380, the Windows full-scale suite at its two baseline names, the census at the candidate exactly as REL-SEH-022 predicts (untraced 0, one exemption, WO-RLS-016 traced and released), the recipe-bound build exact with two byte-identical producer runs at both commits, and the wheel walk of VER-ECP-014 scenario 1 clean on the build of record. At the bound commit the managed Engineering Harness lane, the governor assessment and the publication rehearsal completed success while the candidate-evidence workflow was cancelled by later pushes; it completed success at the candidate head c016fbb with identical product bytes, and the pull request reads 18 checks passing and none failing. The seven contracts' pass conditions are met as REL-SEH-022 lists them; the one deviation of the packet (complete-candidate read from Linux for the RID018 boundary) is accepted. This verifies the six work orders only; it prepares no release record, releases and publishes nothing."
+++

# Verification Record Candidate

This ready record binds retained evidence for `WO-ECP-006`, `WO-ECP-015`, `WO-ECP-016`, `WO-ECP-017`, `WO-HUP-010`, `WO-RLS-017` to candidate commit `c5dad1046c276806b23405c72f06ab9b3a39e1f0`. An accountable assurance owner must review the evidence and transition the record to `verified`; this command did not approve, commit, tag, release, or publish anything.

The record is intentionally created after the candidate commit it names, avoiding self-referential commit metadata.

869e42a451b218f67d8799007eea729b8d5332a6 blob 875
{"diagnostics":[],"environment":{"checkout_excluded":true,"entry_point_resolved":true,"isolated_python":true,"pythonpath_present":false,"user_site_enabled":false},"evaluator":{"archive_name":"se_harness-0.11.0-py3-none-any.whl","archive_sha256":"ba26ab7be14321cdc26b69d59e2b894d544c3e7b529227de1f24ad9cd8f935c0","payload_manifest":"se-harness-installed-payload-v1","payload_sha256":"71b4b5b694111a42785328f4b742f40e5654d7d4c67d88b9939a6c80213dd016","version":"0.11.0"},"origins":{"distribution":"<evaluator-root>/Lib/site-packages","entry_point":"<evaluator-root>/Scripts/harnessctl.exe","module":"<evaluator-root>/Lib/site-packages/se_harness/runtime_identity.py","python_executable":"<evaluator-root>/Scripts/python.exe","templates":"<evaluator-root>/share/se-harness/templates/repository/standard"},"role":"released-evaluator","schema":"se-harness-evaluator-evidence-v1"}

1c5be9ed985f2a446f3a9b3b57cde7c2a6306188 blob 4298
+++
id = "VREC-SEH-021"
type = "verification_record"
title = "Verification candidate for 14 work orders"
status = "verified"
owners = ["quality-owner"]
created = "2026-08-31"
updated = "2026-08-31"
commit = "3dcde4bbab4f3969fdc59ccdeee9ef68dfb90d26"
git_object_format = "sha1"
worktree_state = "clean"
prepared_at = "2026-08-31T11:52:36Z"
prepared_by = "quality-owner"
artifact_snapshot_sha256 = "f44faf562d6d76fab88b8bfe050fc234291b11a7359440c68ffcb091694405c2"
evidence_paths = ["docs/engineering/artifact-authoring/evidence/WO-AUT-004/WO-AUT-004-handoff.md", "docs/engineering/execution-control-plane/evidence/WO-ECP-018/WO-ECP-018-handoff.md", "docs/engineering/execution-control-plane/evidence/WO-ECP-019/WO-ECP-019-handoff.md", "docs/engineering/execution-control-plane/evidence/WO-ECP-020/WO-ECP-020-handoff.md", "docs/engineering/execution-control-plane/evidence/WO-ECP-021/WO-ECP-021-handoff.md", "docs/engineering/execution-control-plane/evidence/WO-ECP-022/WO-ECP-022-handoff.md", "docs/engineering/execution-control-plane/evidence/WO-ECP-023/WO-ECP-023-handoff.md", "docs/engineering/harness-distribution/evidence/WO-DST-022/WO-DST-022-handoff.md", "docs/engineering/legacy-release-evidence/evidence/WO-LRE-002/WO-LRE-002-handoff.md", "docs/engineering/release-0-12-0/evidence/WO-RLS-018/WO-RLS-018-handoff.md", "docs/engineering/released-evaluator-boundary/evidence/WO-REB-031/WO-REB-031-handoff.md", "docs/engineering/repository-harness-upgrade/evidence/WO-HUP-011/WO-HUP-011-handoff.md", "docs/engineering/repository-harness-upgrade/evidence/WO-HUP-012/WO-HUP-012-handoff.md", "docs/engineering/technical-communication/evidence/WO-TCM-003/WO-TCM-003-handoff.md"]
evaluator_evidence_path = "docs/engineering/release-0-12-0/evidence/VREC-SEH-021-evaluator.json"
evaluator_evidence_sha256 = "52678c799ac17cfa9a568da240a9ba2596ca17a124cf73bdcd8a67059474f211"

verified_at = "2026-08-31T11:53:28Z"
verified_by = "assurance-owner"
[relations]
verifies_work_order = ["WO-AUT-004", "WO-DST-022", "WO-ECP-018", "WO-ECP-019", "WO-ECP-020", "WO-ECP-021", "WO-ECP-022", "WO-ECP-023", "WO-HUP-011", "WO-HUP-012", "WO-LRE-002", "WO-REB-031", "WO-RLS-018", "WO-TCM-003"]
conforms_to = ["VER-AUT-002", "VER-DST-001", "VER-DST-022", "VER-ECP-015", "VER-ECP-016", "VER-ECP-017", "VER-ECP-018", "VER-ECP-019", "VER-HUP-011", "VER-HUP-012", "VER-LRE-002", "VER-REB-015", "VER-TCM-002"]

[[lifecycle_events]]
from = "ready"
to = "verified"
decided_at = "2026-08-31T11:53:28Z"
decided_by = "assurance-owner"
reason = "Verified by the accountable assurance owner on 2026-08-31 by selecting the presented option 'I verify VREC-SEH-021'. Re-measured immediately before this transition: bound commit 3dcde4b is the branch tip with a clean worktree; the fourteen gated work orders are implemented; the evaluator packet matches its recorded digest 52678c79 (the wheel-installed 0.11.0 root). The record binds the fourteen-work-order unit of REL-SEH-023 to the thirteen verification contracts and the fourteen work-order-keyed handoff packets, exactly as the contract's aggregate section demands; every member carries its own verified per-work-order record re-checked at drafting and unmoved since; the candidate qualification of REL-SEH-023 is read complete in WO-RLS-018's packet, including the census with the trace repair carrying its five members, the two-run byte-identical build of record and the two-platform upgrade rehearsal with one semantic digest; every lane of pull request #304 passes at the candidate head. No deviations. The bound change set stands over main 2761f89. This verifies the release unit's work orders only; it prepares, releases and publishes nothing."
+++

# Verification Record Candidate

This ready record binds retained evidence for `WO-AUT-004`, `WO-DST-022`, `WO-ECP-018`, `WO-ECP-019`, `WO-ECP-020`, `WO-ECP-021`, `WO-ECP-022`, `WO-ECP-023`, `WO-HUP-011`, `WO-HUP-012`, `WO-LRE-002`, `WO-REB-031`, `WO-RLS-018`, `WO-TCM-003` to candidate commit `3dcde4bbab4f3969fdc59ccdeee9ef68dfb90d26`. An accountable assurance owner must review the evidence and transition the record to `verified`; this command did not approve, commit, tag, release, or publish anything.

The record is intentionally created after the candidate commit it names, avoiding self-referential commit metadata.

aef01322b8d07c436a313cb62341969ebb412021 blob 875
{"diagnostics":[],"environment":{"checkout_excluded":true,"entry_point_resolved":true,"isolated_python":true,"pythonpath_present":false,"user_site_enabled":false},"evaluator":{"archive_name":"se_harness-0.12.0-py3-none-any.whl","archive_sha256":"639edbeed4bdca7c9e21a5eb2afc3b9fc993ddb3f66177eec962f1646a545811","payload_manifest":"se-harness-installed-payload-v1","payload_sha256":"0df83ce9c9bb6d456f3244f517031753daee740bb22180a492f835d25831ee0d","version":"0.12.0"},"origins":{"distribution":"<evaluator-root>/Lib/site-packages","entry_point":"<evaluator-root>/Scripts/harnessctl.exe","module":"<evaluator-root>/Lib/site-packages/se_harness/runtime_identity.py","python_executable":"<evaluator-root>/Scripts/python.exe","templates":"<evaluator-root>/share/se-harness/templates/repository/standard"},"role":"released-evaluator","schema":"se-harness-evaluator-evidence-v1"}

62ffdfd63d13f8c97d07397bca0499950d2a941d blob 3329
+++
id = "VREC-SEH-022"
type = "verification_record"
title = "Verification candidate for 4 work orders"
status = "verified"
owners = ["quality-owner"]
created = "2026-09-02"
updated = "2026-09-02"
commit = "79d6f6f0e56a5c9b1b2a888d57ae9bc65539147f"
git_object_format = "sha1"
worktree_state = "clean"
prepared_at = "2026-09-02T07:13:40Z"
prepared_by = "quality-owner"
artifact_snapshot_sha256 = "eba7fd9423ae74456b84c0a03b2247912dd56f06a1aaeac961dcb08b1b0bb774"
evidence_paths = ["docs/engineering/execution-control-plane/evidence/WO-ECP-024/WO-ECP-024-handoff.md", "docs/engineering/harness-distribution/evidence/WO-DST-023/WO-DST-023-handoff.md", "docs/engineering/release-0-13-0/evidence/WO-RLS-019/WO-RLS-019-handoff.md", "docs/engineering/repository-harness-upgrade/evidence/WO-HUP-013/WO-HUP-013-handoff.md"]
evaluator_evidence_path = "docs/engineering/release-0-13-0/evidence/VREC-SEH-022-evaluator.json"
evaluator_evidence_sha256 = "c5baebb5b7d3c7cc04940aef92872da30321a6bd15d0478309f49ba224a49e0f"

verified_at = "2026-09-02T07:28:10Z"
verified_by = "assurance-owner"
[relations]
verifies_work_order = ["WO-DST-023", "WO-ECP-024", "WO-HUP-013", "WO-RLS-019"]
conforms_to = ["VER-DST-001", "VER-DST-013", "VER-DST-014", "VER-DST-023", "VER-ECP-020", "VER-HUP-013"]

[[lifecycle_events]]
from = "ready"
to = "verified"
decided_at = "2026-09-02T07:28:10Z"
decided_by = "assurance-owner"
reason = "Verified by the accountable assurance owner on 2026-09-02 by selecting the presented option 'I verify VREC-SEH-022'. Re-measured immediately before this transition: bound commit 79d6f6f is the implemented-transition commit of WO-RLS-019 with a clean worktree; the four gated work orders are implemented; the evaluator packet matches its recorded digest c5baebb5 (the wheel-installed 0.12.0 root outside the checkout). The record binds the four-work-order unit of REL-SEH-024 to the six verification contracts and the four work-order-keyed handoff packets, exactly as the contract's aggregate section demands; every member carries its own verified per-work-order record (VREC-DST-020, VREC-ECP-028, VREC-HUP-012) re-checked at drafting and unmoved since; the candidate qualification of REL-SEH-024 is read complete in WO-RLS-019's packet, including the census with zero untraced commits, the hosted build of record dispatched on the branch head with two byte-identical producer runs at 79d6f6f (wheel 1bbf3b74, sdist d1f6b60a), complete-candidate CC001 to CC004 and candidate-package CP001 and CP002 passing at that head, and the upgrade rehearsal 0.12.0 to 0.13.0 passing twice on Linux and twice on Windows with one semantic digest b4d28069; every lane at 79d6f6f is success. No deviations. The bound change set stands over main 75d1902. This verifies the release unit's work orders only; it prepares, releases and publishes nothing."
+++

# Verification Record Candidate

This ready record binds retained evidence for `WO-DST-023`, `WO-ECP-024`, `WO-HUP-013`, `WO-RLS-019` to candidate commit `79d6f6f0e56a5c9b1b2a888d57ae9bc65539147f`. An accountable assurance owner must review the evidence and transition the record to `verified`; this command did not approve, commit, tag, release, or publish anything.

The record is intentionally created after the candidate commit it names, avoiding self-referential commit metadata.

6c9a8e34340c8eb5150a73104ee6179042b6d6c4 blob 875
{"diagnostics":[],"environment":{"checkout_excluded":true,"entry_point_resolved":true,"isolated_python":true,"pythonpath_present":false,"user_site_enabled":false},"evaluator":{"archive_name":"se_harness-0.13.0-py3-none-any.whl","archive_sha256":"1bbf3b747b7ebbb07fd3fd975e87e3c11049e7a6a8e1377e3d35099f4fe862ae","payload_manifest":"se-harness-installed-payload-v1","payload_sha256":"9b4cdb5f2148683f3ceaad868e64b1b4ebefbadcac49cf4cd1feccd954540bfe","version":"0.13.0"},"origins":{"distribution":"<evaluator-root>/Lib/site-packages","entry_point":"<evaluator-root>/Scripts/harnessctl.exe","module":"<evaluator-root>/Lib/site-packages/se_harness/runtime_identity.py","python_executable":"<evaluator-root>/Scripts/python.exe","templates":"<evaluator-root>/share/se-harness/templates/repository/standard"},"role":"released-evaluator","schema":"se-harness-evaluator-evidence-v1"}

c4f9822069d3b1f646e928882cec25e9612af019 blob 2990
+++
id = "VREC-SEH-023"
type = "verification_record"
title = "Verification candidate for 2 work orders"
status = "verified"
owners = ["quality-owner"]
created = "2026-09-02"
updated = "2026-09-02"
commit = "09625e41e6b8dc10ea07a601e5ce4ea21e0d5d14"
git_object_format = "sha1"
worktree_state = "clean"
prepared_at = "2026-09-02T09:35:57Z"
prepared_by = "quality-owner"
artifact_snapshot_sha256 = "c7b129d3ba1e816992c5d5b8c4321d253993c4f269ff1f14ee3553ff54d8a310"
evidence_paths = ["docs/engineering/release-0-14-0/evidence/WO-RLS-020/WO-RLS-020-handoff.md", "docs/engineering/repository-harness-upgrade/evidence/WO-HUP-014/WO-HUP-014-handoff.md"]
evaluator_evidence_path = "docs/engineering/release-0-14-0/evidence/VREC-SEH-023-evaluator.json"
evaluator_evidence_sha256 = "21ded06932d284d3ab2145b5ba7b9d5d3fc40997da8b047f7fb6f9f164910044"

verified_at = "2026-09-02T09:50:18Z"
verified_by = "assurance-owner"
[relations]
verifies_work_order = ["WO-HUP-014", "WO-RLS-020"]
conforms_to = ["VER-DST-001", "VER-HUP-014"]

[[lifecycle_events]]
from = "ready"
to = "verified"
decided_at = "2026-09-02T09:50:18Z"
decided_by = "assurance-owner"
reason = "Verified by the accountable assurance owner on 2026-09-02 by selecting the presented option 'I verify VREC-SEH-023, then prepare and bind RLS-SEH-023'. Re-measured immediately before this transition: bound commit 09625e4 is the implemented-transition commit of WO-RLS-020 with a clean worktree; the two gated work orders are implemented; the evaluator packet matches its recorded digest (the wheel-installed 0.13.0 root outside the checkout). The record binds the two-work-order unit of REL-SEH-025 to the two verification contracts and the two work-order-keyed handoff packets, exactly as the contract's aggregate section demands; the member WO-HUP-014 carries its own verified record VREC-HUP-013; the candidate qualification of REL-SEH-025 is read complete in WO-RLS-020's packet, including the census with zero untraced commits, the hosted build of record dispatched on the branch head with two byte-identical producer runs at 09625e4 (wheel 70d438b5, sdist dcb3523a), complete-candidate CC001 to CC004 and candidate-package CP001 and CP002 passing at that head, and the upgrade rehearsal 0.13.0 to 0.14.0 passing twice on Linux and twice on Windows with one semantic digest 7e7066a3; every lane at 09625e4 is success. No deviations. The bound change set stands over main d005b98. This verifies the release unit's work orders only; it prepares, releases and publishes nothing."
+++

# Verification Record Candidate

This ready record binds retained evidence for `WO-HUP-014`, `WO-RLS-020` to candidate commit `09625e41e6b8dc10ea07a601e5ce4ea21e0d5d14`. An accountable assurance owner must review the evidence and transition the record to `verified`; this command did not approve, commit, tag, release, or publish anything.

The record is intentionally created after the candidate commit it names, avoiding self-referential commit metadata.

17a178e826060f150140d8412726cc1a7a8eb9e3 blob 875
{"diagnostics":[],"environment":{"checkout_excluded":true,"entry_point_resolved":true,"isolated_python":true,"pythonpath_present":false,"user_site_enabled":false},"evaluator":{"archive_name":"se_harness-0.14.0-py3-none-any.whl","archive_sha256":"70d438b501d374fec06f41e25571f674b3cd1f43178389e6e06b0269c92f4856","payload_manifest":"se-harness-installed-payload-v1","payload_sha256":"25034dc72a6be582ebef3c6b9a733c6ab9b6dcd879b9fda162d4d3e131a04306","version":"0.14.0"},"origins":{"distribution":"<evaluator-root>/Lib/site-packages","entry_point":"<evaluator-root>/Scripts/harnessctl.exe","module":"<evaluator-root>/Lib/site-packages/se_harness/runtime_identity.py","python_executable":"<evaluator-root>/Scripts/python.exe","templates":"<evaluator-root>/share/se-harness/templates/repository/standard"},"role":"released-evaluator","schema":"se-harness-evaluator-evidence-v1"}

817b7ade60ba6f316ce1ea6656565c18fb09898b blob 3527
+++
id = "VREC-SEH-024"
type = "verification_record"
title = "Verification candidate for 13 work orders"
status = "verified"
owners = ["quality-owner"]
created = "2026-09-04"
updated = "2026-09-05"
commit = "ba7ec5412726bd68c0317a4b6ee29927411cc1b5"
git_object_format = "sha1"
worktree_state = "clean"
prepared_at = "2026-09-04T21:59:21Z"
prepared_by = "quality-owner"
artifact_snapshot_sha256 = "7266f12e0ef77f5bc412d64d4d93f22d2ddc8c60fd3feffd310c1eacb77c1872"
evidence_paths = ["docs/engineering/ci-pipeline/evidence/WO-CIP-006/WO-CIP-006-handoff.md", "docs/engineering/dashboard-publication/evidence/WO-DPG-002/WO-DPG-002-handoff.md", "docs/engineering/decision-management/evidence/WO-DCM-001/WO-DCM-001-handoff.md", "docs/engineering/execution-control-plane/evidence/WO-ECP-025/WO-ECP-025-handoff.md", "docs/engineering/harness-distribution/evidence/WO-DOC-014/WO-DOC-014-handoff.md", "docs/engineering/harness-distribution/evidence/WO-DOC-015/WO-DOC-015-handoff.md", "docs/engineering/release-0-15-0/evidence/WO-RLS-021/WO-RLS-021-handoff.md", "docs/engineering/repository-harness-upgrade/evidence/WO-HUP-015/WO-HUP-015-handoff.md", "docs/engineering/technical-communication/evidence/WO-TCM-004/WO-TCM-004-handoff.md", "docs/engineering/technical-communication/evidence/WO-TCM-005/WO-TCM-005-handoff.md", "docs/engineering/technical-communication/evidence/WO-TCM-006/WO-TCM-006-handoff.md", "docs/engineering/technical-communication/evidence/WO-TCM-007/WO-TCM-007-handoff.md", "docs/engineering/technical-communication/evidence/WO-TCM-008/WO-TCM-008-handoff.md"]
evaluator_evidence_path = "docs/engineering/release-0-15-0/evidence/VREC-SEH-024-evaluator.json"
evaluator_evidence_sha256 = "35e55a43897ec79be254438dab550d99fed9d904a6d1db2d51f6a56875c4d89f"

verified_at = "2026-09-05T05:38:09Z"
verified_by = "assurance-owner"
[relations]
verifies_work_order = ["WO-CIP-006", "WO-DCM-001", "WO-DOC-014", "WO-DOC-015", "WO-DPG-002", "WO-ECP-025", "WO-HUP-015", "WO-RLS-021", "WO-TCM-004", "WO-TCM-005", "WO-TCM-006", "WO-TCM-007", "WO-TCM-008"]
conforms_to = ["VER-CIP-002", "VER-DCM-001", "VER-DPG-001", "VER-DST-001", "VER-DST-024", "VER-ECP-021", "VER-HUP-015", "VER-TCM-002", "VER-TCM-003", "VER-TCM-004", "VER-TCM-005"]

[[lifecycle_events]]
from = "ready"
to = "verified"
decided_at = "2026-09-05T05:38:09Z"
decided_by = "assurance-owner"
reason = "Assurance owner accepted the aggregate evidence on 2026-09-05 with 'i verify': the thirteen gates of REL-SEH-026 hold their handoff packets, every required member its own verified record, the candidate ba7ec54 passed every reading of the contract's qualification section with the released 0.14.0 evaluator and the hosted lanes, and the build of record was byte-identical twice on the pinned producer (run 33923485490, wheel eb09343f..., sdist 0ad6c0d0...). Recorded readings and disclosures are in docs/engineering/release-0-15-0/evidence/WO-RLS-021/."
+++

# Verification Record Candidate

This ready record binds retained evidence for `WO-CIP-006`, `WO-DCM-001`, `WO-DOC-014`, `WO-DOC-015`, `WO-DPG-002`, `WO-ECP-025`, `WO-HUP-015`, `WO-RLS-021`, `WO-TCM-004`, `WO-TCM-005`, `WO-TCM-006`, `WO-TCM-007`, `WO-TCM-008` to candidate commit `ba7ec5412726bd68c0317a4b6ee29927411cc1b5`. An accountable assurance owner must review the evidence and transition the record to `verified`; this command did not approve, commit, tag, release, or publish anything.

The record is intentionally created after the candidate commit it names, avoiding self-referential commit metadata.

88c3f8dcfa00a082011e9320b40d5dd268ef5c87 blob 875
{"diagnostics":[],"environment":{"checkout_excluded":true,"entry_point_resolved":true,"isolated_python":true,"pythonpath_present":false,"user_site_enabled":false},"evaluator":{"archive_name":"se_harness-0.15.0-py3-none-any.whl","archive_sha256":"eb09343f65a52ecc7511aacbe7f4cc546cfe4bf28eeed62cf3ff2bccf838d947","payload_manifest":"se-harness-installed-payload-v1","payload_sha256":"11e4ad03da90093dc1f4bd1ac7fed746c157162187019d7b6feb37873d3a237e","version":"0.15.0"},"origins":{"distribution":"<evaluator-root>/Lib/site-packages","entry_point":"<evaluator-root>/Scripts/harnessctl.exe","module":"<evaluator-root>/Lib/site-packages/se_harness/runtime_identity.py","python_executable":"<evaluator-root>/Scripts/python.exe","templates":"<evaluator-root>/share/se-harness/templates/repository/standard"},"role":"released-evaluator","schema":"se-harness-evaluator-evidence-v1"}

6f3c9db6dfc1d67040b13427499d8d7ead317a3c blob 2803
+++
id = "VREC-SEH-025"
type = "verification_record"
title = "Verification candidate for 6 work orders"
status = "verified"
owners = ["quality-owner"]
created = "2026-09-07"
updated = "2026-09-07"
commit = "c103708a070fdaec90b8594c3fabb193eaf99b59"
git_object_format = "sha1"
worktree_state = "clean"
prepared_at = "2026-09-07T08:46:48Z"
prepared_by = "quality-owner"
artifact_snapshot_sha256 = "4a011f61601286d9174782f1611b080d5be253588774fb523f3c20479266020c"
evidence_paths = ["docs/engineering/execution-control-plane/evidence/WO-ECP-026/WO-ECP-026-handoff.md", "docs/engineering/harness-distribution/evidence/WO-DST-024/WO-DST-024-handoff.md", "docs/engineering/release-0-16-0/evidence/WO-RLS-022/WO-RLS-022-handoff.md", "docs/engineering/repository-harness-upgrade/evidence/WO-HUP-016/WO-HUP-016-handoff.md", "docs/engineering/technical-communication/evidence/WO-TCM-009/WO-TCM-009-handoff.md", "docs/engineering/technical-communication/evidence/WO-TCM-010/WO-TCM-010-handoff.md"]
evaluator_evidence_path = "docs/engineering/release-0-16-0/evidence/VREC-SEH-025-evaluator.json"
evaluator_evidence_sha256 = "8c10a3ea2956baff8bfa875c658a98aa7db772f924b38557ad05c819a5f88a2d"

verified_at = "2026-09-07T09:34:41Z"
verified_by = "assurance-owner"
[relations]
verifies_work_order = ["WO-DST-024", "WO-ECP-026", "WO-HUP-016", "WO-RLS-022", "WO-TCM-009", "WO-TCM-010"]
conforms_to = ["VER-DST-001", "VER-DST-025", "VER-ECP-022", "VER-HUP-016", "VER-TCM-006"]

[[lifecycle_events]]
from = "ready"
to = "verified"
decided_at = "2026-09-07T09:34:41Z"
decided_by = "assurance-owner"
reason = "Assurance owner accepted the aggregate evidence on 2026-09-07 by selecting the presented option 'I verify VREC-SEH-025': the six gates of REL-SEH-027 hold their handoff packets, every required member its own verified record, the candidate c103708a passed every reading of the contract's qualification section with the released 0.15.0 evaluator and the hosted lanes, and the build of record was byte-identical twice on the pinned producer (run 34102296258, wheel a969d6ab9e80acc2c9f9e7b6679a02e7ffab371f1f11cb0c0f4243f208ed9eae, sdist 25d08fa133e5bf5418b7ade2af995aaf71634422aef775dc55cbdeb32655d581). Recorded readings and disclosures are in docs/engineering/release-0-16-0/evidence/WO-RLS-022/."
+++

# Verification Record Candidate

This ready record binds retained evidence for `WO-DST-024`, `WO-ECP-026`, `WO-HUP-016`, `WO-RLS-022`, `WO-TCM-009`, `WO-TCM-010` to candidate commit `c103708a070fdaec90b8594c3fabb193eaf99b59`. An accountable assurance owner must review the evidence and transition the record to `verified`; this command did not approve, commit, tag, release, or publish anything.

The record is intentionally created after the candidate commit it names, avoiding self-referential commit metadata.

43178f539e832d57ece629053c45254923ec71c2 blob 875
{"diagnostics":[],"environment":{"checkout_excluded":true,"entry_point_resolved":true,"isolated_python":true,"pythonpath_present":false,"user_site_enabled":false},"evaluator":{"archive_name":"se_harness-0.16.0-py3-none-any.whl","archive_sha256":"a969d6ab9e80acc2c9f9e7b6679a02e7ffab371f1f11cb0c0f4243f208ed9eae","payload_manifest":"se-harness-installed-payload-v1","payload_sha256":"51712fcfe5253db8d542deb870a0017b25c2976f5f4e76a81fd08923bba45e3c","version":"0.16.0"},"origins":{"distribution":"<evaluator-root>/Lib/site-packages","entry_point":"<evaluator-root>/Scripts/harnessctl.exe","module":"<evaluator-root>/Lib/site-packages/se_harness/runtime_identity.py","python_executable":"<evaluator-root>/Scripts/python.exe","templates":"<evaluator-root>/share/se-harness/templates/repository/standard"},"role":"released-evaluator","schema":"se-harness-evaluator-evidence-v1"}

5a1b2a277b5e0393ded96229366c0f0397dd1659 blob 4471
+++
id = "VREC-SEH-026"
type = "verification_record"
title = "Verification candidate for 18 work orders"
status = "verified"
owners = ["quality-owner"]
created = "2026-09-09"
updated = "2026-09-09"
commit = "a9f4905dbd3ff7f0c00101906b9158d3d42f7ef6"
git_object_format = "sha1"
worktree_state = "clean"
prepared_at = "2026-09-09T07:57:45Z"
prepared_by = "quality-owner"
artifact_snapshot_sha256 = "8bc41b8dac53718ab7e7acc4d9fda14a4b15f56a04bbf9d59ae177f823b8ec4c"
evidence_paths = ["docs/engineering/artifact-authoring/evidence/WO-AUT-005/WO-AUT-005-handoff.md", "docs/engineering/ci-pipeline/evidence/WO-CIP-007/WO-CIP-007-handoff.md", "docs/engineering/execution-control-plane/evidence/WO-ECP-027/WO-ECP-027-handoff.md", "docs/engineering/execution-control-plane/evidence/WO-ECP-028/WO-ECP-028-handoff.md", "docs/engineering/execution-control-plane/evidence/WO-ECP-029/WO-ECP-029-handoff.md", "docs/engineering/execution-control-plane/evidence/WO-ECP-030/WO-ECP-030-handoff.md", "docs/engineering/execution-control-plane/evidence/WO-ECP-031/WO-ECP-031-handoff.md", "docs/engineering/execution-control-plane/evidence/WO-ECP-032/WO-ECP-032-handoff.md", "docs/engineering/execution-control-plane/evidence/WO-ECP-033/WO-ECP-033-handoff.md", "docs/engineering/execution-control-plane/evidence/WO-ECP-034/WO-ECP-034-handoff.md", "docs/engineering/execution-control-plane/evidence/WO-ECP-035/WO-ECP-035-handoff.md", "docs/engineering/execution-control-plane/evidence/WO-ECP-036/WO-ECP-036-handoff.md", "docs/engineering/harness-distribution/evidence/WO-DST-025/WO-DST-025-handoff.md", "docs/engineering/harness-distribution/evidence/WO-DST-026/WO-DST-026-handoff.md", "docs/engineering/release-0-17-0/evidence/WO-RLS-023/WO-RLS-023-handoff.md", "docs/engineering/repository-harness-upgrade/evidence/WO-HUP-017/WO-HUP-017-handoff.md", "docs/engineering/risk-management/evidence/WO-RSK-010/WO-RSK-010-handoff.md", "docs/engineering/test-suite/evidence/WO-TST-004/WO-TST-004-handoff.md"]
evaluator_evidence_path = "docs/engineering/release-0-17-0/evidence/VREC-SEH-026-evaluator.json"
evaluator_evidence_sha256 = "e2cd0929fd42d0634d3bf23a73408665bac8ae473b98c81439dbffb828bff951"

verified_at = "2026-09-09T08:11:27Z"
verified_by = "assurance-owner"
[relations]
verifies_work_order = ["WO-AUT-005", "WO-CIP-007", "WO-DST-025", "WO-DST-026", "WO-ECP-027", "WO-ECP-028", "WO-ECP-029", "WO-ECP-030", "WO-ECP-031", "WO-ECP-032", "WO-ECP-033", "WO-ECP-034", "WO-ECP-035", "WO-ECP-036", "WO-HUP-017", "WO-RLS-023", "WO-RSK-010", "WO-TST-004"]
conforms_to = ["VER-AUT-003", "VER-CIP-003", "VER-DST-001", "VER-DST-026", "VER-DST-027", "VER-ECP-023", "VER-ECP-024", "VER-ECP-025", "VER-ECP-026", "VER-HUP-017", "VER-RSK-010", "VER-TST-002"]

[[lifecycle_events]]
from = "ready"
to = "verified"
decided_at = "2026-09-09T08:11:27Z"
decided_by = "assurance-owner"
reason = "Assurance owner accepted the aggregate evidence on 2026-09-09 by selecting the presented option 'I verify VREC-SEH-026': the eighteen gates of REL-SEH-028 hold their handoff packets, every content member its own verified record, the candidate a9f4905d passed every reading of the contract's qualification section with the released 0.16.0 evaluator and the hosted lanes, and the build of record was byte-identical twice on the pinned producer (run 34326469527, wheel 305c7cbc79f87baa76ea3bea939b134999f9cad3bfdfa0b4c9c2fd2d9caacced, sdist dda4bc73190674f8837ab0669b6aeb205c72b9428cad052b6368ea229860c318). Recorded readings and disclosures are in docs/engineering/release-0-17-0/evidence/WO-RLS-023/."
+++

# Verification Record Candidate

This ready record binds retained evidence for `WO-AUT-005`, `WO-CIP-007`, `WO-DST-025`, `WO-DST-026`, `WO-ECP-027`, `WO-ECP-028`, `WO-ECP-029`, `WO-ECP-030`, `WO-ECP-031`, `WO-ECP-032`, `WO-ECP-033`, `WO-ECP-034`, `WO-ECP-035`, `WO-ECP-036`, `WO-HUP-017`, `WO-RLS-023`, `WO-RSK-010`, `WO-TST-004` to candidate commit `a9f4905dbd3ff7f0c00101906b9158d3d42f7ef6`. An accountable assurance owner must review the evidence and transition the record to `verified`; this command did not approve, commit, tag, release, or publish anything.

The record is intentionally created after the candidate commit it names, avoiding self-referential commit metadata.

## Standing deviations

Accepted deviations standing on the selected work at this candidate; each names the rule it departs from and is retained here for the assurance decision:

- `DEC-ECP-002` against `SPEC-ECP-023#ECP-PRM-027`

e9f882da5c081f9a672879ba13b9a95a53b3909a blob 8750
+++
id = "VREC-SEH-008"
type = "verification_record"
title = "Verification candidate for 8 work orders"
status = "verified"
owners = ["quality-owner"]
created = "2026-08-21"
updated = "2026-08-21"
commit = "827b2709292abaa3458bb3b4cac37b582378c585"
git_object_format = "sha1"
worktree_state = "clean"
verified_at = "2026-08-21T14:53:14Z"
verified_by = "quality-owner"
artifact_snapshot_sha256 = "6845024e96fdb369f3a14c37209dc18e2da6a86dc383c0f6a8b33e1355e50326"
evidence_paths = ["docs/engineering/harness-distribution/evidence/WO-DST-019-verification.md", "docs/engineering/harness-distribution/evidence/WO-DST-020-verification.md", "docs/engineering/release-0-6-0/evidence/WO-RLS-008-verification.md", "docs/engineering/released-evaluator-boundary/evidence/WO-REB-001-implementation.md", "docs/engineering/released-evaluator-boundary/evidence/WO-REB-002-implementation.md", "docs/engineering/released-evaluator-boundary/evidence/WO-REB-003-verification.md", "docs/engineering/workflow-execution/evidence/WO-WEX-001-verification.md", "docs/engineering/workflow-execution/evidence/WO-WEX-002-verification.md"]

[relations]
verifies_work_order = ["WO-DST-019", "WO-DST-020", "WO-REB-001", "WO-REB-002", "WO-REB-003", "WO-RLS-008", "WO-WEX-001", "WO-WEX-002"]
conforms_to = ["VER-DST-001", "VER-DST-019", "VER-DST-020", "VER-REB-001", "VER-WEX-001", "VER-WEX-002"]

[[lifecycle_events]]
from = "ready"
to = "verified"
decided_at = "2026-08-21T15:02:13Z"
decided_by = "quality-owner"
+++

# Verification Record Candidate

This ready record binds retained evidence for `WO-DST-019`, `WO-DST-020`, `WO-REB-001`, `WO-REB-002`, `WO-REB-003`, `WO-RLS-008`, `WO-WEX-001`, `WO-WEX-002` to candidate commit `827b2709292abaa3458bb3b4cac37b582378c585`. An accountable assurance owner must review the evidence and transition the record to `verified`; this command did not approve, commit, tag, release, or publish anything.

The record is intentionally created after the candidate commit it names, avoiding self-referential commit metadata.

## Exact aggregate scope

This proposal is limited to the release aggregate approved by `REL-SEH-007` and implemented by `WO-RLS-008`. The front matter is the normative allow-list and contains exactly:

- eight work orders: `WO-DST-019`, `WO-DST-020`, `WO-WEX-001`, `WO-WEX-002`, `WO-REB-001`, `WO-REB-002`, `WO-REB-003`, and `WO-RLS-008`;
- six verification contracts: `VER-DST-001`, `VER-DST-019`, `VER-DST-020`, `VER-WEX-001`, `VER-WEX-002`, and `VER-REB-001`; and
- eight keyed evidence paths, one for each approved work order.

`WO-VSP-006`, its evidence, superseded WEX records, merge-only commits, emergency-publication history, and all other work orders remain outside this release-bearing aggregate.

## Candidate and reproducible-distribution binding

| Item | Retained identity |
| --- | --- |
| Operational candidate commit | `827b2709292abaa3458bb3b4cac37b582378c585` |
| Operational candidate tree | `cdeb5f5e0fe512e042dd13d8f8071dc06a1b40e0` |
| Exact candidate build epoch | `1787322471` |
| Exact candidate archive SHA-256 | `6ed1b6e4dcad1e24d042babb773be5e52638cb11a4a6fe458da03178a187aabc` |
| Candidate artifact snapshot SHA-256 | `6845024e96fdb369f3a14c37209dc18e2da6a86dc383c0f6a8b33e1355e50326` |
| Wheel SHA-256 | `9eb550d2fbab2ea8906aadb39ff75271ca9037267d721b8705cad93012b3ed37` |
| Normalized sdist SHA-256 | `df10d40eeebfcecf5bbd082aba3444bab8fd63146c1f7c5d2a03c0ad313d98f1` |
| Release-bundle manifest file SHA-256 | `8b6e3ad52b5e65f50b4dc0ecd98cf12f46fd100d73c23d5864678dc027fdbb89` |
| Source-manifest SHA-256 | `1fa0127abddd446a519bab667cd89cfaeff95979775f28d500ea1c993dad1832` |
| Checksum-content SHA-256 | `63a0d91bc027447449901c9733e1caee5d32d73c8e60c2eda1ce357f7550459b` |

Two isolated builds from untouched exact-candidate exports produced byte-identical wheels and byte-identical normalized sdists. An offline wheel reconstruction from the normalized sdist at the same epoch was byte-identical to the direct wheels.

The artifact snapshot in the front matter was captured in the operational repository by the separately installed released 0.5.0 evaluator while the clean checkout was detached at the exact candidate. It records Git object format `sha1` and the exact candidate revision. An earlier Explorer manifest with SHA-256 `72de5c772c3b402be48aca38fabad38d8b680c41766fbeb7b6724abc262a0715` retained useful graph evidence but reported the revision as unavailable, so it is not the normative candidate-binding snapshot for this proposal.

## Independent released-evaluator evidence

| Item | Retained identity or result |
| --- | --- |
| Public released evaluator | `se-harness==0.5.0`, isolated Python 3.14.6 |
| Released-evaluator wheel SHA-256 | `974ba2de5f43bb7fa5987f7e6dde7f2b4d6c4c1d76011ff4abdc142957dd812f` |
| Released verifier contract SHA-256 | `a443e93d6da7d0538bdf790a16f4dea49ac7a6ede384c65e40362627d7a84b75` |
| Python 3.14 acceptance-manifest SHA-256 | `6845459905f7cd27a09ab0fcb6cf18b66a26b2174876169027843adeb6bd5630` |
| Python 3.11 acceptance-manifest SHA-256 | `72446826458a3fa2ad3270c911fb9289fc9e326291ef8c64989c965274ce55c3` |
| Verifier-owned black-box scenarios | 10 of 10 passed on both runtimes |
| Candidate source and package identity | PASS, bound to the exact candidate |
| Released root installation | Unchanged and locked at 0.5.0 |

The ten verifier-owned scenarios cover installed identity, init, adopt, doctor, validate, dashboard, safe upgrade, customized-content refusal, corrupted-integrity refusal, and authority denial. Candidate templates may lead the separately locked released root evaluator; this record was therefore captured with the released 0.5.0 evaluator and does not upgrade or mutate the released root.

The released 0.5.0 capture format writes `verified_at` while initially emitting status `ready`. In this proposal that field is only the evaluator capture timestamp. It is not an assurance decision, does not mean that `VREC-SEH-008` is verified, and grants no release authority.

## Integrated and hosted qualification

- Exact source regression on Python 3.14.6: 369 tests passed, five conditional skips, zero failures or errors, in 199.387 seconds.
- Exact source regression on Python 3.11.9: 369 tests passed, the same five conditional skips, zero failures or errors, in 202.662 seconds.
- Candidate artifact validation: 597 artifacts, 2,140 relations, zero errors, 44 existing maintenance warnings, and zero structure, governance, or policy warnings.
- Hosted Candidate Evidence run 97: source job `96806587928` and package job `96806785170` passed against the exact candidate.
- Hosted Engineering Harness run 397: validation job `96806588077` passed against the exact candidate.
- Formal validation with this ready proposal present: 598 artifacts, 2,154 relations, zero errors, 45 maintenance-only warnings, and zero structure, governance, or policy warnings.
- Release-distribution validation with this ready proposal present: PASS with zero distribution-bearing records, because no RLS has been prepared.
- Released-evaluator inspection with this ready proposal present: exactly `VREC-SEH-008` is in the decision-required queue and no artifact is in the active-work or assurance-pending queues.

The hosted evidence is retained at [Candidate Evidence run 97](https://github.com/mmzen/se_harness/actions/runs/32493552379) and [Engineering Harness run 397](https://github.com/mmzen/se_harness/actions/runs/32493552394).

A post-preparation read-only doctor/review-preflight replay through the released 0.5.0 evaluator preserved every lock-managed root file as unchanged, while reporting the known candidate-template and schema surfaces that lead the released distribution (`WORKFLOW.json`, `QUALITY_GATES.json`, `.gitattributes`, and newer managed/template content). Review preflight consequently reports `ready: false` under the older evaluator's distribution comparison. This is retained compatibility evidence, not a newly introduced graph error and not authority to mutate or upgrade the root evaluator.

## Preparation and authority boundary

This file is a local, post-candidate assurance proposal. Its preparation does not change candidate commit `827b2709292abaa3458bb3b4cac37b582378c585` or the candidate branch. The accountable assurance owner must independently review the exact aggregate, keyed evidence, bundle identities, evaluator evidence, and retained hosted results before explicitly accepting or rejecting a transition.

At this stop, `VREC-SEH-008` remains `ready`. No aggregate VREC transition, RLS preparation or transition, push, tag, publication, deployment, maintenance mutation, credential use, external policy change, or root-evaluator upgrade is authorized or performed by this record.

a07b883fff565dc9a0e1183e5fb25f90eef6fd3d blob 11520
+++
id = "VREC-SEH-009"
type = "verification_record"
title = "Verification candidate for 9 work orders"
status = "verified"
owners = ["quality-owner"]
created = "2026-08-21"
updated = "2026-08-21"
commit = "b033827cc9f8357a7afb1d82f336c6fe2fc16e26"
git_object_format = "sha1"
worktree_state = "clean"
verified_at = "2026-08-21T17:15:25Z"
verified_by = "quality-owner"
artifact_snapshot_sha256 = "bf82f937dabcbb4037ee14b107de011274295bf9af632352c37e0d4df651c004"
evidence_paths = ["docs/engineering/harness-distribution/evidence/WO-DST-019-verification.md", "docs/engineering/harness-distribution/evidence/WO-DST-020-verification.md", "docs/engineering/release-0-6-0/evidence/WO-RLS-008-verification.md", "docs/engineering/released-evaluator-boundary/evidence/WO-REB-001-implementation.md", "docs/engineering/released-evaluator-boundary/evidence/WO-REB-002-implementation.md", "docs/engineering/released-evaluator-boundary/evidence/WO-REB-003-verification.md", "docs/engineering/released-evaluator-boundary/evidence/WO-REB-004-verification.md", "docs/engineering/workflow-execution/evidence/WO-WEX-001-verification.md", "docs/engineering/workflow-execution/evidence/WO-WEX-002-verification.md"]

[relations]
verifies_work_order = ["WO-DST-019", "WO-DST-020", "WO-REB-001", "WO-REB-002", "WO-REB-003", "WO-REB-004", "WO-RLS-008", "WO-WEX-001", "WO-WEX-002"]
conforms_to = ["VER-DST-001", "VER-DST-019", "VER-DST-020", "VER-REB-001", "VER-REB-002", "VER-WEX-001", "VER-WEX-002"]

[[lifecycle_events]]
from = "ready"
to = "verified"
decided_at = "2026-08-21T17:22:59Z"
decided_by = "quality-owner"
+++

# Verification Record Candidate

This ready record binds retained evidence for `WO-DST-019`, `WO-DST-020`, `WO-REB-001`, `WO-REB-002`, `WO-REB-003`, `WO-REB-004`, `WO-RLS-008`, `WO-WEX-001`, and `WO-WEX-002` to candidate commit `b033827cc9f8357a7afb1d82f336c6fe2fc16e26`. An accountable assurance owner must review the evidence and transition the record to `verified`; preparation does not approve, tag, release, publish, or deploy anything.

The record is intentionally created after both the candidate commit and its evidence-only governance completion commit, avoiding self-referential candidate metadata while retaining the complete post-candidate qualification record.

## Exact aggregate scope

This proposal is limited to the replacement release aggregate approved by `REL-SEH-008`. The front matter is the normative allow-list and contains exactly:

- nine work orders: `WO-DST-019`, `WO-DST-020`, `WO-WEX-001`, `WO-WEX-002`, `WO-REB-001`, `WO-REB-002`, `WO-REB-003`, `WO-RLS-008`, and `WO-REB-004`;
- seven verification contracts: the original `VER-DST-001`, `VER-DST-019`, `VER-DST-020`, `VER-WEX-001`, `VER-WEX-002`, and `VER-REB-001`, plus `VER-REB-002`; and
- nine keyed evidence paths, one for each selected work order.

Candidate C `827b2709292abaa3458bb3b4cac37b582378c585`, verified historical `VREC-SEH-008`, the stopped untracked `RLS-SEH-008`, `WO-VSP-006`, its evidence, superseded WEX records, merge-only commits, and every other work order remain outside this release-bearing aggregate.

## Candidate and reproducible-distribution binding

| Item | Retained identity |
| --- | --- |
| Operational C2 candidate commit | `b033827cc9f8357a7afb1d82f336c6fe2fc16e26` |
| Operational C2 candidate tree | `0587bfbd364cb7c9423a12bab4c5b23bbd4a3df4` |
| Exact candidate build epoch | `1787331267` |
| Exact `git archive --format=zip` SHA-256 | `97501a27ae18aa7cfe0c28653f753978c29e8f9d62111490f44000c81199e3bf` |
| Released-0.5 candidate artifact snapshot SHA-256 | `bf82f937dabcbb4037ee14b107de011274295bf9af632352c37e0d4df651c004` |
| Candidate-template dashboard manifest SHA-256 | `933b959f6430cab24914352d26a4e148ef357810a912e36cfa9180d5768a9948` |
| Wheel SHA-256 | `770d9b43f61ff32e7a4eaa203115610d870491e50291d31f1ac8eb5893a3ccb9` |
| Normalized sdist SHA-256 | `552e68871ccc23713253b16f5026a42b8245d3b0353ec5a4d69fdc5d037e8a53` |
| Release-bundle manifest file SHA-256 | `e6debd62af98deadae8e2fc918392392ce31aee17cbe261df58b1537a9ee515b` |
| Source-manifest SHA-256 | `c8f9a85d01da38f68203f4aefd94b728eff01a71ea108502639f316ec1a1b260` |
| Checksum-content SHA-256 | `b4665592ed7a288f43f5cc40457bc3b74f442d1fb27fff3f35861ebd08f24282` |

Two independent exact-commit exports produced byte-identical wheels and normalized sdists. An offline no-isolation wheel reconstruction from the normalized sdist reproduced the direct wheel exactly. Repository-wheel and installed-CLI portable-surface checks passed.

The front-matter artifact snapshot was generated by the separately installed released 0.5.0 evaluator from a clean LF checkout detached at exact candidate C2. It records 605 artifacts, 2,175 relations, zero validation errors, 45 pre-existing maintenance warnings, and repository revision `b033827cc9f8357a7afb1d82f336c6fe2fc16e26`.

Candidate C2 intentionally retained `WO-REB-004` as `in_progress`; later governance commit `4745b27f74d486a7b8f38c0acf2e35d56876c65f` changed only its retained evidence and status to `implemented`. This proposal binds product code to C2 and resolves the evidence paths from that append-only governance state without changing the candidate.

## Keyed retained evidence

| Work order | Evidence path | Current SHA-256 |
| --- | --- | --- |
| `WO-DST-019` | `docs/engineering/harness-distribution/evidence/WO-DST-019-verification.md` | `dbf8d118b7c3cd8849d5ae3ef1e1d978edeb6f64394987acd8bfab74cb6963cc` |
| `WO-DST-020` | `docs/engineering/harness-distribution/evidence/WO-DST-020-verification.md` | `d05db381f5220b1e9e61818aa3dc35d6e4b5a0dc8181a67515995e785f79c092` |
| `WO-RLS-008` | `docs/engineering/release-0-6-0/evidence/WO-RLS-008-verification.md` | `1a752cb8bfcaaac4bcb348e0f7d4d859da9a579c25709e60abcc2617083b2c71` |
| `WO-REB-001` | `docs/engineering/released-evaluator-boundary/evidence/WO-REB-001-implementation.md` | `ab7d19001d13e555a9f1590ba2be640b6c357c7650d859656564d175ff89653c` |
| `WO-REB-002` | `docs/engineering/released-evaluator-boundary/evidence/WO-REB-002-implementation.md` | `05c8d144e5fde49032d1b8be10d7cf37ba78d27af8443dc0ab3acda9ee120f7f` |
| `WO-REB-003` | `docs/engineering/released-evaluator-boundary/evidence/WO-REB-003-verification.md` | `3724c32ab2c666fb770ab18665c2891eae19595bc06864a60a0ef32f059fa199` |
| `WO-REB-004` | `docs/engineering/released-evaluator-boundary/evidence/WO-REB-004-verification.md` | `d65862bac1bf770729d7e3b9e731caa5fe475a20b39dd09623ffb557ca0be996` |
| `WO-WEX-001` | `docs/engineering/workflow-execution/evidence/WO-WEX-001-verification.md` | `a9c713d0e2c633b49df04c46e15458494e0a377cf7b893de146d464d25190f2f` |
| `WO-WEX-002` | `docs/engineering/workflow-execution/evidence/WO-WEX-002-verification.md` | `f45a4142ce5c650566fd8e6c9f94a9cf968c64874bc1ba0f1848ad36ff0648a5` |

The front matter contains the governed paths. The hashes above are review aids for the exact evidence bytes visible when this ready proposal was prepared; they do not replace repository path binding or grant a decision.

## Independent released-evaluator evidence

| Item | Retained identity or result |
| --- | --- |
| Public released evaluator | `se-harness==0.5.0`, isolated Python 3.14.6 and 3.11.9 |
| Released-evaluator wheel SHA-256 | `974ba2de5f43bb7fa5987f7e6dde7f2b4d6c4c1d76011ff4abdc142957dd812f` |
| Released-evaluator payload SHA-256 | `d247cc48213b49be52345fcadbf2d93355e5ea7ef15b32014d9fc5010458a2bc` |
| Released verifier contract SHA-256 | `a443e93d6da7d0538bdf790a16f4dea49ac7a6ede384c65e40362627d7a84b75` |
| Python 3.14 acceptance-manifest SHA-256 | `dc61992779a6ce3811d5da70426f3897ece74a9455827cfc6a75baa12ee708e5` |
| Python 3.11 acceptance-manifest SHA-256 | `d7a08bd4cc30c91fe9a32c3b06d2ed4032381523af85467414ad74f0a1ed324a` |
| Verifier-owned black-box scenarios | 10 of 10 passed on both runtimes |
| Candidate source and package identity | PASS on Python 3.14.6 and 3.11.9, bound to exact C2 |
| Released root installation | Unchanged at schema 2 and locked to 0.5.0 |

The ten verifier-owned scenarios cover installed identity, init, adopt, doctor, validate, dashboard, safe upgrade, customized-content refusal, corrupted-integrity refusal, and authority denial. Candidate templates may lead the separately locked released root evaluator; the proposal therefore retains independent released-0.5 evidence and does not upgrade or mutate the root.

The released 0.5.0 capture format writes `verified_at` while initially emitting status `ready`. Here `verified_at = "2026-08-21T17:15:25Z"` is only the released-evaluator snapshot capture timestamp. It is not an assurance decision, does not mean that `VREC-SEH-009` is verified, and grants no release authority.

## Integrated and hosted qualification

- Exact source regression on Python 3.14.6: 389 tests passed, five conditional Windows privilege/symlink skips, zero failures or errors, in 201.106 seconds.
- Exact source regression on Python 3.11.9: 389 tests passed, the same five skips, zero failures or errors, in 205.427 seconds.
- Exact candidate validation: 605 artifacts, 2,175 relations, zero errors, 45 pre-existing maintenance warnings, and zero structure, governance, or policy warnings.
- Exact builds, package identities, dual-runtime released acceptance, formal graph, release-distribution policy, doctor, review preflight, inspection, dashboard, portable surface, diff, secret/path, canonical-lock, and managed-root checks passed as retained in `WO-REB-004` evidence.
- Hosted Candidate Evidence workflow `338167728`, run `32506378635`, attempt 1: candidate-source job `96847357364` and candidate-package job `96847664197` passed against exact C2.
- Hosted Engineering Harness workflow `331720860`, run `32506378834`, attempt 1: released-0.5 validation job `96847357765` passed against exact C2.
- Formal candidate and released-0.5 validation with this ready proposal present: 606 artifacts, 2,191 relations, zero errors, 46 maintenance-only warnings, and zero structure, governance, or policy warnings.
- Release-distribution validation with this ready proposal present: PASS with zero distribution-bearing records because no RLS was prepared.
- Candidate and released inspection place exactly `VREC-SEH-009` in the decision-required assurance-review queue; active-work, assurance-pending, and definition-pending queues are empty.
- Released-0.5 doctor passed 81 checks with zero failures and 17 non-failing canonical-location observations; review preflight remained ready with no diagnostics and recognized `WO-REB-004` as `implemented`.

Hosted evidence is publicly retained at [Candidate Evidence run 32506378635](https://github.com/mmzen/se_harness/actions/runs/32506378635) and [Engineering Harness run 32506378834](https://github.com/mmzen/se_harness/actions/runs/32506378834).

## Preparation and authority boundary

This is a local, post-candidate assurance proposal. It does not change candidate C2, either candidate branch, any work order, historical `VREC-SEH-008`, or the stopped `RLS-SEH-008`. The accountable assurance owner must independently review the exact aggregate, keyed evidence, candidate and bundle identities, released-evaluator evidence, bootstrap negative matrix, and hosted results before explicitly accepting or rejecting a transition.

At this stop, `VREC-SEH-009` remains `ready`. No VREC transition, RLS preparation or transition, push, tag, publication, deployment, maintenance mutation, credential use, external-policy change, or root-evaluator upgrade is authorized or performed by this record.

d8a3442d93b382348c425b665789c6aee18b1fdb blob 12581
+++
id = "VREC-SEH-010"
type = "verification_record"
title = "Verification candidate for 12 work orders"
status = "verified"
owners = ["quality-owner"]
created = "2026-08-21"
updated = "2026-08-21"
commit = "2ab1c1fffd2c0a2f462e7affcb9ea6f426b202e5"
git_object_format = "sha1"
worktree_state = "clean"
verified_at = "2026-08-21T21:54:26Z"
artifact_snapshot_sha256 = "20d6951883fd26aa416533bc53c93f67558765e2ccc93eb85b0401e2068ecd0c"
evidence_paths = ["docs/engineering/harness-distribution/evidence/WO-DST-019-verification.md", "docs/engineering/harness-distribution/evidence/WO-DST-020-verification.md", "docs/engineering/harness-distribution/evidence/WO-DST-021-verification.md", "docs/engineering/instruction-architecture/evidence/WO-DST-021-verification.md", "docs/engineering/instruction-architecture/evidence/WO-IAR-012-verification.md", "docs/engineering/release-0-6-0/evidence/WO-RLS-008-verification.md", "docs/engineering/released-evaluator-boundary/evidence/WO-REB-001-implementation.md", "docs/engineering/released-evaluator-boundary/evidence/WO-REB-002-implementation.md", "docs/engineering/released-evaluator-boundary/evidence/WO-REB-003-verification.md", "docs/engineering/released-evaluator-boundary/evidence/WO-REB-004-verification.md", "docs/engineering/released-evaluator-boundary/evidence/WO-REB-005-verification.md", "docs/engineering/workflow-execution/evidence/WO-WEX-001-verification.md", "docs/engineering/workflow-execution/evidence/WO-WEX-002-verification.md"]
verified_by = "quality-owner"

[relations]
verifies_work_order = ["WO-DST-019", "WO-DST-020", "WO-DST-021", "WO-IAR-012", "WO-REB-001", "WO-REB-002", "WO-REB-003", "WO-REB-004", "WO-REB-005", "WO-RLS-008", "WO-WEX-001", "WO-WEX-002"]
conforms_to = ["VER-DST-001", "VER-DST-019", "VER-DST-020", "VER-DST-021", "VER-IAR-012", "VER-IAR-013", "VER-REB-001", "VER-REB-002", "VER-REB-003", "VER-WEX-001", "VER-WEX-002"]

[[lifecycle_events]]
from = "ready"
to = "verified"
decided_at = "2026-08-21T21:58:37Z"
decided_by = "quality-owner"
+++

# Verification Record Candidate

## Verification decision

The accountable assurance owner accepted this exact twelve-work-order aggregate on 2026-08-21 after reviewing its thirteen keyed evidence paths, eleven verification contracts, exact C3 provenance, reproducible distributions, released-evaluator evidence, terminal-history matrix, and hosted qualification. The explicit decision transitions only `VREC-SEH-010` from `ready` to `verified`; referenced work orders remain `implemented`, and automation supplied no assurance authority.

This verification decision authorizes no RLS transition, tag, publication, deployment, maintenance mutation, credential use, external-policy change, or root-evaluator upgrade.

This ready record binds retained evidence for `WO-DST-019`, `WO-DST-020`, `WO-DST-021`, `WO-IAR-012`, `WO-REB-001`, `WO-REB-002`, `WO-REB-003`, `WO-REB-004`, `WO-REB-005`, `WO-RLS-008`, `WO-WEX-001`, and `WO-WEX-002` to candidate commit `2ab1c1fffd2c0a2f462e7affcb9ea6f426b202e5`. An accountable assurance owner must review the evidence and transition the record to `verified`; preparation did not approve, commit, tag, release, publish, or deploy anything.

The record is intentionally created after the candidate commit it names, avoiding self-referential candidate metadata while retaining post-candidate local, hosted, and governance evidence.

## Exact aggregate scope

This proposal is limited to the twelve-work-order release aggregate approved by `REL-SEH-009`. The front matter is the normative allow-list and contains exactly:

- twelve work orders: `WO-DST-019`, `WO-DST-020`, `WO-DST-021`, `WO-IAR-012`, `WO-WEX-001`, `WO-WEX-002`, `WO-REB-001`, `WO-REB-002`, `WO-REB-003`, `WO-REB-004`, `WO-REB-005`, and `WO-RLS-008`;
- eleven verification contracts: `VER-DST-001`, `VER-DST-019`, `VER-DST-020`, `VER-DST-021`, `VER-IAR-012`, `VER-IAR-013`, `VER-WEX-001`, `VER-WEX-002`, `VER-REB-001`, `VER-REB-002`, and `VER-REB-003`; and
- thirteen keyed evidence paths: one for each selected work order, with both cross-domain evidence paths retained for `WO-DST-021`.

Historical candidates C and C2, `VREC-SEH-008`, `VREC-SEH-009`, rejected `RLS-SEH-009`, the stopped untracked `RLS-SEH-008`, `WO-HUP-001`, `WO-RCA-001`, `WO-VSP-006`, and every other work order remain outside this release-bearing aggregate.

## Candidate and reproducible-distribution binding

| Item | Retained identity |
| --- | --- |
| Operational C3 candidate commit | `2ab1c1fffd2c0a2f462e7affcb9ea6f426b202e5` |
| Operational C3 candidate tree | `c3f1585a2b42f25398bf5a5057097dfd21c4c76d` |
| Exact candidate build epoch | `1787342263` |
| Exact `git archive --format=zip` SHA-256 | `a5e0b3ea46253b257d4688e76b149cfa5b3d0a4133315c7477b4976892c0f15f` |
| Released-0.5 candidate artifact snapshot SHA-256 | `20d6951883fd26aa416533bc53c93f67558765e2ccc93eb85b0401e2068ecd0c` |
| Wheel SHA-256 | `2a8daa2eca4a04fd62c93443f74a9d8cafbd358219ba0d99315c9fe9c81c3dfb` |
| Normalized sdist SHA-256 | `a9136c61937d6b2738e214fc2e4006906f50e531a288b6ab024b7b249fc4513f` |
| Release-bundle manifest file SHA-256 | `a29718bb2f10689039c6121f15f2d04772f1d36df5e3f63efaac37e4da87519d` |
| Source-manifest SHA-256 | `916e372022b0824d81ab3944e3826207bcfcba8b2d69f67d83a5a20e6d4bded9` |
| Checksum-content SHA-256 | `cde97da846b18676047ddde704cb80606c5c1aa963d07ebfc467b6d993d4acc6` |

Two independent exact-commit exports produced byte-identical wheels and normalized sdists. An offline no-isolation reconstruction from the normalized sdist reproduced the direct wheel exactly. Repository-wheel and installed-CLI portable-surface checks passed.

The front-matter artifact snapshot was generated by the separately installed released 0.5.0 evaluator from a clean checkout detached at exact candidate C3 before this record existed. It records 628 artifacts, 2,254 relations, zero validation errors, 47 pre-existing maintenance warnings, 735 resources, and repository revision `2ab1c1fffd2c0a2f462e7affcb9ea6f426b202e5`.

Candidate C3 intentionally retained `WO-REB-005` as `in_progress`, `RLS-SEH-009` as `ready`, `REL-SEH-008` as `approved`, and `REL-SEH-009` as `draft`. Later governance commits `f9888b65d4000a322bf74accd71b653fde1d23ea` and `ac76048ab4b305edb6eb51f8a9a306bfbbac3ccc` retained hosted completion evidence, implemented the work order, closed the failed C2 pair, and approved the successor contract without changing candidate identity.

## Keyed retained evidence

| Work order | Evidence path | Current SHA-256 |
| --- | --- | --- |
| `WO-DST-019` | `docs/engineering/harness-distribution/evidence/WO-DST-019-verification.md` | `dbf8d118b7c3cd8849d5ae3ef1e1d978edeb6f64394987acd8bfab74cb6963cc` |
| `WO-DST-020` | `docs/engineering/harness-distribution/evidence/WO-DST-020-verification.md` | `d05db381f5220b1e9e61818aa3dc35d6e4b5a0dc8181a67515995e785f79c092` |
| `WO-DST-021` | `docs/engineering/harness-distribution/evidence/WO-DST-021-verification.md` | `e7b59024e5ea60b7c56a1121ac55de0ff8164c77f74c5b239217755428dc386e` |
| `WO-DST-021` | `docs/engineering/instruction-architecture/evidence/WO-DST-021-verification.md` | `03c214df7ba396bac3949663bd104da8b719cf6115a7647a23cb0a11c62d5839` |
| `WO-IAR-012` | `docs/engineering/instruction-architecture/evidence/WO-IAR-012-verification.md` | `604c97b655a131ba74f32c01ff54485e81904aa0cff6c2834d8d2e199b74749a` |
| `WO-RLS-008` | `docs/engineering/release-0-6-0/evidence/WO-RLS-008-verification.md` | `1a752cb8bfcaaac4bcb348e0f7d4d859da9a579c25709e60abcc2617083b2c71` |
| `WO-REB-001` | `docs/engineering/released-evaluator-boundary/evidence/WO-REB-001-implementation.md` | `ab7d19001d13e555a9f1590ba2be640b6c357c7650d859656564d175ff89653c` |
| `WO-REB-002` | `docs/engineering/released-evaluator-boundary/evidence/WO-REB-002-implementation.md` | `05c8d144e5fde49032d1b8be10d7cf37ba78d27af8443dc0ab3acda9ee120f7f` |
| `WO-REB-003` | `docs/engineering/released-evaluator-boundary/evidence/WO-REB-003-verification.md` | `3724c32ab2c666fb770ab18665c2891eae19595bc06864a60a0ef32f059fa199` |
| `WO-REB-004` | `docs/engineering/released-evaluator-boundary/evidence/WO-REB-004-verification.md` | `d65862bac1bf770729d7e3b9e731caa5fe475a20b39dd09623ffb557ca0be996` |
| `WO-REB-005` | `docs/engineering/released-evaluator-boundary/evidence/WO-REB-005-verification.md` | `c9475375c897fb6c9079d4ba9433323b9bfba69e7cf4ebc53a6d3cf92f5181f8` |
| `WO-WEX-001` | `docs/engineering/workflow-execution/evidence/WO-WEX-001-verification.md` | `a9c713d0e2c633b49df04c46e15458494e0a377cf7b893de146d464d25190f2f` |
| `WO-WEX-002` | `docs/engineering/workflow-execution/evidence/WO-WEX-002-verification.md` | `f45a4142ce5c650566fd8e6c9f94a9cf968c64874bc1ba0f1848ad36ff0648a5` |

The front matter contains the governed paths. These hashes are review aids for the exact evidence bytes visible when this ready proposal was assembled; they do not replace repository path binding or grant an assurance decision.

## Independent evaluator and package evidence

| Item | Retained identity or result |
| --- | --- |
| Public released evaluator | `se-harness==0.5.0`, isolated Python 3.14.6 and 3.11.9 |
| Released-evaluator wheel SHA-256 | `974ba2de5f43bb7fa5987f7e6dde7f2b4d6c4c1d76011ff4abdc142957dd812f` |
| Released-evaluator payload SHA-256 | `d247cc48213b49be52345fcadbf2d93355e5ea7ef15b32014d9fc5010458a2bc` |
| Released verifier contract SHA-256 | `a443e93d6da7d0538bdf790a16f4dea49ac7a6ede384c65e40362627d7a84b75` |
| Python 3.14 acceptance-manifest SHA-256 | `3da02187b548f4b5ea08606bb4d57a2771573148f0c13092667534dc86ee79bb` |
| Python 3.11 acceptance-manifest SHA-256 | `dd135f728ad7c6f6aa04c160c0a029a100e50f37e995198f7140cc48ee7dffcb` |
| Verifier-owned black-box scenarios | 10 of 10 passed on both runtimes |
| Candidate source and package identity | PASS on Python 3.14.6 and 3.11.9, bound to exact C3 |
| Released root installation | Unchanged at schema 2 and locked to 0.5.0 |

The released 0.5.0 capture format writes `verified_at` while initially emitting status `ready`. Here `verified_at = "2026-08-21T21:54:26Z"` is only the released-evaluator snapshot-capture timestamp. It is not an assurance decision, does not mean that `VREC-SEH-010` is verified, and grants no release authority.

## Integrated and hosted qualification

- Exact source regression on Python 3.14.6: 427 tests passed, five conditional Windows privilege/symlink skips, zero failures or errors, in 203.806 seconds.
- Exact source regression on Python 3.11.9: 427 tests passed, the same five skips, zero failures or errors, in 198.407 seconds.
- Exact candidate and released-0.5 validation at candidate capture: 628 artifacts, zero errors, and 47 pre-existing maintenance warnings.
- Exact builds, package identities, dual-runtime released acceptance, formal graph, release-distribution policy, doctor, review preflight, dashboard, portable surface, checkout matrix, bootstrap lifecycle matrix, diff, canonical-evidence, and managed-root checks passed as retained in `WO-REB-005` evidence.
- Hosted [Candidate Evidence run 32529057484](https://github.com/mmzen/se_harness/actions/runs/32529057484): candidate-source job `96917222445` and candidate-package job `96917488942` passed against exact C3.
- Hosted [Engineering Harness run 32529057501](https://github.com/mmzen/se_harness/actions/runs/32529057501): released-evaluator validation job `96917222630` passed against exact C3.
- The C3 validator accepted the exact terminal `rejected RLS-SEH-009 + rejected REL-SEH-008` pair and sole approved successor `REL-SEH-009` after the separately authorized governance transitions.

GitHub's only hosted annotations were non-blocking Node.js action-runtime deprecation notices. No product qualification failure remains open.

## Preparation and authority boundary

This is a local, post-candidate assurance proposal prepared by the released 0.5.0 governor from exact C3. It does not change candidate C3, either candidate branch, any work order, historical VREC/RLS provenance, evaluator evidence, or the stopped `RLS-SEH-008`. The accountable assurance owner must independently review the exact aggregate, keyed evidence, candidate and bundle identities, evaluator evidence, terminal-history negative matrix, and hosted results before explicitly accepting or rejecting a transition.

`VREC-SEH-010` is verified by the accountable assurance decision recorded above. This record does not itself prepare or transition an RLS and authorizes no push, tag, publication, deployment, maintenance mutation, credential use, external-policy change, or root-evaluator upgrade.

f9a16b6a3c88d5edb7775740b8b017a8ea854b97 blob 12965
+++
id = "VREC-SEH-012"
type = "verification_record"
title = "Verification candidate for 14 work orders"
status = "verified"
owners = ["quality-owner"]
created = "2026-08-22"
updated = "2026-08-22"
commit = "3b339e9fc70cc634e6dc6bda07ea6a9b1a465798"
git_object_format = "sha1"
worktree_state = "clean"
verified_at = "2026-08-22T16:38:40Z"
artifact_snapshot_sha256 = "193dbdfdc7feca5787bc6ccb0f9375a96dc305ada7ecea88e00e2e6210f8fe45"
evidence_paths = ["docs/engineering/harness-distribution/evidence/WO-DST-019-verification.md", "docs/engineering/harness-distribution/evidence/WO-DST-020-verification.md", "docs/engineering/harness-distribution/evidence/WO-DST-021-verification.md", "docs/engineering/instruction-architecture/evidence/WO-DST-021-verification.md", "docs/engineering/instruction-architecture/evidence/WO-IAR-012-verification.md", "docs/engineering/release-0-6-0/evidence/WO-RLS-008-verification.md", "docs/engineering/released-evaluator-boundary/evidence/WO-REB-001-implementation.md", "docs/engineering/released-evaluator-boundary/evidence/WO-REB-002-implementation.md", "docs/engineering/released-evaluator-boundary/evidence/WO-REB-003-verification.md", "docs/engineering/released-evaluator-boundary/evidence/WO-REB-004-verification.md", "docs/engineering/released-evaluator-boundary/evidence/WO-REB-005-verification.md", "docs/engineering/released-evaluator-boundary/evidence/WO-REB-006-local-qualification.md", "docs/engineering/released-evaluator-boundary/evidence/WO-REB-007-corrective-proposal.md", "docs/engineering/workflow-execution/evidence/WO-WEX-001-verification.md", "docs/engineering/workflow-execution/evidence/WO-WEX-002-verification.md"]
verified_by = "quality-owner"

[relations]
verifies_work_order = ["WO-DST-019", "WO-DST-020", "WO-DST-021", "WO-IAR-012", "WO-REB-001", "WO-REB-002", "WO-REB-003", "WO-REB-004", "WO-REB-005", "WO-REB-006", "WO-REB-007", "WO-RLS-008", "WO-WEX-001", "WO-WEX-002"]
conforms_to = ["VER-DST-001", "VER-DST-019", "VER-DST-020", "VER-DST-021", "VER-IAR-012", "VER-IAR-013", "VER-REB-001", "VER-REB-002", "VER-REB-003", "VER-REB-004", "VER-REB-005", "VER-WEX-001", "VER-WEX-002"]

[[lifecycle_events]]
from = "ready"
to = "verified"
decided_at = "2026-08-22T16:43:43Z"
decided_by = "quality-owner"
+++

# Verification Record Candidate

The accountable assurance owner accepted this exact fourteen-work-order aggregate on 2026-08-22 after reviewing its fifteen keyed evidence paths, thirteen verification contracts, exact C6 provenance, reproducible distributions, predecessor-compatible snapshot, retained expected-red boundary, successful replacement hosted lane, and local qualification. This decision transitions only `VREC-SEH-012` from `ready` to `verified`; referenced work orders remain `implemented`, and automation supplied no assurance authority.

This verified record binds retained evidence for `WO-DST-019`, `WO-DST-020`, `WO-DST-021`, `WO-IAR-012`, `WO-REB-001`, `WO-REB-002`, `WO-REB-003`, `WO-REB-004`, `WO-REB-005`, `WO-REB-006`, `WO-REB-007`, `WO-RLS-008`, `WO-WEX-001`, and `WO-WEX-002` to candidate commit `3b339e9fc70cc634e6dc6bda07ea6a9b1a465798`. Acceptance does not commit, tag, release, publish, or deploy anything.

The record is intentionally created after the candidate commit it names, avoiding self-referential candidate metadata while retaining later local, hosted, and governance evidence.

## Exact aggregate scope

This proposal is limited to the fourteen-work-order release aggregate approved by `REL-SEH-011`. The front matter is the normative allow-list and contains exactly:

- fourteen work orders: `WO-DST-019`, `WO-DST-020`, `WO-DST-021`, `WO-IAR-012`, `WO-WEX-001`, `WO-WEX-002`, `WO-REB-001`, `WO-REB-002`, `WO-REB-003`, `WO-RLS-008`, `WO-REB-004`, `WO-REB-005`, `WO-REB-006`, and `WO-REB-007`;
- thirteen verification contracts: `VER-DST-001`, `VER-DST-019`, `VER-DST-020`, `VER-DST-021`, `VER-IAR-012`, `VER-IAR-013`, `VER-WEX-001`, `VER-WEX-002`, `VER-REB-001`, `VER-REB-002`, `VER-REB-003`, `VER-REB-004`, and `VER-REB-005`; and
- fifteen keyed evidence paths: one for each selected work order, with both cross-domain evidence paths retained for `WO-DST-021`.

Historical maintenance `WO-HUP-001`, documentation `WO-RCA-001`, governance-only `WO-VSP-006`, reserved but uncreated `VREC-SEH-011`/`RLS-SEH-010`/`RLS-SEH-011`, the stopped untracked `RLS-SEH-008`, and every other work order remain outside this release-bearing aggregate.

## Candidate and reproducible-distribution binding

| Item | Retained identity |
| --- | --- |
| Operational C6 candidate commit | `3b339e9fc70cc634e6dc6bda07ea6a9b1a465798` |
| Operational C6 candidate tree | `ac97cec37a4c4fc15a13bba502b9187e633e45d5` |
| Exact candidate build epoch | `1787392506` |
| Exact `git archive --format=zip` SHA-256 | `37d739b77ddd637e65db9720fd4544a775e3ce2183e22623d35a67c740875673` |
| Released-0.5 preparation-view artifact snapshot SHA-256 | `193dbdfdc7feca5787bc6ccb0f9375a96dc305ada7ecea88e00e2e6210f8fe45` |
| Canonical predecessor-assessment evidence SHA-256 | `5e16fa0620e661291234fa6b5583612e420bd3ba235170aa9851308cc9ab0d66` |
| Normalized predecessor-assessment dashboard manifest SHA-256 | `2b6e3fd9a193f6387408365ea59ccbf7ee54d750f248a3e59d3b58465eaade12` |
| Wheel SHA-256 | `2a952eb6ff4ea137d0904c3c9a6f19c88482bfbaa18a9766e5ad4d4a6fef62f7` |
| Normalized sdist SHA-256 | `9493aa40ffbaf021edd205d6c302d67d11975bc057f73ba09b91043a9a51bbe4` |
| Release-bundle manifest file SHA-256 | `0a8c4e17b5fbd7d876ea278ac567d900d19e56b51119217c80adac1470a02a87` |
| Source-manifest SHA-256 | `ac587fabec3dbcc695e391d0243bda30f19a3ff0935f63c8c942dda7819f87da` |
| Checksum-content SHA-256 | `d4bbb194e6e51e6353645c2c3174b960db985af0f9b3d24e4031ab6b93d108a6` |

Two independent exact-commit exports produced byte-identical archives, wheels, and normalized sdists. An offline no-isolation reconstruction from the normalized sdist reproduced the direct wheel exactly. Fresh exact-wheel package acceptance passed on Python 3.11.9 and 3.14.6.

Candidate C6 intentionally retained `WO-REB-006` and `WO-REB-007` as `in_progress`, `REL-SEH-010` as `approved`, and `REL-SEH-011` as `draft`. Later local governance commits `b482f29ce3c32bbee28e8284e8496a3805fb40d2` and `010b763faaa81d3a9633fb28adacae8c4fc7e5fd` retained hosted completion evidence, implemented both work orders, rejected the failed predecessor contract, and approved `REL-SEH-011` without changing candidate identity.

## Predecessor-compatible capture

Exact released `se-harness==0.5.0` prepared this record in a clean detached sparse checkout at C6. The deterministic view omitted only the exact rejected predecessor-bootstrap pair that schema-2 governor 0.5 cannot parse:

| Omitted terminal-history artifact | Git blob | Raw SHA-256 |
| --- | --- | --- |
| `docs/engineering/release-0-6-0/release/REL-SEH-008.md` | `d14090b88ff6d1c032333d7a2454ca9a571854e5` | `24e0962f6957e7501159a223913e16ef82b22e5e1ae1a88174b9887b43cb4aec` |
| `docs/engineering/release-0-6-0/releases/RLS-SEH-009.md` | `0b9661f570e8a85afa4acb4dd995eda57bfc7f67` | `e0b8952953e8e180c6d572fe5d1236fded7104e623cc336bb9a93cd3b978f9e3` |

The released capture command resolved exact commit C6 and tree `ac97cec37a4c4fc15a13bba502b9187e633e45d5`, accepted the complete aggregate selection, and generated a valid recursively binding Explorer snapshot with 643 artifacts, 2,320 relations, zero errors, 57 non-blocking warnings, and 752 resources. The complete candidate remains separately validated at 645 artifacts and zero errors; the compatibility view is not a claim that the rejected history is absent from C6.

Released 0.5.0 writes the capture timestamp as `verified_at` even while emitting `status = "ready"`. Here `verified_at = "2026-08-22T16:38:40Z"` is only the deterministic preparation observation. It is not an assurance decision and grants no verification or release authority.

## Keyed retained evidence

| Work order | Evidence path | Current SHA-256 |
| --- | --- | --- |
| `WO-DST-019` | `docs/engineering/harness-distribution/evidence/WO-DST-019-verification.md` | `dbf8d118b7c3cd8849d5ae3ef1e1d978edeb6f64394987acd8bfab74cb6963cc` |
| `WO-DST-020` | `docs/engineering/harness-distribution/evidence/WO-DST-020-verification.md` | `d05db381f5220b1e9e61818aa3dc35d6e4b5a0dc8181a67515995e785f79c092` |
| `WO-DST-021` | `docs/engineering/harness-distribution/evidence/WO-DST-021-verification.md` | `e7b59024e5ea60b7c56a1121ac55de0ff8164c77f74c5b239217755428dc386e` |
| `WO-DST-021` | `docs/engineering/instruction-architecture/evidence/WO-DST-021-verification.md` | `03c214df7ba396bac3949663bd104da8b719cf6115a7647a23cb0a11c62d5839` |
| `WO-IAR-012` | `docs/engineering/instruction-architecture/evidence/WO-IAR-012-verification.md` | `604c97b655a131ba74f32c01ff54485e81904aa0cff6c2834d8d2e199b74749a` |
| `WO-RLS-008` | `docs/engineering/release-0-6-0/evidence/WO-RLS-008-verification.md` | `1a752cb8bfcaaac4bcb348e0f7d4d859da9a579c25709e60abcc2617083b2c71` |
| `WO-REB-001` | `docs/engineering/released-evaluator-boundary/evidence/WO-REB-001-implementation.md` | `ab7d19001d13e555a9f1590ba2be640b6c357c7650d859656564d175ff89653c` |
| `WO-REB-002` | `docs/engineering/released-evaluator-boundary/evidence/WO-REB-002-implementation.md` | `05c8d144e5fde49032d1b8be10d7cf37ba78d27af8443dc0ab3acda9ee120f7f` |
| `WO-REB-003` | `docs/engineering/released-evaluator-boundary/evidence/WO-REB-003-verification.md` | `3724c32ab2c666fb770ab18665c2891eae19595bc06864a60a0ef32f059fa199` |
| `WO-REB-004` | `docs/engineering/released-evaluator-boundary/evidence/WO-REB-004-verification.md` | `d65862bac1bf770729d7e3b9e731caa5fe475a20b39dd09623ffb557ca0be996` |
| `WO-REB-005` | `docs/engineering/released-evaluator-boundary/evidence/WO-REB-005-verification.md` | `c9475375c897fb6c9079d4ba9433323b9bfba69e7cf4ebc53a6d3cf92f5181f8` |
| `WO-REB-006` | `docs/engineering/released-evaluator-boundary/evidence/WO-REB-006-local-qualification.md` | `7172421c608c266f5a17217bdd28af5c634f4e4af7ef271c523af2d2abead875` |
| `WO-REB-007` | `docs/engineering/released-evaluator-boundary/evidence/WO-REB-007-corrective-proposal.md` | `356de1fe4e32a11bb710f0684a15047fe7b9def90e0355f3b09ded1ae2496c66` |
| `WO-WEX-001` | `docs/engineering/workflow-execution/evidence/WO-WEX-001-verification.md` | `a9c713d0e2c633b49df04c46e15458494e0a377cf7b893de146d464d25190f2f` |
| `WO-WEX-002` | `docs/engineering/workflow-execution/evidence/WO-WEX-002-verification.md` | `f45a4142ce5c650566fd8e6c9f94a9cf968c64874bc1ba0f1848ad36ff0648a5` |

The front matter contains the governed paths. These hashes are review aids for the exact evidence bytes visible when this proposal was assembled; they do not replace repository path binding or grant an assurance decision.

## Independent evaluator, local, and hosted qualification

- Exact released evaluator wheel SHA-256 is `974ba2de5f43bb7fa5987f7e6dde7f2b4d6c4c1d76011ff4abdc142957dd812f`; its installed payload SHA-256 is `d247cc48213b49be52345fcadbf2d93355e5ea7ef15b32014d9fc5010458a2bc`.
- Exact C6 source suites passed on Windows Python 3.11.9 and 3.14.6 with 445 tests and seven declared platform skips, and on Ubuntu Python 3.12.3 with 445 tests and no skips.
- Candidate validation passed at 645 artifacts, zero errors, and 48 retained maintenance warnings. Release-distribution validation passed with zero distribution-bearing records.
- Two exact POSIX predecessor assessments were byte-identical. The complete released-0.5 checkout produced only the retained `E009`; the two-omission view passed `doctor`, `validate`, and dashboard generation at 643 artifacts.
- Hosted Candidate Evidence run `32584489706` passed source job `97058705003` and package job `97058791744` against exact C6.
- Hosted Predecessor Evaluator Assessment run `32584489683`, job `97058704952`, passed exact released-0.5 acquisition, complete-candidate and view assessment, checkout no-change proof, and artifact retention against exact C6.
- Hosted Engineering Harness run `32584489732`, job `97058705103`, retained the expected released-0.5 full-checkout boundary failure after evaluator installation and identity passed. It is immutable expected-red evidence, not a passing lane.

## Preparation and authority boundary

This is a local, post-candidate assurance decision. It does not change candidate C6, either candidate branch, any work order, historical VREC/RLS facts, the stopped `RLS-SEH-008`, the schema-2 root lock, or the released evaluator. The accountable assurance owner has independently reviewed and accepted the exact aggregate, keyed evidence, candidate and distribution identities, predecessor-compatible snapshot, immutable expected-red result, and successful replacement hosted lane.

At this stop, `VREC-SEH-012` is `verified`. No commit, RLS preparation or transition, push, tag, publication, deployment, maintenance mutation, credential use, external-policy change, or root-evaluator upgrade is authorized or performed by this record.

231dff48673db7e5ed0089db17c0d7f29984a7ef blob 873
{"diagnostics":[],"environment":{"checkout_excluded":true,"entry_point_resolved":true,"isolated_python":true,"pythonpath_present":false,"user_site_enabled":false},"evaluator":{"archive_name":"se_harness-0.6.0-py3-none-any.whl","archive_sha256":"2a952eb6ff4ea137d0904c3c9a6f19c88482bfbaa18a9766e5ad4d4a6fef62f7","payload_manifest":"se-harness-installed-payload-v1","payload_sha256":"c233678548fe742b7a7a5a8bd65de10156ff233edc65b68e2ed0333fbe4dea42","version":"0.6.0"},"origins":{"distribution":"<evaluator-root>/Lib/site-packages","entry_point":"<evaluator-root>/Scripts/harnessctl.exe","module":"<evaluator-root>/Lib/site-packages/se_harness/runtime_identity.py","python_executable":"<evaluator-root>/Scripts/python.exe","templates":"<evaluator-root>/share/se-harness/templates/repository/standard"},"role":"released-evaluator","schema":"se-harness-evaluator-evidence-v1"}

a282ead2444d5f7d086d93ad562b1d65355858eb blob 13819
+++
id = "VREC-SEH-014"
type = "verification_record"
title = "Verification candidate for 53 work orders"
status = "verified"
owners = ["quality-owner"]
created = "2026-08-26"
updated = "2026-08-26"
commit = "374554d01f9a2e4601dc5b58279a01de2c7b6523"
git_object_format = "sha1"
worktree_state = "clean"
prepared_at = "2026-08-26T21:21:27Z"
prepared_by = "quality-owner"
artifact_snapshot_sha256 = "be73387939fc9e19dcd1cbaf63a2c1e520df2ad7f2b2c096192a84b0412ff583"
evidence_paths = ["docs/engineering/agent-directive-surface/evidence/WO-ADS-001/WO-ADS-001-verification.md", "docs/engineering/agent-directive-surface/evidence/WO-ADS-002/WO-ADS-002-verification.md", "docs/engineering/agentic-execution/evidence/WO-AEX-001-verification.md", "docs/engineering/agentic-execution/evidence/WO-AEX-002-verification.md", "docs/engineering/agentic-execution/evidence/WO-AEX-003-verification.md", "docs/engineering/agentic-execution/evidence/WO-AEX-004-verification.md", "docs/engineering/agentic-execution/evidence/WO-AEX-005-verification.md", "docs/engineering/agentic-execution/evidence/WO-AEX-006-verification.md", "docs/engineering/agentic-execution/evidence/WO-AEX-007-verification.md", "docs/engineering/agentic-execution/evidence/WO-AEX-008-verification.md", "docs/engineering/artifact-authoring/evidence/WO-AUT-001/WO-AUT-001-verification.md", "docs/engineering/artifact-authoring/evidence/WO-AUT-002/WO-AUT-002-verification.md", "docs/engineering/artifact-authoring/evidence/WO-AUT-002/verification-method-mapping.json", "docs/engineering/ci-pipeline/evidence/WO-CIP-001/WO-CIP-001-verification.md", "docs/engineering/ci-pipeline/evidence/WO-CIP-002/WO-CIP-002-verification.md", "docs/engineering/ci-pipeline/evidence/WO-CIP-003/WO-CIP-003-verification.md", "docs/engineering/ci-pipeline/evidence/WO-CIP-004/WO-CIP-004-verification.md", "docs/engineering/ci-pipeline/evidence/WO-CIP-004/release-unit-v0.6.0-e98b788.json", "docs/engineering/ci-pipeline/evidence/WO-CIP-005/WO-CIP-005-verification.md", "docs/engineering/hash-bound-integrity/evidence/WO-HBI-001-verification.md", "docs/engineering/hash-bound-integrity/evidence/WO-HBI-002-verification.md", "docs/engineering/hash-bound-integrity/evidence/WO-HBI-003-verification.md", "docs/engineering/hash-bound-integrity/evidence/WO-HBI-004-implementation.md", "docs/engineering/hash-bound-integrity/evidence/WO-HBI-004-verification.md", "docs/engineering/integration-package/evidence/WO-IPK-001-verification.md", "docs/engineering/legacy-release-evidence/evidence/WO-LRE-001-implementation.md", "docs/engineering/release-0-7-0/evidence/WO-RLS-011-verification.md", "docs/engineering/release-0-7-0/evidence/WO-RLS-012-verification.md", "docs/engineering/release-orchestration/evidence/WO-RLO-004-verification.md", "docs/engineering/release-orchestration/evidence/WO-RLO-005-implementation.md", "docs/engineering/release-orchestration/evidence/WO-RLO-005-verification.md", "docs/engineering/release-orchestration/evidence/WO-RLO-006-implementation.md", "docs/engineering/release-orchestration/evidence/WO-RLO-006-verification.md", "docs/engineering/release-orchestration/evidence/WO-RLO-007/WO-RLO-007-verification.md", "docs/engineering/released-evaluator-boundary/evidence/WO-REB-008-publication-view.md", "docs/engineering/released-evaluator-boundary/evidence/WO-REB-009-candidate-validator.md", "docs/engineering/released-evaluator-boundary/evidence/WO-REB-010-git-aware-candidate.md", "docs/engineering/released-evaluator-boundary/evidence/WO-REB-011-candidate-doctor-boundary.md", "docs/engineering/released-evaluator-boundary/evidence/WO-REB-012-build-toolchain.md", "docs/engineering/released-evaluator-boundary/evidence/WO-REB-013-retained-build-platform.md", "docs/engineering/released-evaluator-boundary/evidence/WO-REB-014-windows-bash-path.md", "docs/engineering/released-evaluator-boundary/evidence/WO-REB-015-windows-test-temp.md", "docs/engineering/released-evaluator-boundary/evidence/WO-REB-016-pages-generation-view.md", "docs/engineering/released-evaluator-boundary/evidence/WO-REB-017-pages-step-output.md", "docs/engineering/released-evaluator-boundary/evidence/WO-REB-018-governance-migration.md", "docs/engineering/released-evaluator-boundary/evidence/WO-REB-019-lifecycle-state-contract.md", "docs/engineering/released-evaluator-boundary/evidence/WO-REB-020-role-specific-qualification.md", "docs/engineering/released-evaluator-boundary/evidence/WO-REB-021-entry-point-safety.md", "docs/engineering/released-evaluator-boundary/evidence/WO-REB-022-junction-predicate-capability.md", "docs/engineering/released-evaluator-boundary/evidence/WO-REB-023-migration-scenario-successor.md", "docs/engineering/released-evaluator-boundary/evidence/WO-REB-023-verification.md", "docs/engineering/repository-harness-upgrade/evidence/WO-HUP-004-verification.md", "docs/engineering/technical-communication/evidence/WO-TCM-001/WO-TCM-002-verification.md", "docs/engineering/test-suite/evidence/WO-TST-001/WO-TST-001-verification.md", "docs/engineering/test-suite/evidence/WO-TST-002/WO-TST-002-verification.md", "docs/engineering/test-suite/evidence/WO-TST-003/WO-TST-003-verification.md", "docs/engineering/verification-supersession/evidence/WO-VSP-007-verification.md", "docs/engineering/workflow-execution/evidence/WO-WEX-003-verification.md"]
evaluator_evidence_path = "docs/engineering/release-0-7-0/evidence/VREC-SEH-014-evaluator.json"
evaluator_evidence_sha256 = "fcfc14471cc373fce07ece222f6c03b2152dad2cf4cd5ae6e04cf147c4171962"

verified_at = "2026-08-26T21:27:33Z"
verified_by = "assurance-owner"
[relations]
verifies_work_order = ["WO-ADS-001", "WO-ADS-002", "WO-AEX-001", "WO-AEX-002", "WO-AEX-003", "WO-AEX-004", "WO-AEX-005", "WO-AEX-006", "WO-AEX-007", "WO-AEX-008", "WO-AUT-001", "WO-AUT-002", "WO-CIP-001", "WO-CIP-002", "WO-CIP-003", "WO-CIP-004", "WO-CIP-005", "WO-HBI-001", "WO-HBI-002", "WO-HBI-003", "WO-HBI-004", "WO-HUP-004", "WO-IPK-001", "WO-LRE-001", "WO-REB-008", "WO-REB-009", "WO-REB-010", "WO-REB-011", "WO-REB-012", "WO-REB-013", "WO-REB-014", "WO-REB-015", "WO-REB-016", "WO-REB-017", "WO-REB-018", "WO-REB-019", "WO-REB-020", "WO-REB-021", "WO-REB-022", "WO-REB-023", "WO-RLO-004", "WO-RLO-005", "WO-RLO-006", "WO-RLO-007", "WO-RLS-011", "WO-RLS-012", "WO-TCM-001", "WO-TCM-002", "WO-TST-001", "WO-TST-002", "WO-TST-003", "WO-VSP-007", "WO-WEX-003"]
conforms_to = ["VER-ADS-001", "VER-ADS-002", "VER-AEX-001", "VER-AEX-002", "VER-AEX-003", "VER-AEX-004", "VER-AUT-001", "VER-CIP-001", "VER-DST-001", "VER-HBI-001", "VER-HUP-004", "VER-IPK-001", "VER-LRE-001", "VER-REB-006", "VER-REB-007", "VER-REB-008", "VER-REB-009", "VER-REB-010", "VER-RLO-004", "VER-RLO-005", "VER-TCM-001", "VER-TST-001", "VER-VSP-002", "VER-WEX-003"]

[[lifecycle_events]]
from = "ready"
to = "verified"
decided_at = "2026-08-26T21:27:33Z"
decided_by = "assurance-owner"
reason = "Verified by the accountable assurance owner on 2026-08-26 under DR-VREC-DECIDE, 'I verify VREC-SEH-014'. The record binds candidate 374554d01f9a2e4601dc5b58279a01de2c7b6523, the commit at which WO-RLS-012 reads implemented, to exactly the fifty-three work orders REL-SEH-017 names in gates, twenty-four verification contracts and fifty-eight keyed evidence paths over a sixty-five-requirement union, every figure derived from the approved contract at the bound commit and matching it. Every member reads implemented there; fifty-one hold an individually verified record and WO-RLS-011 and WO-RLS-012 are covered by this record. Bound-commit readings by the governing exact public 0.6.0 evaluator outside the checkout: validate PASS at 953 artifacts, 0 errors; doctor 87 PASS, 0 FAIL; recipe-bound build at the bound commit state exact with two byte-identical builds, wheel 622d008908dad043b78aa10dbeae459e4ee4203255453832fe71a85481c32389 and sdist 304cce5f89fa867300c68dff7d2469cb9dcbc7abc86d68c966c561a707072f38; released 0.6.0 verifier acceptance ten of ten; all four pull-request lanes success on head 374554d. Verified with four limitations disclosed and accepted as residual risk rather than resolved: VER-TCM-001's two reviewer judgments do not exist, VER-ADS-001's Scenario 8 classifications were not run, VREC-IPK-001 binds a pull-request merge-preview commit on no branch, and WO-RLS-011 holds no individual record. This verification authorizes no release preparation, binding, tag, publication or deployment."
+++

# Verification Record Candidate

This ready record binds retained evidence for `WO-ADS-001`, `WO-ADS-002`, `WO-AEX-001`, `WO-AEX-002`, `WO-AEX-003`, `WO-AEX-004`, `WO-AEX-005`, `WO-AEX-006`, `WO-AEX-007`, `WO-AEX-008`, `WO-AUT-001`, `WO-AUT-002`, `WO-CIP-001`, `WO-CIP-002`, `WO-CIP-003`, `WO-CIP-004`, `WO-CIP-005`, `WO-HBI-001`, `WO-HBI-002`, `WO-HBI-003`, `WO-HBI-004`, `WO-HUP-004`, `WO-IPK-001`, `WO-LRE-001`, `WO-REB-008`, `WO-REB-009`, `WO-REB-010`, `WO-REB-011`, `WO-REB-012`, `WO-REB-013`, `WO-REB-014`, `WO-REB-015`, `WO-REB-016`, `WO-REB-017`, `WO-REB-018`, `WO-REB-019`, `WO-REB-020`, `WO-REB-021`, `WO-REB-022`, `WO-REB-023`, `WO-RLO-004`, `WO-RLO-005`, `WO-RLO-006`, `WO-RLO-007`, `WO-RLS-011`, `WO-RLS-012`, `WO-TCM-001`, `WO-TCM-002`, `WO-TST-001`, `WO-TST-002`, `WO-TST-003`, `WO-VSP-007`, `WO-WEX-003` to candidate commit `374554d01f9a2e4601dc5b58279a01de2c7b6523`. An accountable assurance owner must review the evidence and transition the record to `verified`; this command did not approve, commit, tag, release, or publish anything.

The record is intentionally created after the candidate commit it names, avoiding self-referential commit metadata.

## Exact aggregate scope

The front matter is the normative allow-list, and it holds exactly
`REL-SEH-017`'s approved `gates`: **53 work orders, 24 verification contracts
and 58 keyed evidence paths**, over a union of **65 requirements**, measured
on the whole-`gates` basis the contract prescribes (the 51-member historical
basis gives 23 and 64 and is not this record's basis).

The four figures were derived from the contract at the bound commit, not
transcribed: a script read the `gates` array, resolved each identifier to its
work-order artifact, took the `verification` and `implements` relations, and
discovered keyed evidence by filename or parent-directory name. Every one of
the 53 reads `implemented` at `374554d`. Counting rules: the combined
`technical-communication/evidence/WO-TCM-001/WO-TCM-002-verification.md` is
one path keyed to two work orders; `WO-HBI-004`, `WO-RLO-005`, `WO-REB-023`,
`WO-RLO-006`, `WO-AUT-002` and `WO-CIP-004` each key two paths; `WO-RLS-011`
and `WO-RLS-012` each key one two-stage file.

Fifty-one members hold an individually verified record. `WO-RLS-011` and
`WO-RLS-012` hold none and are covered by this record, as `REL-SEH-017`
states.

## Candidate binding and provenance

The bound commit `374554d01f9a2e4601dc5b58279a01de2c7b6523` is `main` at
`be2f0cfec18b86d273400466cdf1c8c691d92f75` plus six commits confined to
`docs/engineering/release-0-7-0/`: the contract packet, the two approvals,
the start, the two evidence stages, and the `implemented` transition of
`WO-RLS-012`. No product byte differs from `main`. The reason the record binds
this commit rather than `24cf7c7` is stated in `WO-RLS-012`'s evidence: the
record can only bind a commit at which its work order is complete.

Distribution identities of the recipe-bound build at this commit, two
byte-identical producer runs through the digest-pinned `linux/amd64` image:
wheel `622d008908dad043b78aa10dbeae459e4ee4203255453832fe71a85481c32389`,
sdist `304cce5f89fa867300c68dff7d2469cb9dcbc7abc86d68c966c561a707072f38`,
`SHA256SUMS` `eb0be0f491d70e0ba92ebb84b34b79742e07ea5c72e247313b926e20be283244`,
source manifest `1c0b1dcf49492e9d55570d99bc6fd7a63ca32a2512ab65880869dc6a16e1d075`,
epoch 1787779226. The released 0.6.0 verifier accepted that wheel ten of ten.
`RLS-SEH-014` binds these through the retained bundle manifest.

## Readings at the bound commit

Governing exact public 0.6.0 evaluator outside the checkout, isolated:
`validate` PASS, 953 artifacts (952 plus this record), 0 errors, every plane at
E0; `doctor` 87 PASS, 0 FAIL; `preflight --phase review` PASS for
`WO-RLS-012`; release-distribution validation PASS; governor succession plan
`transition_required: false`. Suites: Windows CPython 3.14.6 and 3.11.9, 995
tests OK with 24 platform-guard skips at full scale; hosted Linux 995 tests OK
with 4 skips. Recovery rehearsal PASS; governance migration rehearsal 0.6.0 to
0.7.0 pass, compatible; Explorer generation deterministic. Every reading is
retained in `WO-RLS-012`'s evidence with its platform.

## Disclosed limitations this record carries

This record does not restate any member's coverage as unqualified:

- `WO-TCM-001`: `VER-TCM-001`'s two independent reviewer judgments do not
  exist (`VREC-TCM-002`); the semantic and operator-comprehension conditions
  are accepted residual risk. This is that work order's second verified
  coverage.
- `WO-ADS-001`, `WO-ADS-002`: `VER-ADS-001`'s Scenario 8 reviewer
  classifications were not run. The pull-request-lane gap is resolved by the
  candidate's own dual-platform runs, green at every head of this branch.
- `WO-IPK-001`: `VREC-IPK-001` binds `6d4a727`, a pull-request merge-preview
  object on no branch; carried as residual risk on the owner's 2026-08-26
  decision.
- `WO-RLS-011`: covered here, not individually; its stale approved prose is
  narrative, and its candidate `f76da57` is an ancestor of the bound commit.
- Every other member's bound verification commit is an ancestor of `374554d`.

## What this record does not do

It is `ready`. It verifies nothing until the assurance owner's decision,
prepares no release record, binds no distribution table, and authorizes no
tag, publication, deployment, maintenance-line mutation, credential use, or
root-evaluator change.

231dff48673db7e5ed0089db17c0d7f29984a7ef blob 873
{"diagnostics":[],"environment":{"checkout_excluded":true,"entry_point_resolved":true,"isolated_python":true,"pythonpath_present":false,"user_site_enabled":false},"evaluator":{"archive_name":"se_harness-0.6.0-py3-none-any.whl","archive_sha256":"2a952eb6ff4ea137d0904c3c9a6f19c88482bfbaa18a9766e5ad4d4a6fef62f7","payload_manifest":"se-harness-installed-payload-v1","payload_sha256":"c233678548fe742b7a7a5a8bd65de10156ff233edc65b68e2ed0333fbe4dea42","version":"0.6.0"},"origins":{"distribution":"<evaluator-root>/Lib/site-packages","entry_point":"<evaluator-root>/Scripts/harnessctl.exe","module":"<evaluator-root>/Lib/site-packages/se_harness/runtime_identity.py","python_executable":"<evaluator-root>/Scripts/python.exe","templates":"<evaluator-root>/share/se-harness/templates/repository/standard"},"role":"released-evaluator","schema":"se-harness-evaluator-evidence-v1"}

37513b41405eef0c92def0dd93aafd10422cf82b blob 1955
+++
id = "VREC-SEH-015"
type = "verification_record"
title = "Verification candidate for 5 work orders"
status = "verified"
owners = ["Mathieu Meadele"]
created = "2026-08-27"
updated = "2026-08-27"
commit = "58efcaa1dfbb8f5921e82c72b6cc40add0c9a36c"
git_object_format = "sha1"
worktree_state = "clean"
prepared_at = "2026-08-27T16:35:11Z"
prepared_by = "Mathieu Meadele"
artifact_snapshot_sha256 = "0f04e20425ee680dadc8b03cb1991a256cf80bd04792cd1bbdefb86a0c95f75a"
evidence_paths = ["docs/engineering/release-0-7-1/evidence/WO-RLS-013-verification.md", "docs/engineering/released-evaluator-boundary/evidence/WO-REB-024-verification.md", "docs/engineering/released-evaluator-boundary/evidence/WO-REB-025-verification.md", "docs/engineering/released-evaluator-boundary/evidence/WO-REB-026-verification.md", "docs/engineering/released-evaluator-boundary/evidence/WO-REB-027-verification.md"]
evaluator_evidence_path = "docs/engineering/release-0-7-1/evidence/VREC-SEH-015-evaluator.json"
evaluator_evidence_sha256 = "fcfc14471cc373fce07ece222f6c03b2152dad2cf4cd5ae6e04cf147c4171962"

verified_at = "2026-08-27T16:36:59Z"
verified_by = "assurance-owner"
[relations]
verifies_work_order = ["WO-REB-024", "WO-REB-025", "WO-REB-026", "WO-REB-027", "WO-RLS-013"]
conforms_to = ["VER-DST-001", "VER-REB-004", "VER-REB-006", "VER-REB-011"]

[[lifecycle_events]]
from = "ready"
to = "verified"
decided_at = "2026-08-27T16:36:59Z"
decided_by = "assurance-owner"
+++

# Verification Record Candidate

This ready record binds retained evidence for `WO-REB-024`, `WO-REB-025`, `WO-REB-026`, `WO-REB-027`, `WO-RLS-013` to candidate commit `58efcaa1dfbb8f5921e82c72b6cc40add0c9a36c`. An accountable assurance owner must review the evidence and transition the record to `verified`; this command did not approve, commit, tag, release, or publish anything.

The record is intentionally created after the candidate commit it names, avoiding self-referential commit metadata.

5db015eca7fad73fe9f9177acfcb8b5ab9dccae6 blob 879
{"diagnostics":[],"environment":{"checkout_excluded":true,"entry_point_resolved":true,"isolated_python":true,"pythonpath_present":false,"user_site_enabled":false},"evaluator":{"archive_name":"se_harness-0.7.1-py3-none-any.whl","archive_sha256":"ddd403cde17fc3770460809cbe8f9edb68f47c3aaa0422fe021334279994225d","payload_manifest":"se-harness-installed-payload-v1","payload_sha256":"995ee973b2959af3bcbf7f7cc4388f079ad033e7c68509e71feb142b0691451f","version":"0.7.1"},"origins":{"distribution":"<evaluator-root>/lib/python3.12/site-packages","entry_point":"<evaluator-root>/bin/harnessctl","module":"<evaluator-root>/lib/python3.12/site-packages/se_harness/runtime_identity.py","python_executable":"<evaluator-root>/bin/python","templates":"<evaluator-root>/share/se-harness/templates/repository/standard"},"role":"released-evaluator","schema":"se-harness-evaluator-evidence-v1"}

1dbdb67dd3ca417efae428d1fcc9b1be92bba483 blob 3725
+++
id = "VREC-SEH-017"
type = "verification_record"
title = "Verification candidate for 10 work orders"
status = "verified"
owners = ["quality-owner"]
created = "2026-08-28"
updated = "2026-08-28"
commit = "884b769efdc9eda2959f2c774e6af10748beb88a"
git_object_format = "sha1"
worktree_state = "clean"
prepared_at = "2026-08-28T16:10:12Z"
prepared_by = "quality-owner"
artifact_snapshot_sha256 = "b56027cccab49f30cc6a7aeb645bfe59cdd0faf6d0c48c180c975c33cd8e677e"
evidence_paths = ["docs/engineering/artifact-authoring/evidence/WO-AUT-003-verification.md", "docs/engineering/execution-control-plane/evidence/WO-ECP-005/WO-ECP-005-verification.md", "docs/engineering/execution-control-plane/evidence/WO-ECP-009/WO-ECP-009-verification.md", "docs/engineering/execution-control-plane/evidence/WO-ECP-010/WO-ECP-010-verification.md", "docs/engineering/hash-bound-integrity/evidence/WO-HBI-005-verification.md", "docs/engineering/release-0-8-0/evidence/WO-RLS-014-verification.md", "docs/engineering/release-orchestration/evidence/WO-RLO-008/WO-RLO-008-verification.md", "docs/engineering/released-evaluator-boundary/evidence/WO-REB-028-verification.md", "docs/engineering/released-evaluator-boundary/evidence/WO-REB-029-verification.md", "docs/engineering/repository-harness-upgrade/evidence/WO-HUP-007-verification.md"]
evaluator_evidence_path = "docs/engineering/release-0-8-0/evidence/VREC-SEH-017-evaluator.json"
evaluator_evidence_sha256 = "0a090f68cad9465498f702505f3c3d35830328a0ebad928be066831252cfabdd"

verified_at = "2026-08-28T16:15:02Z"
verified_by = "assurance-owner"
[relations]
verifies_work_order = ["WO-AUT-003", "WO-ECP-005", "WO-ECP-009", "WO-ECP-010", "WO-HBI-005", "WO-HUP-007", "WO-REB-028", "WO-REB-029", "WO-RLO-008", "WO-RLS-014"]
conforms_to = ["VER-AUT-001", "VER-DST-001", "VER-ECP-005", "VER-ECP-007", "VER-HBI-001", "VER-HUP-007", "VER-REB-012", "VER-REB-013", "VER-RLO-004"]

[[lifecycle_events]]
from = "ready"
to = "verified"
decided_at = "2026-08-28T16:15:02Z"
decided_by = "assurance-owner"
reason = "Verified on 2026-08-28 by the accountable assurance owner, 'I verify VREC-SEH-017'. Re-measured immediately before this transition, every check run before this reason was written: candidate commit 884b769efdc9eda2959f2c774e6af10748beb88a is an ancestor of the branch tip with a clean worktree; all ten bound evidence blobs are byte-identical at the candidate and the tip; the evaluator packet matches its recorded raw digest; the graph reads 1065 artifacts and 0 errors under the released 0.7.1 evaluator; the build of record at the candidate reads state exact with two byte-identical producer runs, wheel e08aab8a96c156f9e5edf99b9a28aad96c7cffe5b18c262a2598a6b6873fadeb and sdist 2d2c237e88b0a0b0fb0e06e70caed9e9610472c289eccf849f9b675f33d59624; on the pull request only the Governor Transition Assessment lane is red, by its same-version lock rule, accepted by the release owner's decision recorded in REL-SEH-019's amendment. Acceptance covers the aggregate evidence as recorded, including WO-RLS-014's five deviations and the retraction of VREC-SEH-016. It authorizes no merge, release, publication or deployment."
+++

# Verification Record Candidate

This ready record binds retained evidence for `WO-AUT-003`, `WO-ECP-005`, `WO-ECP-009`, `WO-ECP-010`, `WO-HBI-005`, `WO-HUP-007`, `WO-REB-028`, `WO-REB-029`, `WO-RLO-008`, `WO-RLS-014` to candidate commit `884b769efdc9eda2959f2c774e6af10748beb88a`. An accountable assurance owner must review the evidence and transition the record to `verified`; this command did not approve, commit, tag, release, or publish anything.

The record is intentionally created after the candidate commit it names, avoiding self-referential commit metadata.

645c169348430bf698c7c3992f3a58fb7988fb28 blob 879
{"diagnostics":[],"environment":{"checkout_excluded":true,"entry_point_resolved":true,"isolated_python":true,"pythonpath_present":false,"user_site_enabled":false},"evaluator":{"archive_name":"se_harness-0.8.0-py3-none-any.whl","archive_sha256":"e08aab8a96c156f9e5edf99b9a28aad96c7cffe5b18c262a2598a6b6873fadeb","payload_manifest":"se-harness-installed-payload-v1","payload_sha256":"ea75cc53a518cfe0f027336f1a9aabfa301175a00410091f6c2f4b50ccd92eb5","version":"0.8.0"},"origins":{"distribution":"<evaluator-root>/lib/python3.12/site-packages","entry_point":"<evaluator-root>/bin/harnessctl","module":"<evaluator-root>/lib/python3.12/site-packages/se_harness/runtime_identity.py","python_executable":"<evaluator-root>/bin/python","templates":"<evaluator-root>/share/se-harness/templates/repository/standard"},"role":"released-evaluator","schema":"se-harness-evaluator-evidence-v1"}

8b206aa9cc7876cc5d5f9f4ef0b5bcdcee1f5310 blob 3472
+++
id = "VREC-SEH-018"
type = "verification_record"
title = "Verification candidate for 7 work orders"
status = "verified"
owners = ["Mathieu Meadele"]
created = "2026-08-28"
updated = "2026-08-28"
commit = "8adfe1bdeb19b4e6014b7f13afd7da5789846750"
git_object_format = "sha1"
worktree_state = "clean"
prepared_at = "2026-08-28T22:21:07Z"
prepared_by = "Mathieu Meadele"
artifact_snapshot_sha256 = "c0d2d984003c7131e12788b49049e79205fbc48205320dc79aa3a133fd847868"
evidence_paths = ["docs/engineering/execution-control-plane/evidence/WO-ECP-001/WO-ECP-001-verification.md", "docs/engineering/execution-control-plane/evidence/WO-ECP-002/WO-ECP-002-handoff.md", "docs/engineering/execution-control-plane/evidence/WO-ECP-003/WO-ECP-003-handoff.md", "docs/engineering/execution-control-plane/evidence/WO-ECP-011/WO-ECP-011-verification.md", "docs/engineering/release-0-9-0/evidence/WO-RLS-015-verification.md", "docs/engineering/released-evaluator-boundary/evidence/WO-REB-030-verification.md", "docs/engineering/repository-harness-upgrade/evidence/WO-HUP-008-verification.md"]
evaluator_evidence_path = "docs/engineering/release-0-9-0/evidence/VREC-SEH-018-evaluator.json"
evaluator_evidence_sha256 = "8d217a429db288836d69c843e6f0017c0be29a2b743f589a7fe28bfa8b1cf560"

verified_at = "2026-08-28T22:26:53Z"
verified_by = "assurance-owner"
[relations]
verifies_work_order = ["WO-ECP-001", "WO-ECP-002", "WO-ECP-003", "WO-ECP-011", "WO-HUP-008", "WO-REB-030", "WO-RLS-015"]
conforms_to = ["VER-DST-001", "VER-ECP-001", "VER-ECP-002", "VER-ECP-003", "VER-ECP-007", "VER-HUP-008", "VER-REB-014"]

[[lifecycle_events]]
from = "ready"
to = "verified"
decided_at = "2026-08-28T22:26:53Z"
decided_by = "assurance-owner"
reason = "Verified by the accountable assurance owner on 2026-08-28, 'I verify VREC-SEH-018'. Re-measured immediately before this transition, every check run before this reason was written: bound candidate 8adfe1b is an ancestor of the branch tip with a clean worktree; all seven member work orders of REL-SEH-020 are implemented, each with its own verified per-work-order record; the evaluator packet matches its recorded digest; all pull-request lanes pass at the current head. The retained aggregate evidence shows, under the governing exact public 0.8.0 root: validate 1,088 artifacts 0 errors, doctor 0 FAIL, distributions PASS, portable surface PASS in three modes, complete-candidate pass, the upgrade rehearsal 0.8.0 to 0.9.0 pass twice with equal semantic digest, suite 1,117 with the single known workstation file-mode failure that passes hosted, and the recipe-bound build exact with two byte-identical producer runs at the bound candidate (wheel c4b56175\u2026, sdist da80ef01\u2026, the qualification-time build at 8573608 retained as section 4 and the section-8 misstatement corrected in section 9 before this decision). This verifies the aggregate for REL-SEH-020 only; it prepares, releases and publishes nothing."
+++

# Verification Record Candidate

This ready record binds retained evidence for `WO-ECP-001`, `WO-ECP-002`, `WO-ECP-003`, `WO-ECP-011`, `WO-HUP-008`, `WO-REB-030`, `WO-RLS-015` to candidate commit `8adfe1bdeb19b4e6014b7f13afd7da5789846750`. An accountable assurance owner must review the evidence and transition the record to `verified`; this command did not approve, commit, tag, release, or publish anything.

The record is intentionally created after the candidate commit it names, avoiding self-referential commit metadata.

44104194bbfcbf15885032cc15e6ea52e047cd04 blob 2388
+++
id = "VREC-SEH-001"
type = "verification_record"
title = "Verification candidate for 10 work orders"
status = "verified"
owners = ["quality-owner"]
created = "2026-08-11"
updated = "2026-08-11"
commit = "1329c7a4472f323c4b21d869545cad3c647fe568"
git_object_format = "sha1"
worktree_state = "clean"
verified_at = "2026-08-11T13:17:19Z"
artifact_snapshot_sha256 = "df8d285cf7aed30ef3f64eac6abfc5f2ca674724af42fac3afe07b707bc11374"
evidence_paths = ["docs/engineering/aggregate-release/evidence/WO-AGR-001-verification.md", "docs/engineering/harness-distribution/evidence/WO-DOC-001-verification.md", "docs/engineering/harness-distribution/evidence/WO-DOC-002-verification.md", "docs/engineering/harness-distribution/evidence/WO-DST-001-verification.md", "docs/engineering/harness-distribution/evidence/WO-DST-002-verification.md", "docs/engineering/harness-distribution/evidence/WO-DST-003-verification.md", "docs/engineering/portable-managed-integrity/evidence/WO-PMI-001-verification.md", "docs/engineering/release-0.2.0/evidence/WO-RLS-001-verification.md", "docs/engineering/revision-provenance/evidence/WO-REV-001-verification.md", "docs/engineering/verification-supersession/evidence/WO-VSP-001-verification.md"]

[relations]
verifies_work_order = ["WO-AGR-001", "WO-DOC-001", "WO-DOC-002", "WO-DST-001", "WO-DST-002", "WO-DST-003", "WO-PMI-001", "WO-REV-001", "WO-RLS-001", "WO-VSP-001"]
conforms_to = ["VER-AGR-001", "VER-DST-001", "VER-DST-002", "VER-PMI-001", "VER-REV-001", "VER-VSP-001"]
+++

# Verification Record Candidate

This verified record binds retained evidence for `WO-AGR-001`, `WO-DOC-001`, `WO-DOC-002`, `WO-DST-001`, `WO-DST-002`, `WO-DST-003`, `WO-PMI-001`, `WO-REV-001`, `WO-RLS-001`, `WO-VSP-001` to candidate commit `1329c7a4472f323c4b21d869545cad3c647fe568`. The capture command originally prepared it as `ready` and did not approve, commit, tag, release, or publish anything.

The record is intentionally created after the candidate commit it names, avoiding self-referential commit metadata.

The accountable repository owner reviewed the complete retained evidence for the ten-work-order 0.2.0 candidate and explicitly instructed `i validate, then transition and governance commit` on 2026-08-11. That human decision, authorized and recorded by `WO-REV-006`, transitioned this record from `ready` to `verified`; automation did not grant the authority.

4d11e6e83c57c01c946bd45f34f8561b68cec990 blob 1768
+++
id = "VREC-SEH-002"
type = "verification_record"
title = "Verification candidate for 4 work orders"
status = "verified"
owners = ["quality-owner"]
created = "2026-08-11"
updated = "2026-08-11"
commit = "94e13e31b81333e1f80f5a7dfd86ed5dbfc1e3e5"
git_object_format = "sha1"
worktree_state = "clean"
verified_at = "2026-08-11T16:33:59Z"
artifact_snapshot_sha256 = "e5f05628548a70d50f7d91931e30f04ddd9d9aa01028d9abad81929e10cd9653"
evidence_paths = ["docs/engineering/instruction-architecture/evidence/WO-IAR-001-verification.md", "docs/engineering/pypi-publication/evidence/WO-PYP-001-verification.md", "docs/engineering/release-0.2.1/evidence/WO-RLS-002-verification.md", "docs/engineering/work-order-lifecycle/evidence/WO-WLC-001-verification.md"]

[relations]
verifies_work_order = ["WO-IAR-001", "WO-PYP-001", "WO-RLS-002", "WO-WLC-001"]
conforms_to = ["VER-AGR-001", "VER-DST-001", "VER-IAR-001", "VER-PYP-001", "VER-WLC-001"]
+++

# Verification Record Candidate

This verified record binds retained evidence for `WO-IAR-001`, `WO-PYP-001`, `WO-RLS-002`, `WO-WLC-001` to candidate commit `94e13e31b81333e1f80f5a7dfd86ed5dbfc1e3e5`. The capture command originally prepared it as `ready` and did not approve, commit, tag, release, or publish anything.

The record is intentionally created after the candidate commit it names, avoiding self-referential commit metadata.

After pull request #18 merged the exact candidate and ready record, the accountable repository, quality, and release owner reviewed the retained evidence and explicitly instructed `i merged, you can perform the next steps` on 2026-08-11. That human decision, authorized and recorded by `WO-RLS-003`, transitioned this record from `ready` to `verified`; automation did not grant the authority.

fd5b585f80b04f9f1a832d47f509466ac6a4fb20 blob 2073
+++
id = "VREC-SEH-004"
type = "verification_record"
title = "Verification candidate for 6 work orders"
status = "verified"
owners = ["quality-owner"]
created = "2026-08-12"
updated = "2026-08-12"
commit = "8ffb5e9386c3dc75b637092f93d372936ae7a290"
git_object_format = "sha1"
worktree_state = "clean"
verified_at = "2026-08-12T18:39:52Z"
artifact_snapshot_sha256 = "ac3d45d443cd4eb2204382c28fa8810d8cdb7cc58658a117e27624102f5fe653"
evidence_paths = ["docs/engineering/instruction-architecture/evidence/WO-IAR-002-verification.md", "docs/engineering/instruction-architecture/evidence/WO-IAR-003-verification.md", "docs/engineering/instruction-architecture/evidence/WO-IAR-004-verification.md", "docs/engineering/instruction-architecture/evidence/WO-IAR-005-verification.md", "docs/engineering/release-0.2.2/evidence/WO-RLS-004-verification.md", "docs/engineering/self-hosting-boundary/evidence/WO-SHB-001-verification.md"]

[relations]
verifies_work_order = ["WO-IAR-002", "WO-IAR-003", "WO-IAR-004", "WO-IAR-005", "WO-RLS-004", "WO-SHB-001"]
conforms_to = ["VER-DST-001", "VER-IAR-002", "VER-IAR-003", "VER-IAR-004", "VER-IAR-005", "VER-SHB-001"]
+++

# Verification Record Candidate

This verified record binds retained evidence for `WO-IAR-002`, `WO-IAR-003`, `WO-IAR-004`, `WO-IAR-005`, `WO-RLS-004`, `WO-SHB-001` to candidate commit `8ffb5e9386c3dc75b637092f93d372936ae7a290`. The capture command originally prepared it as `ready` and did not approve, commit, tag, release, or publish anything.

The record is intentionally created after the candidate commit it names, avoiding self-referential commit metadata.

On 2026-08-12, after all released-governor, candidate-source, and candidate-package checks passed for the exact candidate, the accountable owner explicitly instructed `i approve verification record`. That human assurance decision transitioned this record from `ready` to `verified`; automation did not grant the authority. Release-record preparation, release approval, merge, tag, publication, deployment, and governor promotion remain separate decisions.

9bfdd4d040c2fca7ea37fe1c414964a3a6dbfb3d blob 4974
+++
id = "VREC-SEH-005"
type = "verification_record"
title = "Verification candidate for 9 work orders"
status = "verified"
owners = ["quality-owner"]
created = "2026-08-15"
updated = "2026-08-15"
commit = "dd06660a94f06d934adb1df0352b81e709f2ffd3"
git_object_format = "sha1"
worktree_state = "clean"
verified_at = "2026-08-15T10:24:04Z"
artifact_snapshot_sha256 = "2660075fde53dbdd1e660fb0b051b94afd024046418c75e103306322e264d86f"
evidence_paths = ["docs/engineering/harness-distribution/evidence/WO-DOC-007-verification.md", "docs/engineering/harness-distribution/evidence/WO-DOC-008-verification.md", "docs/engineering/harness-distribution/evidence/WO-DOC-009-verification.md", "docs/engineering/harness-distribution/evidence/WO-DOC-010-verification.md", "docs/engineering/harness-distribution/evidence/WO-DOC-011-verification.md", "docs/engineering/harness-distribution/evidence/WO-DST-007-verification.md", "docs/engineering/harness-distribution/evidence/WO-DST-009-verification.md", "docs/engineering/release-0.3.0/evidence/WO-RLS-005-verification.md", "docs/engineering/self-hosting-boundary/evidence/WO-SHB-002-verification.md"]

[relations]
verifies_work_order = ["WO-DOC-007", "WO-DOC-008", "WO-DOC-009", "WO-DOC-010", "WO-DOC-011", "WO-DST-007", "WO-DST-009", "WO-RLS-005", "WO-SHB-002"]
conforms_to = ["VER-DST-001", "VER-DST-006", "VER-DST-007", "VER-DST-008", "VER-SHB-002"]
+++

# Verification Record Candidate

This verified record binds retained evidence for `WO-DOC-007`, `WO-DOC-008`, `WO-DOC-009`, `WO-DOC-010`, `WO-DOC-011`, `WO-DST-007`, `WO-DST-009`, `WO-RLS-005`, `WO-SHB-002` to candidate commit `dd06660a94f06d934adb1df0352b81e709f2ffd3`. The capture command originally prepared it as `ready` and did not approve, commit, tag, release, or publish anything.

The record is intentionally created after the candidate commit it names, avoiding self-referential commit metadata.

## Exact candidate qualification presented for assurance review

- Candidate commit: `dd06660a94f06d934adb1df0352b81e709f2ffd3`
- Candidate tree: `f7af813414aa6da5fe9a478070e38a74eefe8305`
- Candidate Unix timestamp and reproducibility epoch: `1786789037`
- Exact `git archive` SHA-256: `ffdb1fe9bc379dcb7f1cb22ac23fa47b54058d017bc2c54a8be3a0a66269faa7`
- Wheel A/B and offline-reconstructed wheel SHA-256: `260e22371b05e5bb6c59143a1f0229855305a6bf7994984be50aa147a02ea516`
- Raw sdist A SHA-256: `3d99505c29e2427e8980eca82893215cdd7aecaf2b930a915777fb3246b138da`
- Raw sdist B SHA-256: `d06482513dac21453018aa62a2d32747c9a0d9632144f3b8d1e6e3a9fd16e6f2`
- Normalized sdist A/B SHA-256: `dc25b236c7c102bbbd7e99b36dfb6e90e1fe59b1d4fcdb9896d70f55b1d09704`
- Candidate-acceptance manifest A/B SHA-256: `0292f9948f9a6369bb11290253576089cca86e77a028fff07489d7a22c5731fe`
- Acceptance contract SHA-256: `48fc055e5123d61b6484656f9d53135188b2432f4d6976f3efef80742cee4349`

Both exact-source builds completed at the candidate epoch. Wheels were byte-identical; raw gzip sdists varied before the governed normalization step; normalized sdists were byte-identical. A no-index wheel reconstruction from the normalized sdist was byte-identical to both direct wheels.

The candidate-owned 0.3.0 acceptance runner passed the same 11 black-box scenarios twice and emitted byte-identical canonical manifests: installed identity, init, adopt, doctor, validate, dashboard, safe upgrade, customized-content refusal, corrupted-integrity refusal, protected self-hosting upgrade, and authority denial. This proves repeatability of the candidate contract; it is not relabelled as independent governor evidence.

The independently selected governor remains immutable 0.2.1 with wheel SHA-256 `533f6f87f5a1060d5d0070702969f643525ca3b91e2ecdbbd029f1530d093454`. `.self-hosting/governor.toml` did not change. Publishing 0.3.0 will not promote it as governor.

The complete suite passed on Python 3.14.6 (160 tests, 3 conditional skips) and Python 3.11.9 (160 tests, 3 conditional skips). Candidate-source doctor and review preflight passed. Candidate artifact validation passed with 298 artifacts, 0 errors, and 38 classified compatibility warnings. A fresh Python 3.11.9 environment installed the offline-reconstructed wheel without an index, reported version 0.3.0, initialized 33 managed/seed files, passed doctor and validation, and generated Harness Explorer successfully.

Setuptools emitted one known non-blocking deprecation warning for the TOML-table form of `project.license`, with a stated 2027-02-18 migration deadline.

On 2026-08-15, after reviewing the exact candidate and retained evidence, the accountable owner explicitly instructed `i approve verification record`. That human assurance decision transitioned this record from `ready` to `verified`; automation did not grant the authority. Release-record preparation, release approval, push, pull request, merge, tag, publication, deployment, and governor promotion remain separate decisions and were not performed by this transition.

72d0b76b57a4470e10cd6d11782a4115488cd0ce blob 8348
+++
id = "VREC-SEH-006"
type = "verification_record"
title = "Verification candidate for 10 work orders"
status = "verified"
owners = ["quality-owner"]
created = "2026-08-16"
updated = "2026-08-16"
commit = "2acc63af8933ee1dfa5ef78b67e2dbe6fb9a4e61"
git_object_format = "sha1"
worktree_state = "clean"
verified_at = "2026-08-16T10:45:01Z"
artifact_snapshot_sha256 = "cebd3ef6d57baa417d65e0fd4517d02500a513afc0f216bd301f3fab77d8cb3a"
evidence_paths = ["docs/engineering/harness-distribution/evidence/WO-DOC-012-verification.md", "docs/engineering/instruction-architecture/evidence/WO-IAR-006-verification.md", "docs/engineering/instruction-architecture/evidence/WO-IAR-007-verification.md", "docs/engineering/instruction-architecture/evidence/WO-IAR-008-verification.md", "docs/engineering/instruction-architecture/evidence/WO-IAR-009-verification.md", "docs/engineering/instruction-architecture/evidence/WO-IAR-010-verification.md", "docs/engineering/operating-contract-activation/evidence/WO-OCA-001-verification.md", "docs/engineering/operating-contract-activation/evidence/WO-OCA-002-verification.md", "docs/engineering/release-0.4.0/evidence/WO-RLS-006-verification.md", "docs/engineering/work-order-assurance-classification/evidence/WO-WAC-001-verification.md"]

[relations]
verifies_work_order = ["WO-DOC-012", "WO-IAR-006", "WO-IAR-007", "WO-IAR-008", "WO-IAR-009", "WO-IAR-010", "WO-OCA-001", "WO-OCA-002", "WO-RLS-006", "WO-WAC-001"]
conforms_to = ["VER-DST-001", "VER-DST-009", "VER-IAR-006", "VER-IAR-007", "VER-IAR-008", "VER-IAR-009", "VER-IAR-010", "VER-OCA-001", "VER-OCA-002", "VER-WAC-001"]
+++

# Verification Record Candidate

On 2026-08-16, after pull request #60 run `31942798447` passed the released-governor, candidate-source, and candidate-package planes for the exact candidate, the accountable owner explicitly instructed `i approve`. That human assurance decision transitions this record from `ready` to `verified`; automation did not grant the authority. The captured candidate commit, object format, clean worktree state, capture timestamp, artifact snapshot, evidence paths, work-order coverage, and verification-contract coverage remain unchanged.

The record is intentionally created after the candidate commit it names, avoiding self-referential commit metadata.

## Exact candidate qualification presented for assurance review

- Candidate commit: `2acc63af8933ee1dfa5ef78b67e2dbe6fb9a4e61`
- Candidate tree: `18a812d6a224cc34205af6f2882b0cccd05f3d9b`
- Git object format: `sha1`
- Candidate Unix timestamp and reproducibility epoch: `1786876848`
- Exact `git archive` SHA-256: `211475323aa812c787ad03040e27f6ddaba6a4e732bb1b0bfccdd0e63563c72`
- Candidate artifact snapshot SHA-256: `cebd3ef6d57baa417d65e0fd4517d02500a513afc0f216bd301f3fab77d8cb3a`
- Wheel A/B and normalized-sdist-reconstructed wheel SHA-256: `674489eb1e4798e84d0708b6e1b0c57cb794e7c59a23029186bbe413be209e13`
- Raw sdist A SHA-256: `a807ae3c10717971b1cf657f288c8554cd8f208c07ebd26db23e95c9a96b74be`
- Raw sdist B SHA-256: `51a861d0ddf7bf8360657e0be3fefded368c6e04de3ffc5094c4652c7c6f56a5`
- Normalized sdist A/B SHA-256: `0501056a5e49de88db6835613ff02f256bf5e695c16a6ed8dc3a7f507bfca13d`
- Released-governor acceptance manifest A/B SHA-256: `33d1ae793ea9eef4cb86e15d844653b70c5baf4422bc0589b98315cdc12400a8`
- Acceptance contract SHA-256: `48fc055e5123d61b6484656f9d53135188b2432f4d6976f3efef80742cee4349`

Two independent exact-source builds completed at the candidate epoch. Wheels were byte-identical; raw gzip sdists varied before the governed normalization step; normalized sdists were byte-identical. A wheel rebuilt from a safely extracted normalized sdist was byte-identical to both direct wheels. Archive paths and member types passed the normalizer's fail-closed checks.

## Independent governor assessment

The exact published governor remains version 0.3.0, release record `RLS-SEH-005`, candidate commit `dd06660a94f06d934adb1df0352b81e709f2ffd3`, and wheel SHA-256 `260e22371b05e5bb6c59143a1f0229855305a6bf7994984be50aa147a02ea516`. The wheel was downloaded from the immutable URL recorded by `.self-hosting/governor.toml`; its digest matched before installation. Its isolated Python 3.11.9 runtime resolved the module and distribution from the governor environment, outside the candidate checkout.

The released 0.3.0 governor assessed the exact 0.4.0 wheel and a clean export of candidate commit `2acc63af8933ee1dfa5ef78b67e2dbe6fb9a4e61` twice. All 11 replayable scenarios passed both times with byte-identical canonical manifests:

- installed identity;
- init and adopt;
- doctor, validate, and dashboard;
- safe upgrade;
- customized-content and corrupted-integrity refusal;
- protected self-hosting upgrade; and
- authority denial.

This is independent released-governor evidence for the candidate package and declared compatibility contract. It does not grant verification, release, merge, tag, publication, deployment, or governor-promotion authority.

## Integrated repository and package evidence

- Formal validation passed with 377 artifacts, zero errors, and 40 maintenance warnings: 11 `W013`, 14 `W014`, and 15 `W015`. Structure, governance, and policy planes are clear. The warnings are declared historical locations and legacy architecture compatibility observations, not hidden or converted into a score.
- Candidate-source doctor passed managed parity, lock integrity, required files, and the explicit 0.3.0 governor identity.
- Start and review preflight passed for `WO-RLS-006`, whose commit-bound assurance classification is `required` and decided by `repository-owner`.
- The complete suite passed on Python 3.14.6: 201 tests with three conditional skips.
- The complete suite passed on Python 3.11.9: 201 tests with the same three conditional skips.
- Deterministic candidate inspection and Explorer generation passed. Before VREC capture, inspection exposed exactly one expected assurance item, `WO-RLS-006`, and no active or decision-ready work.
- Protected candidate hashes are `f27881da7e21d73f9fec8aa1a2f9b514a6229db2fa74fbb819c930c6d0c8ffce` for `.engineering-harness.toml`, `711a7098b08d2a5d97aa7dd8c3b9c71bfbb86d37dc42573220ea7dfb811cb3f3` for `.github/workflows/engineering-harness.yml`, and `f2978acca17630dd8bb22cd7e31b92cacf10e9327a732c227eca44220921bfe8` for `ENGINEERING_HARNESS.md`.
- The candidate workflow changes only its candidate version to 0.4.0. The governor version, tag, wheel, immutable URL, SHA-256, release record, released candidate commit, reusable-workflow pin, permissions, and three-plane structure remain unchanged at 0.3.0.
- `git diff --check`, exact scope review, candidate ancestry, and clean candidate capture passed.

A fresh Python 3.11.9 environment installed the wheel reconstructed from the normalized sdist with `pip --no-index --no-deps`. From outside the checkout it resolved version, module, executable, distribution, and template data from the isolated environment; initialized 34 standard files; passed doctor and formal validation; produced no inspection findings; and generated Explorer snapshot SHA-256 `c7fc28c167fd0c8fa8c95cb67276c6083aa7af40f63356c6f84a0d1fbb148e48`.

## Deviations and residual conditions

- One preliminary fresh-install invocation was launched from the source checkout, so Python correctly placed the checkout ahead of site-packages. That run was discarded as package-origin evidence and repeated successfully from an external working directory.
- Setuptools emitted the existing non-blocking deprecation warning for the TOML-table form of `project.license`, with a stated 2027-02-18 deadline. This does not affect current metadata, archive safety, or reproducibility and requires a later governed maintenance change.
- Hosted pull-request CI run `31942798447` passed the released-governor, candidate-source, and candidate-package jobs after the PR body was corrected to declare the standalone `Harness-Work-Order: WO-RLS-006` field. This metadata-only repair did not change the candidate commit or the ready record committed at `eca66ea7170f5ae1084823046cd7392d3d728d3e`.

This record is `verified` by the accountable human decision above. That decision does not prepare or authorize a release record, merge the pull request, create a tag, publish to GitHub or PyPI, deploy, promote the governor, force-push, or rewrite history.

32b813182d749b611021b93290141ae58e1c7fd8 blob 8927
+++
id = "VREC-SEH-007"
type = "verification_record"
title = "Verification candidate for 8 work orders"
status = "verified"
owners = ["quality-owner"]
created = "2026-08-17"
updated = "2026-08-17"
commit = "7fbbe5634e08edc2cf93f22dd7278e986407ec6e"
git_object_format = "sha1"
worktree_state = "clean"
verified_at = "2026-08-17T18:45:28Z"
artifact_snapshot_sha256 = "ff5ba71bd71e264fdc779c2ab85f67bf99ef8889dbf07a6bd2ed7db684e9887d"
evidence_paths = ["docs/engineering/dashboard-publication/evidence/WO-DPG-001-verification.md", "docs/engineering/harness-distribution/evidence/WO-DST-011-verification.md", "docs/engineering/harness-distribution/evidence/WO-DST-012-verification.md", "docs/engineering/harness-distribution/evidence/WO-DST-013-verification.md", "docs/engineering/harness-distribution/evidence/WO-DST-014-verification.md", "docs/engineering/harness-distribution/evidence/WO-DST-015-verification.md", "docs/engineering/harness-distribution/evidence/WO-DST-016-verification.md", "docs/engineering/release-0.4.1/evidence/WO-RLS-007-verification.md"]

[relations]
verifies_work_order = ["WO-DPG-001", "WO-DST-011", "WO-DST-012", "WO-DST-013", "WO-DST-014", "WO-DST-015", "WO-DST-016", "WO-RLS-007"]
conforms_to = ["VER-DPG-001", "VER-DST-001", "VER-DST-010", "VER-DST-011", "VER-DST-012", "VER-DST-013", "VER-DST-014", "VER-DST-015"]
+++

# Verification Record Candidate

On 2026-08-17, after the exact-candidate evidence and green hosted three-plane checks were presented, the accountable owner explicitly stated `i approve the verification record, you can transition, commit + push`. That human assurance decision transitions this record from `ready` to `verified`; automation did not grant the authority. The captured candidate commit, object format, clean worktree state, capture timestamp, artifact snapshot, evidence paths, work-order coverage, and verification-contract coverage remain unchanged.

This record was prepared in `ready` state to bind retained evidence for `WO-DPG-001`, `WO-DST-011`, `WO-DST-012`, `WO-DST-013`, `WO-DST-014`, `WO-DST-015`, `WO-DST-016`, and `WO-RLS-007` to candidate commit `7fbbe5634e08edc2cf93f22dd7278e986407ec6e`. The preparation command did not approve, commit, tag, release, or publish anything; the separate accountable decision above supplies the verification authority.

The record is intentionally created after the candidate commit it names, avoiding self-referential commit metadata.

## Exact candidate qualification presented for assurance review

- Candidate commit: `7fbbe5634e08edc2cf93f22dd7278e986407ec6e`
- Candidate tree: `a81c37cafbff9a00fe0209779b80f5130ad049e4`
- Git object format: `sha1`
- Candidate Unix timestamp and reproducibility epoch: `1786991095`
- Exact `git archive` SHA-256: `ae1d8a6eb841745c4243da69add84efad6bbfb367b96a9a828e94fe30956df49`
- Candidate artifact snapshot SHA-256: `ff5ba71bd71e264fdc779c2ab85f67bf99ef8889dbf07a6bd2ed7db684e9887d`
- Wheel A/B and normalized-sdist-reconstructed wheel SHA-256: `cdef8f402f05a29c544190ad2e1e8c0800ea2a45b87f98d27f155ad01e87dff2`
- Raw sdist A SHA-256: `ac1b953ef103e59d7ea7bd4b39fc9a961ee0f54e7fe96f7c8ea1872230aa2368`
- Raw sdist B SHA-256: `46f4148bc88df0d52d00e1b49bc51b337e6d660d58e5bf53191e94d26551b20c`
- Normalized sdist A/B SHA-256: `da788b319df4bcb22bea06301304ad866ac40520ab866b3924427b1ec7105389`
- Released-governor acceptance manifest A/B SHA-256: `0496024febe9dabe674f40cccd2f5c2b9e19b83ce6d5dc73b67d42e8ad0e9006`
- Acceptance contract SHA-256: `48fc055e5123d61b6484656f9d53135188b2432f4d6976f3efef80742cee4349`

Two independent exact-source builds completed at the candidate epoch. Direct wheels were byte-identical, normalized sdists were byte-identical, and the wheel rebuilt after safe normalized-sdist extraction was byte-identical to both direct wheels. Raw gzip sdists varied before the governed normalization step as designed. Git and sdist archives contained only bounded ordinary files and directories with canonical safe paths.

## Independent released-governor assessment

The selected published governor remains version 0.3.0, release record `RLS-SEH-005`, candidate commit `dd06660a94f06d934adb1df0352b81e709f2ffd3`, and wheel SHA-256 `260e22371b05e5bb6c59143a1f0229855305a6bf7994984be50aa147a02ea516`. Its wheel was acquired from the immutable release identified by `.self-hosting/governor.toml`; the digest matched before offline installation. Its isolated Python 3.11.9 environment resolved both module and distribution below the governor environment, outside the candidate checkout.

The released governor assessed the exact 0.4.1 reconstructed wheel and exact candidate export twice. All 11 replayable scenarios passed with byte-identical canonical manifests:

- installed identity;
- init and adopt;
- doctor, validate, and dashboard;
- safe upgrade;
- customized-content and corrupted-integrity refusal;
- protected self-hosting upgrade; and
- authority denial.

This is independent compatibility evidence. Automation did not grant verification, release, merge, tag, publication, deployment, or governor-promotion authority.

## Integrated repository and package evidence

- Formal validation passed with 446 artifacts, zero errors, and 42 maintenance warnings. Structure, governance, and policy planes are clear. The warnings are the existing declared historical-location and legacy-architecture compatibility observations.
- Candidate-source doctor passed managed parity, lock integrity, required files, and the explicit 0.3.0 governor identity.
- Start and review preflight passed for `WO-RLS-007`, whose commit-bound assurance classification is `required` and decided by `repository-owner`.
- The complete exact-source suite passed on Python 3.14.6: 232 tests with three conditional skips.
- The complete exact-source suite passed on Python 3.11.9: 232 tests with the same three conditional skips.
- Exact candidate inspection was byte-identical across two runs, SHA-256 `b5a52b11f3dc227fbe6bf2f041415db6d8897b1e397574759374ae128ceba7f0`, and reported 446 artifacts, 1,612 relations, zero error findings, 42 maintenance warnings, and 38 informational lifecycle observations.
- Two exact candidate Explorer runs emitted 532 files and 529 integrity-addressed resources. Their authoritative manifests matched at SHA-256 `ff5ba71bd71e264fdc779c2ab85f67bf99ef8889dbf07a6bd2ed7db684e9887d`, and rendered HTML matched at SHA-256 `cef70395ffafd5f6a6181705bb49627d647d46bd50cb13bdcbd8a3dfd09e32c0`. Only the non-authoritative `generated_at` and `elapsed_ms` fields in `generation-summary.json` differed.
- Protected canonical hashes are `4768b77aeda7d47a8a97b59ef2b429a4f9cfd618be8a37b72a79cfbadca8526d` for `.engineering-harness.toml`, `b7492418644a245c9f4d1dfe58191d9f86d6af5f654182085622f653e1bf16ab` for `.github/workflows/engineering-harness.yml`, and `2aa3532b9e8f589eba69e2cbee053b02ad86a80cddefa7ea182fe31f5cae960e` for `ENGINEERING_HARNESS.md`.
- The self-hosting workflow changes only its candidate identity to 0.4.1. Governor version, tag, wheel, URL, SHA-256, release record, selected commit, reusable-workflow pin, permissions, and three-plane structure remain unchanged.
- The standard consumer workflow renders one exact 0.4.1 package evaluator, invokes harness operations through isolated `python -I -m se_harness` commands, and contains no self-hosting governor or candidate-source lane.
- Candidate ancestry, the bounded 12-path integration ledger, clean candidate capture, and `git diff --check` passed.

## Deviations, pending evidence, and authority boundary

The first exact-export Python 3.14 invocation correctly refused candidate-source identity with `RID018` because distribution metadata still resolved to the development checkout. An approved no-isolation exact-source build generated distribution metadata inside the export; module and metadata origins then both resolved inside that export, and the unchanged complete suite passed. This was an environment-origin correction, not a product change. Python 3.11 passed its initial exact-export run.

Setuptools emitted the existing non-blocking deprecation warning for the TOML-table form of `project.license`, with a stated 2027-02-18 deadline. It does not affect current metadata, archive safety, or reproducibility and remains later governed maintenance.

The candidate has been pushed to `work/WO-RLS-007` and is the exact head of draft pull request #66. Hosted runs `32056419984` and `32056424106` both passed the released-governor, candidate-source, and candidate-package jobs for that head. These automated gates provide additional exact-candidate evidence but do not make the accountable assurance decision.

This record is `verified` by the accountable human decision above. That decision does not merge the pull request, prepare or authorize a release record, create `v0.4.1`, publish GitHub or PyPI assets, deploy Pages, reconcile the governor, force-push, or rewrite history.

231dff48673db7e5ed0089db17c0d7f29984a7ef blob 873
{"diagnostics":[],"environment":{"checkout_excluded":true,"entry_point_resolved":true,"isolated_python":true,"pythonpath_present":false,"user_site_enabled":false},"evaluator":{"archive_name":"se_harness-0.6.0-py3-none-any.whl","archive_sha256":"2a952eb6ff4ea137d0904c3c9a6f19c88482bfbaa18a9766e5ad4d4a6fef62f7","payload_manifest":"se-harness-installed-payload-v1","payload_sha256":"c233678548fe742b7a7a5a8bd65de10156ff233edc65b68e2ed0333fbe4dea42","version":"0.6.0"},"origins":{"distribution":"<evaluator-root>/Lib/site-packages","entry_point":"<evaluator-root>/Scripts/harnessctl.exe","module":"<evaluator-root>/Lib/site-packages/se_harness/runtime_identity.py","python_executable":"<evaluator-root>/Scripts/python.exe","templates":"<evaluator-root>/share/se-harness/templates/repository/standard"},"role":"released-evaluator","schema":"se-harness-evaluator-evidence-v1"}

231dff48673db7e5ed0089db17c0d7f29984a7ef blob 873
{"diagnostics":[],"environment":{"checkout_excluded":true,"entry_point_resolved":true,"isolated_python":true,"pythonpath_present":false,"user_site_enabled":false},"evaluator":{"archive_name":"se_harness-0.6.0-py3-none-any.whl","archive_sha256":"2a952eb6ff4ea137d0904c3c9a6f19c88482bfbaa18a9766e5ad4d4a6fef62f7","payload_manifest":"se-harness-installed-payload-v1","payload_sha256":"c233678548fe742b7a7a5a8bd65de10156ff233edc65b68e2ed0333fbe4dea42","version":"0.6.0"},"origins":{"distribution":"<evaluator-root>/Lib/site-packages","entry_point":"<evaluator-root>/Scripts/harnessctl.exe","module":"<evaluator-root>/Lib/site-packages/se_harness/runtime_identity.py","python_executable":"<evaluator-root>/Scripts/python.exe","templates":"<evaluator-root>/share/se-harness/templates/repository/standard"},"role":"released-evaluator","schema":"se-harness-evaluator-evidence-v1"}

231dff48673db7e5ed0089db17c0d7f29984a7ef blob 873
{"diagnostics":[],"environment":{"checkout_excluded":true,"entry_point_resolved":true,"isolated_python":true,"pythonpath_present":false,"user_site_enabled":false},"evaluator":{"archive_name":"se_harness-0.6.0-py3-none-any.whl","archive_sha256":"2a952eb6ff4ea137d0904c3c9a6f19c88482bfbaa18a9766e5ad4d4a6fef62f7","payload_manifest":"se-harness-installed-payload-v1","payload_sha256":"c233678548fe742b7a7a5a8bd65de10156ff233edc65b68e2ed0333fbe4dea42","version":"0.6.0"},"origins":{"distribution":"<evaluator-root>/Lib/site-packages","entry_point":"<evaluator-root>/Scripts/harnessctl.exe","module":"<evaluator-root>/Lib/site-packages/se_harness/runtime_identity.py","python_executable":"<evaluator-root>/Scripts/python.exe","templates":"<evaluator-root>/share/se-harness/templates/repository/standard"},"role":"released-evaluator","schema":"se-harness-evaluator-evidence-v1"}

231dff48673db7e5ed0089db17c0d7f29984a7ef blob 873
{"diagnostics":[],"environment":{"checkout_excluded":true,"entry_point_resolved":true,"isolated_python":true,"pythonpath_present":false,"user_site_enabled":false},"evaluator":{"archive_name":"se_harness-0.6.0-py3-none-any.whl","archive_sha256":"2a952eb6ff4ea137d0904c3c9a6f19c88482bfbaa18a9766e5ad4d4a6fef62f7","payload_manifest":"se-harness-installed-payload-v1","payload_sha256":"c233678548fe742b7a7a5a8bd65de10156ff233edc65b68e2ed0333fbe4dea42","version":"0.6.0"},"origins":{"distribution":"<evaluator-root>/Lib/site-packages","entry_point":"<evaluator-root>/Scripts/harnessctl.exe","module":"<evaluator-root>/Lib/site-packages/se_harness/runtime_identity.py","python_executable":"<evaluator-root>/Scripts/python.exe","templates":"<evaluator-root>/share/se-harness/templates/repository/standard"},"role":"released-evaluator","schema":"se-harness-evaluator-evidence-v1"}

231dff48673db7e5ed0089db17c0d7f29984a7ef blob 873
{"diagnostics":[],"environment":{"checkout_excluded":true,"entry_point_resolved":true,"isolated_python":true,"pythonpath_present":false,"user_site_enabled":false},"evaluator":{"archive_name":"se_harness-0.6.0-py3-none-any.whl","archive_sha256":"2a952eb6ff4ea137d0904c3c9a6f19c88482bfbaa18a9766e5ad4d4a6fef62f7","payload_manifest":"se-harness-installed-payload-v1","payload_sha256":"c233678548fe742b7a7a5a8bd65de10156ff233edc65b68e2ed0333fbe4dea42","version":"0.6.0"},"origins":{"distribution":"<evaluator-root>/Lib/site-packages","entry_point":"<evaluator-root>/Scripts/harnessctl.exe","module":"<evaluator-root>/Lib/site-packages/se_harness/runtime_identity.py","python_executable":"<evaluator-root>/Scripts/python.exe","templates":"<evaluator-root>/share/se-harness/templates/repository/standard"},"role":"released-evaluator","schema":"se-harness-evaluator-evidence-v1"}

26aa0d13053cd43376804aba78eae76f4fab1f26 blob 1457
+++
id = "VREC-RLO-001"
type = "verification_record"
title = "Verification candidate for WO-RLO-001"
status = "verified"
owners = ["quality-owner"]
created = "2026-08-18"
updated = "2026-08-18"
commit = "3cf47076d4e64ba190736c453c120fe50907032d"
git_object_format = "sha1"
worktree_state = "clean"
verified_at = "2026-08-18T08:38:08Z"
artifact_snapshot_sha256 = "f492a26311286330cb2628f66a136dbd8d15a94bc058430faf579bea84d45840"
evidence_paths = ["docs/engineering/release-orchestration/evidence/WO-RLO-001-verification.md"]

[relations]
verifies_work_order = ["WO-RLO-001"]
conforms_to = ["VER-DPG-001", "VER-PYP-001", "VER-RLO-001"]
+++

# Verified Verification Record

This record binds retained evidence for `WO-RLO-001` to candidate commit `3cf47076d4e64ba190736c453c120fe50907032d`. After reviewing the ready record and retained evidence, the accountable repository owner explicitly instructed `i validate you can transition / commit` on 2026-08-18. The ready record was retained unchanged in governance commit `7de7865`; this separate transition records that human assurance decision. Automation only records it and does not grant release authority.

The record was intentionally created after the candidate commit it names, avoiding self-referential commit metadata. Its captured candidate, object format, clean worktree state, timestamp, artifact snapshot, evidence paths, work order, and verification contracts remain unchanged by the transition.

43c3df37074d144f4636cef42a83332d09fca1ff blob 1481
+++
id = "VREC-RLO-002"
type = "verification_record"
title = "Verification candidate for WO-RLO-002"
status = "verified"
owners = ["quality-owner"]
created = "2026-08-19"
updated = "2026-08-19"
commit = "3158812c4de4ac4d3f57eebe450c88d1447d64dd"
git_object_format = "sha1"
worktree_state = "clean"
verified_at = "2026-08-19T06:00:14Z"
artifact_snapshot_sha256 = "39f2050458a34652c1630e9ce1e4a532102ca0c056698ea84c550049dacad9a6"
evidence_paths = ["docs/engineering/release-orchestration/evidence/WO-RLO-002-verification.md"]

[relations]
verifies_work_order = ["WO-RLO-002"]
conforms_to = ["VER-RLO-002"]
+++

# Verified Verification Record

This record binds retained evidence for `WO-RLO-002` to candidate commit `3158812c4de4ac4d3f57eebe450c88d1447d64dd`. After reviewing the ready verification record and retained evidence, the accountable repository owner explicitly instructed `i validate the verification record, you can transition it, commit and push` on 2026-08-19. This transition records that human assurance decision; automation does not grant release authority.

The ready record was retained unchanged in governance commit `18c3936`. It was intentionally created after the candidate commit it names, avoiding self-referential commit metadata. Its captured candidate commit, Git object format, clean-worktree state, capture timestamp, artifact snapshot, evidence path, work-order coverage, and verification-contract coverage remain unchanged by this later transition.

ab5b5c6f2ae9914c119d699c591f892c29d5d1ca blob 1389
+++
id = "VREC-RLO-003"
type = "verification_record"
title = "Verification candidate for WO-RLO-003"
status = "verified"
owners = ["quality-owner"]
created = "2026-08-19"
updated = "2026-08-19"
commit = "2ee54de88b7b37f2c4bda6a60787231beb20de8f"
git_object_format = "sha1"
worktree_state = "clean"
verified_at = "2026-08-19T07:16:23Z"
artifact_snapshot_sha256 = "453627959575b2f096acbb36b4cee8aab6c15ec846d56dbf57034743b1918fc9"
evidence_paths = ["docs/engineering/release-orchestration/evidence/WO-RLO-003-verification.md"]

[relations]
verifies_work_order = ["WO-RLO-003"]
conforms_to = ["VER-RLO-003"]
+++

# Verified Verification Record

This record binds retained evidence for `WO-RLO-003` to candidate commit `2ee54de88b7b37f2c4bda6a60787231beb20de8f`. After reviewing the verification record and retained evidence, the accountable repository owner explicitly stated `I approve verification record, you can commit it and push once transitioned` on 2026-08-19. This transition records that human assurance decision; automation does not grant release authority.

The record was prepared after the candidate commit it names, avoiding self-referential commit metadata. Its captured candidate commit, Git object format, clean-worktree state, capture timestamp, artifact snapshot, evidence path, work-order coverage, and verification-contract coverage remain unchanged by this transition.

03c1b000a1f0f7bce81a631a27423fa2672e941e blob 1471
+++
id = "VREC-RLO-004"
type = "verification_record"
title = "Verification candidate for WO-RLO-004"
status = "verified"
owners = ["quality-owner"]
created = "2026-08-24"
updated = "2026-08-24"
commit = "e7e4052943d695f9d24006018e6db06e97f3c26d"
git_object_format = "sha1"
worktree_state = "clean"
prepared_at = "2026-08-24T12:59:25Z"
prepared_by = "quality-owner"
artifact_snapshot_sha256 = "f8d30bc0787b9cac355bb270d4972fa59a6abcd43385b1709d804257896a781c"
evidence_paths = ["docs/engineering/release-orchestration/evidence/WO-RLO-004-verification.md"]
evaluator_evidence_path = "docs/engineering/release-orchestration/evidence/VREC-RLO-004-evaluator.json"
evaluator_evidence_sha256 = "fcfc14471cc373fce07ece222f6c03b2152dad2cf4cd5ae6e04cf147c4171962"

verified_at = "2026-08-24T12:59:56Z"
verified_by = "assurance-owner"
[relations]
verifies_work_order = ["WO-RLO-004"]
conforms_to = ["VER-RLO-004"]

[[lifecycle_events]]
from = "ready"
to = "verified"
decided_at = "2026-08-24T12:59:56Z"
decided_by = "assurance-owner"
+++

# Verification Record Candidate

This ready record binds retained evidence for `WO-RLO-004` to candidate commit `e7e4052943d695f9d24006018e6db06e97f3c26d`. An accountable assurance owner must review the evidence and transition the record to `verified`; this command did not approve, commit, tag, release, or publish anything.

The record is intentionally created after the candidate commit it names, avoiding self-referential commit metadata.

2b73a1bf72e99a351aafefd0d6c5dc64aec6f243 blob 10134
+++
id = "VREC-RLO-005"
type = "verification_record"
title = "Verification candidate for WO-RLO-005"
status = "verified"
owners = ["quality-owner"]
created = "2026-08-25"
updated = "2026-08-25"
commit = "cb0bce500bac128664add986300aaa41d053bd3e"
git_object_format = "sha1"
worktree_state = "clean"
prepared_at = "2026-08-25T06:27:58Z"
prepared_by = "quality-owner"
artifact_snapshot_sha256 = "a8d84aecf65f77788583aab9500c774c0cb492902be384d66b905be5dde178fa"
evidence_paths = ["docs/engineering/release-orchestration/evidence/WO-RLO-005-verification.md"]
evaluator_evidence_path = "docs/engineering/release-orchestration/evidence/VREC-RLO-005-evaluator.json"
evaluator_evidence_sha256 = "fcfc14471cc373fce07ece222f6c03b2152dad2cf4cd5ae6e04cf147c4171962"

verified_at = "2026-08-25T07:28:02Z"
verified_by = "assurance-owner"
[relations]
verifies_work_order = ["WO-RLO-005"]
conforms_to = ["VER-RLO-005"]

[[lifecycle_events]]
from = "ready"
to = "verified"
decided_at = "2026-08-25T07:28:02Z"
decided_by = "assurance-owner"
reason = "The accountable assurance owner accepted the retained evidence for WO-RLO-005 on 2026-08-25 through the statement 'I accept both verification record'. Every bound field was re-measured immediately before this transition, because a verified record can no longer be corrected: pull request 138 merged as a true merge at 26541eeb, so candidate commit cb0bce500bac128664add986300aaa41d053bd3e survives on main and is an ancestor of this branch tip with a clean worktree; artifact_snapshot_sha256 re-derives to a8d84aecf65f77788583aab9500c774c0cb492902be384d66b905be5dde178fa in a fresh full clone detached at that commit with the matching directory basename se_harness-fix126-20260824-1518, over 831 artifacts, 0 errors, 50 maintenance warnings, where the governing 0.6.0 evaluator's doctor exits 0 with 87 PASS and 0 FAIL; the bound evidence blob is 15973 bytes at 9e8ba5c5 both at the candidate and the tip; and the evaluator packet matches its recorded raw digest fcfc1447 over 873 CR-free bytes. Every generated field was byte-identical to preparation. Acceptance covers the evidence as recorded, including its twelve disclosures: the rehearsal is derived evidence granting no permission; five orchestrator jobs are excluded by construction, so the credential-bearing publication path is unrehearsed by design; two mechanics are excluded in every run, so neither the predecessor-view qualification nor the build replay is proven; the divergence check reads one orchestrator and release-candidate-replay.yml is outside it; no Linux figure is local and none runs CPython 3.11; the in-tree doctor's 28 FAIL are inherited boundary skew with a FAIL set identical to the control's; and the detailed hosted figures come from run 32775622117 at head ec3fbf1, one commit behind. That disclosure is conservative, not wrong: re-checked now, run 32817071477 at head cb0bce5 reports success on the divergence job and both runner legs. It authorizes no merge, tag, release, publication or deployment."
+++

# Verification Record

This verified record binds retained evidence for `WO-RLO-005` to candidate commit
`cb0bce500bac128664add986300aaa41d053bd3e`. The assurance owner accepted that evidence at
`2026-08-25T07:28:02Z`. Verification did not change the work order or authorize a merge,
release, publication, or deployment.

The record was intentionally created after the candidate commit it names, avoiding
self-referential commit metadata.

The repository owner authorized preparation on 2026-08-25 with the statement `you can set
WO-RLO-005 and WO-HBI-004 as implemented, and prepare the verification record(s)`.
`WO-RLO-005` was already `implemented`, so no lifecycle transition was needed and none was
made. Every provenance field above was produced by the released `0.6.0` evaluator's
`capture-verification` run from outside the checkout, at commit
`cb0bce500bac128664add986300aaa41d053bd3e` with a clean worktree.

## The decision, and what was re-measured to take it

The accountable assurance owner accepted both prepared records on 2026-08-25 through the
statement `I accept both verification record`. The lifecycle event above carries that
decision for this one, and the transition was applied by the released `0.6.0` evaluator's
`transition --apply` rather than by editing the frontmatter.

Every bound field was re-measured immediately before the transition, because a verified
record can no longer be corrected and this was the last commit in which any of its figures
could have been fixed. Pull request #138 merged as a true merge at
`26541eebe73b54d5f5c5fd48e61668e5d725a3b0`, so the candidate commit survives on `main` and
is an ancestor of this branch tip; the worktree was clean. `artifact_snapshot_sha256`
re-derives to `a8d84aecf65f77788583aab9500c774c0cb492902be384d66b905be5dde178fa` in a fresh
full clone detached at that commit with the matching directory basename
`se_harness-fix126-20260824-1518`, over 831 artifacts with 0 errors and 50 maintenance
warnings, where the governing `0.6.0` evaluator's `doctor` exits 0 with 87 `PASS` and 0
`FAIL`; the bound evidence blob is 15973 bytes at
`9e8ba5c5d4b1ac8deba8d4f8abeb7335e933649c` both at the candidate and at the tip; and the
evaluator packet matches its recorded raw digest over 873 CR-free bytes. Re-running
`capture-verification` in that clone reproduced every generated field byte-identically;
only `prepared_at`, a timestamp, differed.

One disclosure was re-checked and found conservative rather than wrong. The bound evidence
presents its detailed hosted figures from run 32775622117 at head `ec3fbf1`, one commit
behind the candidate. Re-checked at decision time, the rehearsal run at the bound candidate
itself — [32817071477](https://github.com/mmzen/se_harness/actions/runs/32817071477) at head
`cb0bce5` — reports `success` on the divergence job and on both the `ubuntu-latest` and
`windows-2022` legs. That fact is recorded here rather than added to the bound evidence,
because editing the evidence would rebuild the candidate and invalidate every provenance
field above.

Acceptance covers the evidence as recorded, including every disclosure in the section below.
It authorizes no merge, tag, release, publication or deployment. Merging the pull request
that carries this transition is a separate owner act.

## What the candidate evidence covers

`WO-RLO-005` adds a repository-owned, credential-free rehearsal of the publication
mechanics that runs on both hosted runner types, and a fail-closed check that the rehearsal
has not drifted from the publication orchestrator. `.github/workflows/publish-pypi.yml` is
not modified by the packet: it is blob `902bb1978181b74918ad57370f77317e15c7bde3` at the
candidate, and the digest pinned in `tests/test_publication_rehearsal.py` is
`2d3c3b775946d7667d9a175b0bb85446ff90db029d021e155a9b12105ff1f51e` over 38213 bytes.

The lane exists because release qualification failed on `windows-2022` in a way no required
gate caught. It has now measured three distinct conditions of that kind at integration time,
and the two that survived to this candidate's predecessor were fixed under `WO-HBI-003` and
`WO-HBI-004`, on their own branches and under their own authorization, rather than absorbed
here.

Measured for this candidate:

- Local, in a `core.autocrlf=true` checkout at `7918a1b`, which the later commits change by
  prose only: full suite 932 tests, OK, 22 skipped, against 811 tests OK in a control at
  plain `main`; `check-divergence` `EXACT` at exit 0; governing validator PASS at 830
  artifacts, 0 errors and 50 maintenance warnings, matched by the candidate validator;
  governing `preflight --phase review` PASS; governing `doctor` exit 0 over 87 checks with 0
  `FAIL`; `validate_release_distributions.py` PASS.
- Hosted, on both runner types, twice: runs
  [32775622117](https://github.com/mmzen/se_harness/actions/runs/32775622117) and
  [32776424455](https://github.com/mmzen/se_harness/actions/runs/32776424455). In each, the
  divergence job reports `EXACT` and both the `ubuntu-latest` and the `windows-2022` leg
  report `REHEARSED` with 21 mechanics executed, 2 excluded, a candidate unit suite that
  passed at 932 tests, byte-identical distribution sets, and a real teardown.

## Assurance-relevant limits of the candidate

The bound evidence file states twelve disclosures. The ones that bear directly on an
assurance decision:

- The rehearsal is derived evidence. It takes no lifecycle transition and grants no
  permission.
- Five orchestrator jobs are excluded by construction and are never rehearsed:
  `github_release`, `observe`, `pages_build`, `pages_deploy` and `pypi`. The
  credential-bearing publication path is therefore unrehearsed by design.
- Two mechanics are excluded on every platform in every run — the predecessor-view
  qualification and the recipe-bound build replay — so neither is proven by this candidate.
  `RLS-SEH-012` declares distribution schema 1.
- The divergence check reads one orchestrator. `.github/workflows/release-candidate-replay.yml`
  is outside it.
- No Linux figure is local, and no local figure comes from CPython 3.11; the hosted legs
  report 10 skips where this workstation reports 22.
- The in-tree `doctor` reports 28 `FAIL` with a `FAIL` set identical to the control's at
  plain `main`, so that skew is inherited boundary state; the governing run has none.
- The detailed hosted figures in the bound evidence come from the run at head `ec3fbf1`,
  one commit behind this candidate; the tip's own run is recorded beside it rather than
  presented as the same run.

## Scope of the decision that was taken

Verifying this record accepted the retained evidence as recorded, including every disclosure
above. It does not approve a merge, a tag, a release, a publication, a deployment, a
protected-environment approval, an orchestrator dispatch, a promotable distribution build, a
credential use, or a governor adoption, and it did not change `WO-RLO-005`. The rehearsal it
accepts remains derived evidence: it stands in for the credential-bearing publication path
and does not authorize it.

cf28c576db40051031f905118a04dc9a9076a0ec blob 3457
+++
id = "VREC-RLO-006"
type = "verification_record"
title = "Verification candidate for WO-RLO-006"
status = "verified"
owners = ["quality-owner"]
created = "2026-08-25"
updated = "2026-08-26"
commit = "c8b3693f896822e029afcdf85c0c7cad25bf5282"
git_object_format = "sha1"
worktree_state = "clean"
prepared_at = "2026-08-25T21:59:19Z"
prepared_by = "quality-owner"
artifact_snapshot_sha256 = "6240d2b8371d33578fba9b939be7c754a805942534c8658dc1a27b3b87a8f69b"
evidence_paths = ["docs/engineering/release-orchestration/evidence/WO-RLO-006-verification.md"]
evaluator_evidence_path = "docs/engineering/release-orchestration/evidence/VREC-RLO-006-evaluator.json"
evaluator_evidence_sha256 = "fcfc14471cc373fce07ece222f6c03b2152dad2cf4cd5ae6e04cf147c4171962"

verified_at = "2026-08-26T08:06:11Z"
verified_by = "assurance-owner"
[relations]
verifies_work_order = ["WO-RLO-006"]
conforms_to = ["VER-RLO-005"]

[[lifecycle_events]]
from = "ready"
to = "verified"
decided_at = "2026-08-26T08:06:11Z"
decided_by = "assurance-owner"
reason = "Assurance owner decision of 2026-08-26 under DR-VREC-DECIDE: I verify VREC-RLO-006. Its own fields were re-measured immediately before this transition, because a verified record can never afterwards be corrected: candidate c8b3693f896822e029afcdf85c0c7cad25bf5282 exists as a commit object and is an ancestor of main at c189b58, object format sha1, and the bound evidence docs/engineering/release-orchestration/evidence/WO-RLO-006-verification.md is tracked at that candidate. The evaluator sidecar at fcfc14471cc373fce07ece222f6c03b2152dad2cf4cd5ae6e04cf147c4171962 is tracked at main in the record's own commit above the candidate, the ordinary shape for a record created after its candidate. WO-RLO-006 is implemented and VER-RLO-005 is approved. All twelve disclosures in section 9 of the retained evidence are accepted as written, unsoftened. The load-bearing ones: the record binds a fresh commit off main rather than ceab133, which cannot be bound because the evidence is not tracked there, so this pull request must be merged as a true merge and the behaviour is tied to blob 9e168266 through a stated four-commit chain; the hosted Windows leg no longer distinguishes the two junction routes, and the dispatch that would settle which primitive the runner offers is an owner decision not taken; the root refusal is single-routed, so a runtime the predicate cannot classify reopens the data-loss path; the added tests fail structurally rather than behaviourally against the unrepaired program; the classifier is duplicated from interpreter_safety rather than shared, a second instance of the deferral ADR-RLO-005 records; two mechanics are excluded on every platform and neither is proven here; five orchestrator jobs including the whole credential-bearing publication path are never rehearsed; and no Linux figure is local. A green rehearsal does not prove publication succeeds. This covers VREC-RLO-006 only and authorizes no release, tag, publication or deployment."
+++

# Verification Record Candidate

This ready record binds retained evidence for `WO-RLO-006` to candidate commit `c8b3693f896822e029afcdf85c0c7cad25bf5282`. An accountable assurance owner must review the evidence and transition the record to `verified`; this command did not approve, commit, tag, release, or publish anything.

The record is intentionally created after the candidate commit it names, avoiding self-referential commit metadata.

0128456d3bce10dca5eb0bcdf3ff5af04d1c6ecc blob 2132
+++
id = "VREC-RLO-007"
type = "verification_record"
title = "Verification candidate for WO-RLO-007"
status = "verified"
owners = ["engineering-owner"]
created = "2026-08-26"
updated = "2026-08-26"
commit = "91db950bff2f85c4a8de3fcea76c0d338e5cb70e"
git_object_format = "sha1"
worktree_state = "clean"
prepared_at = "2026-08-26T17:56:58Z"
prepared_by = "engineering-owner"
artifact_snapshot_sha256 = "3c71dcfbbdebcb427c709bd70e11eee78499a973399dba5cdd76a443d4186f03"
evidence_paths = ["docs/engineering/release-orchestration/evidence/WO-RLO-007/WO-RLO-007-verification.md"]
evaluator_evidence_path = "docs/engineering/release-orchestration/evidence/VREC-RLO-007-evaluator.json"
evaluator_evidence_sha256 = "fcfc14471cc373fce07ece222f6c03b2152dad2cf4cd5ae6e04cf147c4171962"

verified_at = "2026-08-26T17:58:17Z"
verified_by = "assurance-owner"
[relations]
verifies_work_order = ["WO-RLO-007"]
conforms_to = ["VER-RLO-004"]

[[lifecycle_events]]
from = "ready"
to = "verified"
decided_at = "2026-08-26T17:58:17Z"
decided_by = "assurance-owner"
reason = "Assurance owner accepted the retained evidence on 2026-08-26 with 'I verify VREC-RLO-007', after accepting interactively the five recorded deviations: chown inside the pinned image (1); Windows not measured, the hand-back being a no-op off POSIX (2); release-candidate-replay.yml not re-run for want of a ready record (3); two failed hosted attempts before the successful one, on test coverage and on reading root-owned outputs (4, 5). Hosted reading: run 32995876112 on pull request #174 completed the first recipe replay in the repository's history on a hosted runner, state exact, both builds byte-identical; every check green."
+++

# Verification Record Candidate

This ready record binds retained evidence for `WO-RLO-007` to candidate commit `91db950bff2f85c4a8de3fcea76c0d338e5cb70e`. An accountable assurance owner must review the evidence and transition the record to `verified`; this command did not approve, commit, tag, release, or publish anything.

The record is intentionally created after the candidate commit it names, avoiding self-referential commit metadata.

b2ef0137e36760b1160e9573e97e97b41b893dba blob 3410
+++
id = "VREC-RLO-008"
type = "verification_record"
title = "Verification candidate for WO-RLO-008"
status = "verified"
owners = ["quality-owner"]
created = "2026-08-27"
updated = "2026-08-27"
commit = "0dfdc648521799ba8499687a9611120bcfeb44ac"
git_object_format = "sha1"
worktree_state = "clean"
prepared_at = "2026-08-27T17:05:05Z"
prepared_by = "quality-owner"
artifact_snapshot_sha256 = "f67b5cbf990b82d2fd8ecd472163e0459f0bea462c87fb17b770e2381ee5cd1c"
evidence_paths = ["docs/engineering/release-orchestration/evidence/WO-RLO-008/WO-RLO-008-verification.md"]
evaluator_evidence_path = "docs/engineering/release-orchestration/evidence/VREC-RLO-008-evaluator.json"
evaluator_evidence_sha256 = "fcfc14471cc373fce07ece222f6c03b2152dad2cf4cd5ae6e04cf147c4171962"

verified_at = "2026-08-27T17:35:55Z"
verified_by = "assurance-owner"
[relations]
verifies_work_order = ["WO-RLO-008"]
conforms_to = ["VER-RLO-004"]

[[lifecycle_events]]
from = "ready"
to = "verified"
decided_at = "2026-08-27T17:35:55Z"
decided_by = "assurance-owner"
reason = "Assurance owner decision 2026-08-27 under DR-VREC-DECIDE: I verify VREC-RLO-008. Its own fields were re-measured immediately before this transition, because a verified record can never afterwards be corrected: candidate 0dfdc648521799ba8499687a9611120bcfeb44ac exists as a commit object, object format sha1, pushed to origin and an ancestor of pull request #202's head 2623635, and not an ancestor of main; the bound evidence is tracked at that candidate as blob b9a9d7f5e482566db2c3556a39411dbc42862dba; the evaluator sidecar fcfc1447 is absent at the candidate and tracked in the record's own commit above it, the ordinary shape. WO-RLO-008 is implemented and VER-RLO-004 is approved. artifact_snapshot_sha256 f67b5cbf is a capture-time dashboard-manifest figure that HEAD, checkout basename and clone depth all move, so it is not re-asserted from another checkout. All five recorded deviations are accepted as written, unsoftened, including deviation 3, the absence of any POSIX or hosted reading at retention. Since retention that gap is substantially closed and the record cannot be edited, so it is recorded here: pull request #202's rehearsal supplied this producer code from merged tree 6e2ed4a2 and replayed RLS-SEH-016's bound candidate 58efcaa on ubuntu-latest, reaching state exact with both builds at the record's bound wheel ddd403cd and sdist e687c43f and the rebuilt bundle verified against the record, so an already bound record still replays to its bound bytes on a POSIX host with this change. Two limits on that reading: it is not the RLS-SEH-015 that VER-RLO-004's row names, and the candidate lane's expected hashes are null so it proves only self-agreement. All fourteen checks pass. This covers VREC-RLO-008 only and authorizes no release, tag, publication or deployment. The pull request must be merged as a true merge; a rebase or squash orphans the bound candidate and this record with it."
+++

# Verification Record Candidate

This ready record binds retained evidence for `WO-RLO-008` to candidate commit `0dfdc648521799ba8499687a9611120bcfeb44ac`. An accountable assurance owner must review the evidence and transition the record to `verified`; this command did not approve, commit, tag, release, or publish anything.

The record is intentionally created after the candidate commit it names, avoiding self-referential commit metadata.

231dff48673db7e5ed0089db17c0d7f29984a7ef blob 873
{"diagnostics":[],"environment":{"checkout_excluded":true,"entry_point_resolved":true,"isolated_python":true,"pythonpath_present":false,"user_site_enabled":false},"evaluator":{"archive_name":"se_harness-0.6.0-py3-none-any.whl","archive_sha256":"2a952eb6ff4ea137d0904c3c9a6f19c88482bfbaa18a9766e5ad4d4a6fef62f7","payload_manifest":"se-harness-installed-payload-v1","payload_sha256":"c233678548fe742b7a7a5a8bd65de10156ff233edc65b68e2ed0333fbe4dea42","version":"0.6.0"},"origins":{"distribution":"<evaluator-root>/Lib/site-packages","entry_point":"<evaluator-root>/Scripts/harnessctl.exe","module":"<evaluator-root>/Lib/site-packages/se_harness/runtime_identity.py","python_executable":"<evaluator-root>/Scripts/python.exe","templates":"<evaluator-root>/share/se-harness/templates/repository/standard"},"role":"released-evaluator","schema":"se-harness-evaluator-evidence-v1"}

231dff48673db7e5ed0089db17c0d7f29984a7ef blob 873
{"diagnostics":[],"environment":{"checkout_excluded":true,"entry_point_resolved":true,"isolated_python":true,"pythonpath_present":false,"user_site_enabled":false},"evaluator":{"archive_name":"se_harness-0.6.0-py3-none-any.whl","archive_sha256":"2a952eb6ff4ea137d0904c3c9a6f19c88482bfbaa18a9766e5ad4d4a6fef62f7","payload_manifest":"se-harness-installed-payload-v1","payload_sha256":"c233678548fe742b7a7a5a8bd65de10156ff233edc65b68e2ed0333fbe4dea42","version":"0.6.0"},"origins":{"distribution":"<evaluator-root>/Lib/site-packages","entry_point":"<evaluator-root>/Scripts/harnessctl.exe","module":"<evaluator-root>/Lib/site-packages/se_harness/runtime_identity.py","python_executable":"<evaluator-root>/Scripts/python.exe","templates":"<evaluator-root>/share/se-harness/templates/repository/standard"},"role":"released-evaluator","schema":"se-harness-evaluator-evidence-v1"}

231dff48673db7e5ed0089db17c0d7f29984a7ef blob 873
{"diagnostics":[],"environment":{"checkout_excluded":true,"entry_point_resolved":true,"isolated_python":true,"pythonpath_present":false,"user_site_enabled":false},"evaluator":{"archive_name":"se_harness-0.6.0-py3-none-any.whl","archive_sha256":"2a952eb6ff4ea137d0904c3c9a6f19c88482bfbaa18a9766e5ad4d4a6fef62f7","payload_manifest":"se-harness-installed-payload-v1","payload_sha256":"c233678548fe742b7a7a5a8bd65de10156ff233edc65b68e2ed0333fbe4dea42","version":"0.6.0"},"origins":{"distribution":"<evaluator-root>/Lib/site-packages","entry_point":"<evaluator-root>/Scripts/harnessctl.exe","module":"<evaluator-root>/Lib/site-packages/se_harness/runtime_identity.py","python_executable":"<evaluator-root>/Scripts/python.exe","templates":"<evaluator-root>/share/se-harness/templates/repository/standard"},"role":"released-evaluator","schema":"se-harness-evaluator-evidence-v1"}

231dff48673db7e5ed0089db17c0d7f29984a7ef blob 873
{"diagnostics":[],"environment":{"checkout_excluded":true,"entry_point_resolved":true,"isolated_python":true,"pythonpath_present":false,"user_site_enabled":false},"evaluator":{"archive_name":"se_harness-0.6.0-py3-none-any.whl","archive_sha256":"2a952eb6ff4ea137d0904c3c9a6f19c88482bfbaa18a9766e5ad4d4a6fef62f7","payload_manifest":"se-harness-installed-payload-v1","payload_sha256":"c233678548fe742b7a7a5a8bd65de10156ff233edc65b68e2ed0333fbe4dea42","version":"0.6.0"},"origins":{"distribution":"<evaluator-root>/Lib/site-packages","entry_point":"<evaluator-root>/Scripts/harnessctl.exe","module":"<evaluator-root>/Lib/site-packages/se_harness/runtime_identity.py","python_executable":"<evaluator-root>/Scripts/python.exe","templates":"<evaluator-root>/share/se-harness/templates/repository/standard"},"role":"released-evaluator","schema":"se-harness-evaluator-evidence-v1"}

231dff48673db7e5ed0089db17c0d7f29984a7ef blob 873
{"diagnostics":[],"environment":{"checkout_excluded":true,"entry_point_resolved":true,"isolated_python":true,"pythonpath_present":false,"user_site_enabled":false},"evaluator":{"archive_name":"se_harness-0.6.0-py3-none-any.whl","archive_sha256":"2a952eb6ff4ea137d0904c3c9a6f19c88482bfbaa18a9766e5ad4d4a6fef62f7","payload_manifest":"se-harness-installed-payload-v1","payload_sha256":"c233678548fe742b7a7a5a8bd65de10156ff233edc65b68e2ed0333fbe4dea42","version":"0.6.0"},"origins":{"distribution":"<evaluator-root>/Lib/site-packages","entry_point":"<evaluator-root>/Scripts/harnessctl.exe","module":"<evaluator-root>/Lib/site-packages/se_harness/runtime_identity.py","python_executable":"<evaluator-root>/Scripts/python.exe","templates":"<evaluator-root>/share/se-harness/templates/repository/standard"},"role":"released-evaluator","schema":"se-harness-evaluator-evidence-v1"}

231dff48673db7e5ed0089db17c0d7f29984a7ef blob 873
{"diagnostics":[],"environment":{"checkout_excluded":true,"entry_point_resolved":true,"isolated_python":true,"pythonpath_present":false,"user_site_enabled":false},"evaluator":{"archive_name":"se_harness-0.6.0-py3-none-any.whl","archive_sha256":"2a952eb6ff4ea137d0904c3c9a6f19c88482bfbaa18a9766e5ad4d4a6fef62f7","payload_manifest":"se-harness-installed-payload-v1","payload_sha256":"c233678548fe742b7a7a5a8bd65de10156ff233edc65b68e2ed0333fbe4dea42","version":"0.6.0"},"origins":{"distribution":"<evaluator-root>/Lib/site-packages","entry_point":"<evaluator-root>/Scripts/harnessctl.exe","module":"<evaluator-root>/Lib/site-packages/se_harness/runtime_identity.py","python_executable":"<evaluator-root>/Scripts/python.exe","templates":"<evaluator-root>/share/se-harness/templates/repository/standard"},"role":"released-evaluator","schema":"se-harness-evaluator-evidence-v1"}

231dff48673db7e5ed0089db17c0d7f29984a7ef blob 873
{"diagnostics":[],"environment":{"checkout_excluded":true,"entry_point_resolved":true,"isolated_python":true,"pythonpath_present":false,"user_site_enabled":false},"evaluator":{"archive_name":"se_harness-0.6.0-py3-none-any.whl","archive_sha256":"2a952eb6ff4ea137d0904c3c9a6f19c88482bfbaa18a9766e5ad4d4a6fef62f7","payload_manifest":"se-harness-installed-payload-v1","payload_sha256":"c233678548fe742b7a7a5a8bd65de10156ff233edc65b68e2ed0333fbe4dea42","version":"0.6.0"},"origins":{"distribution":"<evaluator-root>/Lib/site-packages","entry_point":"<evaluator-root>/Scripts/harnessctl.exe","module":"<evaluator-root>/Lib/site-packages/se_harness/runtime_identity.py","python_executable":"<evaluator-root>/Scripts/python.exe","templates":"<evaluator-root>/share/se-harness/templates/repository/standard"},"role":"released-evaluator","schema":"se-harness-evaluator-evidence-v1"}

231dff48673db7e5ed0089db17c0d7f29984a7ef blob 873
{"diagnostics":[],"environment":{"checkout_excluded":true,"entry_point_resolved":true,"isolated_python":true,"pythonpath_present":false,"user_site_enabled":false},"evaluator":{"archive_name":"se_harness-0.6.0-py3-none-any.whl","archive_sha256":"2a952eb6ff4ea137d0904c3c9a6f19c88482bfbaa18a9766e5ad4d4a6fef62f7","payload_manifest":"se-harness-installed-payload-v1","payload_sha256":"c233678548fe742b7a7a5a8bd65de10156ff233edc65b68e2ed0333fbe4dea42","version":"0.6.0"},"origins":{"distribution":"<evaluator-root>/Lib/site-packages","entry_point":"<evaluator-root>/Scripts/harnessctl.exe","module":"<evaluator-root>/Lib/site-packages/se_harness/runtime_identity.py","python_executable":"<evaluator-root>/Scripts/python.exe","templates":"<evaluator-root>/share/se-harness/templates/repository/standard"},"role":"released-evaluator","schema":"se-harness-evaluator-evidence-v1"}

231dff48673db7e5ed0089db17c0d7f29984a7ef blob 873
{"diagnostics":[],"environment":{"checkout_excluded":true,"entry_point_resolved":true,"isolated_python":true,"pythonpath_present":false,"user_site_enabled":false},"evaluator":{"archive_name":"se_harness-0.6.0-py3-none-any.whl","archive_sha256":"2a952eb6ff4ea137d0904c3c9a6f19c88482bfbaa18a9766e5ad4d4a6fef62f7","payload_manifest":"se-harness-installed-payload-v1","payload_sha256":"c233678548fe742b7a7a5a8bd65de10156ff233edc65b68e2ed0333fbe4dea42","version":"0.6.0"},"origins":{"distribution":"<evaluator-root>/Lib/site-packages","entry_point":"<evaluator-root>/Scripts/harnessctl.exe","module":"<evaluator-root>/Lib/site-packages/se_harness/runtime_identity.py","python_executable":"<evaluator-root>/Scripts/python.exe","templates":"<evaluator-root>/share/se-harness/templates/repository/standard"},"role":"released-evaluator","schema":"se-harness-evaluator-evidence-v1"}

d8b68e9f998f6b6661d6118b23654077a2cd6fbb blob 780
{"diagnostics":[],"environment":{"checkout_excluded":true,"entry_point_resolved":true,"isolated_python":true,"pythonpath_present":false,"user_site_enabled":false},"evaluator":{"archive_name":null,"archive_sha256":null,"payload_manifest":"se-harness-installed-payload-v1","payload_sha256":"995ee973b2959af3bcbf7f7cc4388f079ad033e7c68509e71feb142b0691451f","version":"0.7.1"},"origins":{"distribution":"<evaluator-root>/Lib/site-packages","entry_point":"<evaluator-root>/Scripts/harnessctl.exe","module":"<evaluator-root>/Lib/site-packages/se_harness/runtime_identity.py","python_executable":"<evaluator-root>/Scripts/python.exe","templates":"<evaluator-root>/share/se-harness/templates/repository/standard"},"role":"released-evaluator","schema":"se-harness-evaluator-evidence-v1"}

d8b68e9f998f6b6661d6118b23654077a2cd6fbb blob 780
{"diagnostics":[],"environment":{"checkout_excluded":true,"entry_point_resolved":true,"isolated_python":true,"pythonpath_present":false,"user_site_enabled":false},"evaluator":{"archive_name":null,"archive_sha256":null,"payload_manifest":"se-harness-installed-payload-v1","payload_sha256":"995ee973b2959af3bcbf7f7cc4388f079ad033e7c68509e71feb142b0691451f","version":"0.7.1"},"origins":{"distribution":"<evaluator-root>/Lib/site-packages","entry_point":"<evaluator-root>/Scripts/harnessctl.exe","module":"<evaluator-root>/Lib/site-packages/se_harness/runtime_identity.py","python_executable":"<evaluator-root>/Scripts/python.exe","templates":"<evaluator-root>/share/se-harness/templates/repository/standard"},"role":"released-evaluator","schema":"se-harness-evaluator-evidence-v1"}

645c169348430bf698c7c3992f3a58fb7988fb28 blob 879
{"diagnostics":[],"environment":{"checkout_excluded":true,"entry_point_resolved":true,"isolated_python":true,"pythonpath_present":false,"user_site_enabled":false},"evaluator":{"archive_name":"se_harness-0.8.0-py3-none-any.whl","archive_sha256":"e08aab8a96c156f9e5edf99b9a28aad96c7cffe5b18c262a2598a6b6873fadeb","payload_manifest":"se-harness-installed-payload-v1","payload_sha256":"ea75cc53a518cfe0f027336f1a9aabfa301175a00410091f6c2f4b50ccd92eb5","version":"0.8.0"},"origins":{"distribution":"<evaluator-root>/lib/python3.12/site-packages","entry_point":"<evaluator-root>/bin/harnessctl","module":"<evaluator-root>/lib/python3.12/site-packages/se_harness/runtime_identity.py","python_executable":"<evaluator-root>/bin/python","templates":"<evaluator-root>/share/se-harness/templates/repository/standard"},"role":"released-evaluator","schema":"se-harness-evaluator-evidence-v1"}

869e42a451b218f67d8799007eea729b8d5332a6 blob 875
{"diagnostics":[],"environment":{"checkout_excluded":true,"entry_point_resolved":true,"isolated_python":true,"pythonpath_present":false,"user_site_enabled":false},"evaluator":{"archive_name":"se_harness-0.11.0-py3-none-any.whl","archive_sha256":"ba26ab7be14321cdc26b69d59e2b894d544c3e7b529227de1f24ad9cd8f935c0","payload_manifest":"se-harness-installed-payload-v1","payload_sha256":"71b4b5b694111a42785328f4b742f40e5654d7d4c67d88b9939a6c80213dd016","version":"0.11.0"},"origins":{"distribution":"<evaluator-root>/Lib/site-packages","entry_point":"<evaluator-root>/Scripts/harnessctl.exe","module":"<evaluator-root>/Lib/site-packages/se_harness/runtime_identity.py","python_executable":"<evaluator-root>/Scripts/python.exe","templates":"<evaluator-root>/share/se-harness/templates/repository/standard"},"role":"released-evaluator","schema":"se-harness-evaluator-evidence-v1"}

798caa1237ca41f3b0a70f84ee7d881e18d31975 blob 1453
+++
id = "VREC-REB-001"
type = "verification_record"
title = "Verification candidate for WO-REB-001"
status = "verified"
owners = ["quality-owner"]
created = "2026-08-21"
updated = "2026-08-21"
commit = "5ef3970a0b50b526b11c006c332dd6cb85c12edd"
git_object_format = "sha1"
worktree_state = "clean"
verified_at = "2026-08-21T09:31:26Z"
artifact_snapshot_sha256 = "3b45103abace292421a093cb379d4ba014570d5e08f946ee92ee51478970fb91"
evidence_paths = ["docs/engineering/released-evaluator-boundary/evidence/WO-REB-001-implementation.md"]

[relations]
verifies_work_order = ["WO-REB-001"]
conforms_to = ["VER-REB-001"]
+++

# Verification Record Candidate

This ready record binds retained evidence for `WO-REB-001` to candidate commit `5ef3970a0b50b526b11c006c332dd6cb85c12edd`. An accountable assurance owner must review the evidence and transition the record to `verified`; this command did not approve, commit, tag, release, or publish anything.

The record is intentionally created after the candidate commit it names, avoiding self-referential commit metadata.

On 2026-08-21, the accountable assurance owner explicitly instructed `i approve VREC-REB-001, VREC-REB-002, and VREC-REB-003`. That human assurance decision transitioned this record from `ready` to `verified`; automation did not grant the authority. The captured commit, timestamp, artifact snapshot, evidence paths, work-order coverage, and verification-contract coverage remain unchanged.

10942ea5708523bd591a6e55a37b8f38005ff7c3 blob 1453
+++
id = "VREC-REB-002"
type = "verification_record"
title = "Verification candidate for WO-REB-002"
status = "verified"
owners = ["quality-owner"]
created = "2026-08-21"
updated = "2026-08-21"
commit = "158f3f6c533b9bf89c472e530f573cee6b1d4133"
git_object_format = "sha1"
worktree_state = "clean"
verified_at = "2026-08-21T09:34:55Z"
artifact_snapshot_sha256 = "fa1665491949adbb92b9bd2a3c3bfbbd8178d8f5c0a1bced73202ba0d8584e75"
evidence_paths = ["docs/engineering/released-evaluator-boundary/evidence/WO-REB-002-implementation.md"]

[relations]
verifies_work_order = ["WO-REB-002"]
conforms_to = ["VER-REB-001"]
+++

# Verification Record Candidate

This ready record binds retained evidence for `WO-REB-002` to candidate commit `158f3f6c533b9bf89c472e530f573cee6b1d4133`. An accountable assurance owner must review the evidence and transition the record to `verified`; this command did not approve, commit, tag, release, or publish anything.

The record is intentionally created after the candidate commit it names, avoiding self-referential commit metadata.

On 2026-08-21, the accountable assurance owner explicitly instructed `i approve VREC-REB-001, VREC-REB-002, and VREC-REB-003`. That human assurance decision transitioned this record from `ready` to `verified`; automation did not grant the authority. The captured commit, timestamp, artifact snapshot, evidence paths, work-order coverage, and verification-contract coverage remain unchanged.

1f49998497fbd4357fa08667ce86c693bc9a958f blob 1451
+++
id = "VREC-REB-003"
type = "verification_record"
title = "Verification candidate for WO-REB-003"
status = "verified"
owners = ["quality-owner"]
created = "2026-08-21"
updated = "2026-08-21"
commit = "2d3b9ed9d4ade7733c51b2b4c9a5c583482c4654"
git_object_format = "sha1"
worktree_state = "clean"
verified_at = "2026-08-21T12:15:41Z"
artifact_snapshot_sha256 = "cd33ad22e1aa56593078608781934a453edc6aae46a1124b83932e474375ce2e"
evidence_paths = ["docs/engineering/released-evaluator-boundary/evidence/WO-REB-003-verification.md"]

[relations]
verifies_work_order = ["WO-REB-003"]
conforms_to = ["VER-REB-001"]
+++

# Verification Record Candidate

This ready record binds retained evidence for `WO-REB-003` to candidate commit `2d3b9ed9d4ade7733c51b2b4c9a5c583482c4654`. An accountable assurance owner must review the evidence and transition the record to `verified`; this command did not approve, commit, tag, release, or publish anything.

The record is intentionally created after the candidate commit it names, avoiding self-referential commit metadata.

On 2026-08-21, the accountable assurance owner explicitly instructed `i approve VREC-REB-001, VREC-REB-002, and VREC-REB-003`. That human assurance decision transitioned this record from `ready` to `verified`; automation did not grant the authority. The captured commit, timestamp, artifact snapshot, evidence paths, work-order coverage, and verification-contract coverage remain unchanged.

92a4cb52eaeaa55026c97e47b55ae9f59ed9b7c0 blob 3063
+++
id = "VREC-REB-004"
type = "verification_record"
title = "Verification candidate for WO-REB-008"
status = "verified"
owners = ["quality-owner"]
created = "2026-08-22"
updated = "2026-08-22"
commit = "feba2d420ad84a63919bb83d22650fb2636d9bba"
git_object_format = "sha1"
worktree_state = "clean"
verified_at = "2026-08-22T19:46:30Z"
artifact_snapshot_sha256 = "daed41c0e9ee348b2f69b27a193f9fce2675d5655044f88add9e958070420b36"
evidence_paths = ["docs/engineering/released-evaluator-boundary/evidence/WO-REB-008-publication-view.md"]
verified_by = "quality-owner"

[relations]
verifies_work_order = ["WO-REB-008"]
conforms_to = ["VER-REB-006"]

[[lifecycle_events]]
from = "ready"
to = "verified"
decided_at = "2026-08-22T19:47:27Z"
decided_by = "quality-owner"
+++

# Verification Record Candidate

This ready record binds retained evidence for `WO-REB-008` to candidate commit `feba2d420ad84a63919bb83d22650fb2636d9bba`. An accountable assurance owner must review the evidence and transition the record to `verified`; preparation did not approve, commit, tag, release, or publish anything.

The record is intentionally created after the candidate commit it names, avoiding self-referential commit metadata.

On 2026-08-22, the accountable assurance authority accepted the exact record under the owner's explicit authorization to finalize release 0.6.0. The decision followed review of the bound commit, retained evidence, complete and predecessor-compatible validation, exact local suite, successful hosted replacement lanes, expected-red legacy boundary, and preservation of release identity and bytes. Automation did not infer acceptance from test results.

## Predecessor-compatible capture

Exact released `se-harness==0.5.0` prepared this record in a clean detached sparse checkout at the bound commit. The deterministic compatibility view omitted only rejected `REL-SEH-008` and rejected `RLS-SEH-009`, whose Git blobs, raw SHA-256 hashes, byte counts, statuses, and canonical sparse-spec hash are retained in the selected evidence. Released-0.5 `doctor` passed and validation reported 651 artifacts, zero errors, and 49 maintenance warnings. Complete current validation remains separately retained at 653 artifacts, zero errors, and 50 warnings; this compatibility snapshot is not a claim that the rejected history is absent from the bound commit.

The capture timestamp appears in the historical `verified_at` field used by released 0.5 while the record status remains `ready`. It is a preparation observation only and grants no assurance authority.

## Qualification reviewed

The selected evidence binds the final implementation successor `397a7e5ac09109f8836de979157f15b0cf451e28`, its exact local 452-test qualification, successful hosted source/package and predecessor-publication-view lanes, the expected-red separately locked 0.5 managed lane, exact release/tag/distribution preservation, and the later `WO-REB-008` completion commit named by this record. No release payload, tag, rejected history, root evaluator, or distribution byte changed.

563cd9024a4a3a291e56b29ec24577cd36c1fe95 blob 2519
+++
id = "VREC-REB-005"
type = "verification_record"
title = "Verification candidate for WO-REB-009"
status = "verified"
owners = ["quality-owner"]
created = "2026-08-22"
updated = "2026-08-22"
commit = "9deb24f21e346c33204c715dad2dfef0c797c068"
git_object_format = "sha1"
worktree_state = "clean"
verified_at = "2026-08-22T20:01:43Z"
artifact_snapshot_sha256 = "fa284415a5cf30e43cf77ed2531f0f4eede04e22eaa87596298d46f0be7e8f9d"
evidence_paths = ["docs/engineering/released-evaluator-boundary/evidence/WO-REB-009-candidate-validator.md"]
verified_by = "quality-owner"

[relations]
verifies_work_order = ["WO-REB-009"]
conforms_to = ["VER-REB-006"]

[[lifecycle_events]]
from = "ready"
to = "verified"
decided_at = "2026-08-22T20:02:30Z"
decided_by = "quality-owner"
+++

# Verification Record Candidate

This ready record binds retained evidence for `WO-REB-009` to candidate commit `9deb24f21e346c33204c715dad2dfef0c797c068`. An accountable assurance owner must review the evidence and transition the record to `verified`; preparation did not approve, commit, tag, release, or publish anything.

The record is intentionally created after the candidate commit it names, avoiding self-referential commit metadata.

On 2026-08-22, the accountable assurance authority accepted this exact record under the owner's explicit authorization to finalize release 0.6.0. Review reconciled the bound commit and snapshot, exact failure, candidate/root semantic separation, complete and compatibility graphs, full isolated tests, release surfaces, and zero privileged mutation. Automation did not infer acceptance from test success.

## Capture and qualification

Exact released `se-harness==0.5.0` prepared this record in the deterministic compatibility view that omits only rejected `REL-SEH-008` and rejected `RLS-SEH-009`. The view passed with 653 artifacts, zero errors, and 49 maintenance warnings; its captured snapshot SHA-256 is bound above. Complete current validation, retained separately, passed with 655 artifacts and zero errors.

The selected evidence retains publication failure run `32594814369`, the exact locked-root E009, successful exact-C6 candidate validation, the one-line trusted workflow correction, regression policy, full 452-test isolated qualification, distribution and portable-surface checks, unchanged release identities, and absence of privileged external mutation.

The historical `verified_at` field records predecessor capture time while status remains `ready`; it grants no assurance authority.

ac7a8d7df9ede91587af29a42c1a79f7e9ec4d34 blob 2249
+++
id = "VREC-REB-006"
type = "verification_record"
title = "Verification candidate for WO-REB-010"
status = "verified"
owners = ["quality-owner"]
created = "2026-08-22"
updated = "2026-08-22"
commit = "f2dd04d0032858e99a7d6d3f21c65a9bc7149e32"
git_object_format = "sha1"
worktree_state = "clean"
verified_at = "2026-08-22T20:11:58Z"
artifact_snapshot_sha256 = "bd957c375341c4b7c26c554c5836c655fbaea4304958a24ae6e2bd173c1cd24c"
evidence_paths = ["docs/engineering/released-evaluator-boundary/evidence/WO-REB-010-git-aware-candidate.md"]
verified_by = "quality-owner"

[relations]
verifies_work_order = ["WO-REB-010"]
conforms_to = ["VER-REB-006"]

[[lifecycle_events]]
from = "ready"
to = "verified"
decided_at = "2026-08-22T20:12:22Z"
decided_by = "quality-owner"
+++

# Verification Record Candidate

This ready record binds retained evidence for `WO-REB-010` to candidate commit `f2dd04d0032858e99a7d6d3f21c65a9bc7149e32`. An accountable assurance owner must review the evidence and transition the record to `verified`; preparation did not approve, commit, tag, release, or publish anything.

The record is intentionally created after the candidate commit it names, avoiding self-referential commit metadata.

On 2026-08-22, the accountable assurance authority accepted this exact record under the owner's explicit authorization to finalize release 0.6.0. Review reconciled the bound commit and snapshot, the two retained Git-context errors, exact-C6 worktree semantics, unchanged archive build inputs, complete tests and graphs, and zero privileged mutation. Automation did not infer acceptance from test success.

Exact released `se-harness==0.5.0` prepared this record in the deterministic two-omission compatibility view. The view passed with 655 artifacts, zero errors, and 49 maintenance warnings; complete current validation passed separately at 657 artifacts and zero errors. The selected evidence retains both missing-Git failures, the detached exact-C6 worktree correction, proof that archive build inputs remain unchanged, all 452 isolated tests, release-surface checks, and zero privileged mutation.

The historical `verified_at` field records predecessor capture time while status remains `ready`; it grants no assurance authority.

2569bd0c7313278d8e661e58a3010d7cce19fcf6 blob 2196
+++
id = "VREC-REB-007"
type = "verification_record"
title = "Verification candidate for WO-REB-011"
status = "verified"
owners = ["quality-owner"]
created = "2026-08-22"
updated = "2026-08-22"
commit = "91cfb81f4d68c7933fdda34dd5d2be6f501f4ad9"
git_object_format = "sha1"
worktree_state = "clean"
verified_at = "2026-08-22T20:21:03Z"
artifact_snapshot_sha256 = "0247e7844a5fd1f39769e6f9bf47e1fd6411d310e760534cfdac400ad3180278"
evidence_paths = ["docs/engineering/released-evaluator-boundary/evidence/WO-REB-011-candidate-doctor-boundary.md"]
verified_by = "quality-owner"

[relations]
verifies_work_order = ["WO-REB-011"]
conforms_to = ["VER-REB-006"]

[[lifecycle_events]]
from = "ready"
to = "verified"
decided_at = "2026-08-22T20:21:31Z"
decided_by = "quality-owner"
+++

# Verification Record Candidate

This ready record binds retained evidence for `WO-REB-011` to candidate commit `91cfb81f4d68c7933fdda34dd5d2be6f501f4ad9`. An accountable assurance owner must review the evidence and transition the record to `verified`; preparation did not approve, commit, tag, release, or publish anything.

The record is intentionally created after the candidate commit it names, avoiding self-referential commit metadata.

On 2026-08-22, the accountable assurance authority accepted this exact record under the owner's explicit authorization to finalize release 0.6.0. Review reconciled the bound commit and snapshot, hosted failure, candidate/root claim separation, unchanged predecessor gate, complete qualification, and zero privileged mutation. Automation did not infer acceptance from test success.

Exact released `se-harness==0.5.0` prepared this record in the deterministic two-omission compatibility view, which passed with 657 artifacts, zero errors, and 49 maintenance warnings. Complete current validation passed separately at 659 artifacts and zero errors. The selected evidence retains the exact hosted doctor boundary, unchanged released-predecessor doctor/view gate, full 452-test qualification, release surfaces, and absence of privileged mutation.

The historical `verified_at` field records predecessor capture time while status remains `ready`; it grants no assurance authority.

9dffcdea879977a3d7b02baae8a98c53d42ae5a8 blob 2145
+++
id = "VREC-REB-008"
type = "verification_record"
title = "Verification candidate for WO-REB-012"
status = "verified"
owners = ["quality-owner"]
created = "2026-08-22"
updated = "2026-08-22"
commit = "3a836db0887e60af1903a7873407cf260ab16c43"
git_object_format = "sha1"
worktree_state = "clean"
verified_at = "2026-08-22T20:48:00Z"
artifact_snapshot_sha256 = "42b7541239ba53f5eb1071c5cbaeb0cec74913adc23753ba5460ee0d62189032"
evidence_paths = ["docs/engineering/released-evaluator-boundary/evidence/WO-REB-012-build-toolchain.md"]
verified_by = "quality-owner"

[relations]
verifies_work_order = ["WO-REB-012"]
conforms_to = ["VER-REB-006"]

[[lifecycle_events]]
from = "ready"
to = "verified"
decided_at = "2026-08-22T20:48:36Z"
decided_by = "quality-owner"
+++

# Verification Record Candidate

This ready record binds retained evidence for `WO-REB-012` to candidate commit `3a836db0887e60af1903a7873407cf260ab16c43`. An accountable assurance owner must review the evidence and transition the record to `verified`; this command did not approve, commit, tag, release, or publish anything.

The record is intentionally created after the candidate commit it names, avoiding self-referential commit metadata.

On 2026-08-22, the accountable assurance authority accepted this exact record under the repository owner's explicit authorization to finalize release 0.6.0. Review reconciled the bound commit and snapshot, exact C6 build-toolchain reproduction, immutable released hashes, hosted pre-privilege failure, complete 452-test qualification, current and predecessor graph results, and absence of privileged mutation. Automation did not infer acceptance from test success.

Exact released `se-harness==0.5.0` prepared this record in the deterministic two-omission compatibility view, which passed with 659 artifacts, zero errors, and 49 maintenance warnings. Complete current validation passed separately with 661 artifacts and zero errors.

The historical `verified_at` field records predecessor capture time while the proposal was prepared; the lifecycle event and `verified_by` field record the separate accountable verification decision.

fdce5cef9d6cce6122c6938909efd6f61a82e928 blob 2178
+++
id = "VREC-REB-009"
type = "verification_record"
title = "Verification candidate for WO-REB-013"
status = "verified"
owners = ["quality-owner"]
created = "2026-08-22"
updated = "2026-08-22"
commit = "38149c36e04d19d8356c8ed52dbd962a928fd34c"
git_object_format = "sha1"
worktree_state = "clean"
verified_at = "2026-08-22T20:58:13Z"
artifact_snapshot_sha256 = "e7d9ac2e9286a871a6484e5ad48fdfde1a03f4578da3dbbedc8b0a6761c0bf7f"
evidence_paths = ["docs/engineering/released-evaluator-boundary/evidence/WO-REB-013-retained-build-platform.md"]
verified_by = "quality-owner"

[relations]
verifies_work_order = ["WO-REB-013"]
conforms_to = ["VER-REB-006"]

[[lifecycle_events]]
from = "ready"
to = "verified"
decided_at = "2026-08-22T20:58:40Z"
decided_by = "quality-owner"
+++

# Verification Record Candidate

This ready record binds retained evidence for `WO-REB-013` to candidate commit `38149c36e04d19d8356c8ed52dbd962a928fd34c`. An accountable assurance owner must review the evidence and transition the record to `verified`; this command did not approve, commit, tag, release, or publish anything.

The record is intentionally created after the candidate commit it names, avoiding self-referential commit metadata.

On 2026-08-22, the accountable assurance authority accepted this exact record under the repository owner's explicit authorization to finalize release 0.6.0. Review reconciled the bound commit and snapshot, Ubuntu failure observation, retained Windows Python 3.11.9 producer, immutable released hashes, complete 452-test qualification, current and predecessor graph results, unchanged privileged jobs, and absence of external mutation. Automation did not infer acceptance from test success.

Exact released `se-harness==0.5.0` prepared this record in the deterministic two-omission compatibility view, which passed with 661 artifacts, zero errors, and 49 maintenance warnings. Complete current validation passed separately with 663 artifacts and zero errors.

The historical `verified_at` field records predecessor capture time while the proposal was prepared; the lifecycle event and `verified_by` field record the separate accountable verification decision.

be8570524200e64ec03620d0c0cdadf55a257d98 blob 2171
+++
id = "VREC-REB-010"
type = "verification_record"
title = "Verification candidate for WO-REB-014"
status = "verified"
owners = ["quality-owner"]
created = "2026-08-22"
updated = "2026-08-22"
commit = "827ddc197f8cb801d9b817bf03fd51e301279de1"
git_object_format = "sha1"
worktree_state = "clean"
verified_at = "2026-08-22T21:07:44Z"
artifact_snapshot_sha256 = "2b0820e6522e3d580b8e1641588e176f919dceb9925115e697201a89d44b592f"
evidence_paths = ["docs/engineering/released-evaluator-boundary/evidence/WO-REB-014-windows-bash-path.md"]
verified_by = "quality-owner"

[relations]
verifies_work_order = ["WO-REB-014"]
conforms_to = ["VER-REB-006"]

[[lifecycle_events]]
from = "ready"
to = "verified"
decided_at = "2026-08-22T21:08:11Z"
decided_by = "quality-owner"
+++

# Verification Record Candidate

This ready record binds retained evidence for `WO-REB-014` to candidate commit `827ddc197f8cb801d9b817bf03fd51e301279de1`. An accountable assurance owner must review the evidence and transition the record to `verified`; this command did not approve, commit, tag, release, or publish anything.

The record is intentionally created after the candidate commit it names, avoiding self-referential commit metadata.

On 2026-08-22, the accountable assurance authority accepted this exact record under the repository owner's explicit authorization to finalize release 0.6.0. Review reconciled the bound commit and snapshot, retained Windows runner/runtime, exact Git-Bash failure, four bounded path conversions, unchanged action upload contract, complete 452-test qualification, current and predecessor graph results, and absence of external mutation. Automation did not infer acceptance from test success.

Exact released `se-harness==0.5.0` prepared this record in the deterministic two-omission compatibility view, which passed with 663 artifacts, zero errors, and 49 maintenance warnings. Complete current validation passed separately with 665 artifacts and zero errors.

The historical `verified_at` field records predecessor capture time while the proposal was prepared; the lifecycle event and `verified_by` field record the separate accountable verification decision.

6e066377f3b0207cd97521f93653a82e98bc0747 blob 2175
+++
id = "VREC-REB-011"
type = "verification_record"
title = "Verification candidate for WO-REB-015"
status = "verified"
owners = ["quality-owner"]
created = "2026-08-22"
updated = "2026-08-22"
commit = "641d216d073f260077bc5542ea97ffe9247cdff6"
git_object_format = "sha1"
worktree_state = "clean"
verified_at = "2026-08-22T21:19:34Z"
artifact_snapshot_sha256 = "78be77dedf8f212fbef045278a7e5660cbf89a9afd4134d4b5eb377974da1692"
evidence_paths = ["docs/engineering/released-evaluator-boundary/evidence/WO-REB-015-windows-test-temp.md"]
verified_by = "quality-owner"

[relations]
verifies_work_order = ["WO-REB-015"]
conforms_to = ["VER-REB-006"]

[[lifecycle_events]]
from = "ready"
to = "verified"
decided_at = "2026-08-22T21:19:59Z"
decided_by = "quality-owner"
+++

# Verification Record Candidate

This ready record binds retained evidence for `WO-REB-015` to candidate commit `641d216d073f260077bc5542ea97ffe9247cdff6`. An accountable assurance owner must review the evidence and transition the record to `verified`; this command did not approve, commit, tag, release, or publish anything.

The record is intentionally created after the candidate commit it names, avoiding self-referential commit metadata.

On 2026-08-22, the accountable assurance authority accepted this exact record under the repository owner's explicit authorization to finalize release 0.6.0. Review reconciled the bound commit and snapshot, hosted 645/0 candidate validation, exact 8.3-alias failures, bounded long-path `TEMP`/`TMP`, unchanged complete test command, complete 452-test qualification, current and predecessor graph results, and absence of external mutation. Automation did not infer acceptance from test success.

Exact released `se-harness==0.5.0` prepared this record in the deterministic two-omission compatibility view, which passed with 665 artifacts, zero errors, and 49 maintenance warnings. Complete current validation passed separately with 667 artifacts and zero errors.

The historical `verified_at` field records predecessor capture time while the proposal was prepared; the lifecycle event and `verified_by` field record the separate accountable verification decision.

3bf34f8a41831dfcdf63f6957984e6f44166efae blob 2383
+++
id = "VREC-REB-012"
type = "verification_record"
title = "Verification candidate for WO-REB-016"
status = "verified"
owners = ["quality-owner"]
created = "2026-08-22"
updated = "2026-08-22"
commit = "7079828cc9094d922b55cba9223cbc5be08cea6c"
git_object_format = "sha1"
worktree_state = "clean"
verified_at = "2026-08-22T22:00:22Z"
artifact_snapshot_sha256 = "37fae31098e867034f9357a58c7eeea416710a70d948c3ba099edd2d24978845"
evidence_paths = ["docs/engineering/released-evaluator-boundary/evidence/WO-REB-016-pages-generation-view.md"]
verified_by = "quality-owner"

[relations]
verifies_work_order = ["WO-REB-016"]
conforms_to = ["VER-REB-006"]

[[lifecycle_events]]
from = "ready"
to = "verified"
decided_at = "2026-08-22T22:00:46Z"
decided_by = "quality-owner"
+++

# Verification Record Candidate

This ready record binds retained evidence for `WO-REB-016` to candidate commit `7079828cc9094d922b55cba9223cbc5be08cea6c`. An accountable assurance owner must review the evidence and transition the record to `verified`; this command did not approve, commit, tag, release, or publish anything.

The record is intentionally created after the candidate commit it names, avoiding self-referential commit metadata.

On 2026-08-22, the accountable assurance authority accepted this exact record under the repository owner's explicit authorization to finalize release 0.6.0. Review reconciled the bound commit and artifact snapshot, exact nine-path implementation, complete 452-test isolated qualification, current and predecessor graph results, released 0.5 evaluator wheel and payload identities, two contract-bound omissions, immutable `c37ec5af` release-governance provenance, canonical checkout naming, successful 645-artifact Explorer generation, exact package hashes, preserved release identities, and absence of external mutation during qualification. Automation did not infer acceptance from test success.

Exact released `se-harness==0.5.0` prepared this record in the deterministic two-omission compatibility view, which passed with 667 artifacts, zero errors, and 49 maintenance warnings. Complete current validation passed separately with 669 artifacts and zero errors.

The historical `verified_at` field records predecessor capture time while the proposal was prepared; the lifecycle event and `verified_by` field record the separate accountable verification decision.

eb2115a2b7f37be81706be6205dc7dfa298b1b25 blob 2305
+++
id = "VREC-REB-013"
type = "verification_record"
title = "Verification candidate for WO-REB-017"
status = "verified"
owners = ["quality-owner"]
created = "2026-08-22"
updated = "2026-08-22"
commit = "2e728a73df0cdea789a46b7c5f9c44d2436b3f80"
git_object_format = "sha1"
worktree_state = "clean"
verified_at = "2026-08-22T22:09:30Z"
artifact_snapshot_sha256 = "02410dff4e76cd0fc13fd5e0acd37183a964406156cad23e2bc9a1e9a90d23cd"
evidence_paths = ["docs/engineering/released-evaluator-boundary/evidence/WO-REB-017-pages-step-output.md"]
verified_by = "quality-owner"

[relations]
verifies_work_order = ["WO-REB-017"]
conforms_to = ["VER-REB-006"]

[[lifecycle_events]]
from = "ready"
to = "verified"
decided_at = "2026-08-22T22:09:51Z"
decided_by = "quality-owner"
+++

# Verification Record Candidate

This ready record binds retained evidence for `WO-REB-017` to candidate commit `2e728a73df0cdea789a46b7c5f9c44d2436b3f80`. An accountable assurance owner must review the evidence and transition the record to `verified`; this command did not approve, commit, tag, release, or publish anything.

The record is intentionally created after the candidate commit it names, avoiding self-referential commit metadata.

On 2026-08-22, the accountable assurance authority accepted this exact record under the repository owner's explicit authorization to finalize release 0.6.0. Review reconciled the bound commit and artifact snapshot, exact six-path scope, retained hosted failure, successful plan resolution, same-step output semantics, job-local filesystem ownership, 44 focused tests, complete 452-test isolated qualification, current and predecessor graph results, distribution and portable checks, preserved release identities, and absence of external mutation during qualification. Automation did not infer acceptance from test success.

Exact released `se-harness==0.5.0` prepared this record in the deterministic two-omission compatibility view, which passed with 669 artifacts, zero errors, and 49 maintenance warnings. Complete current validation passed separately with 671 artifacts and zero errors.

The historical `verified_at` field records predecessor capture time while the proposal was prepared; the lifecycle event and `verified_by` field record the separate accountable verification decision.

843479b65e3ed51e6ab2940ead75842afa68f458 blob 1215
+++
id = "VREC-REB-014"
type = "verification_record"
title = "Verification candidate for WO-REB-018"
status = "verified"
owners = ["quality-owner"]
created = "2026-08-23"
updated = "2026-08-23"
commit = "e8ce6db237fa439eb07af4e8749af4caf4b4bc95"
git_object_format = "sha1"
worktree_state = "clean"
verified_at = "2026-08-23T09:33:42Z"
artifact_snapshot_sha256 = "0dafd2feb54f1e8b2fd0b8812aab02533b81d160473dcbcd89dba3967dc915d1"
evidence_paths = ["docs/engineering/released-evaluator-boundary/evidence/WO-REB-018-governance-migration.md"]
verified_by = "quality-owner"

[relations]
verifies_work_order = ["WO-REB-018"]
conforms_to = ["VER-REB-007"]

[[lifecycle_events]]
from = "ready"
to = "verified"
decided_at = "2026-08-23T09:42:57Z"
decided_by = "quality-owner"
+++

# Verification Record Candidate

This ready record binds retained evidence for `WO-REB-018` to candidate commit `e8ce6db237fa439eb07af4e8749af4caf4b4bc95`. An accountable assurance owner must review the evidence and transition the record to `verified`; this command did not approve, commit, tag, release, or publish anything.

The record is intentionally created after the candidate commit it names, avoiding self-referential commit metadata.

df5b9e92329e07f0bacf9d7ee3ca0c8d58e65375 blob 1219
+++
id = "VREC-REB-015"
type = "verification_record"
title = "Verification candidate for WO-REB-019"
status = "verified"
owners = ["quality-owner"]
created = "2026-08-23"
updated = "2026-08-23"
commit = "e80021d7acf0d91d3f09e3f4d9ab368871e2d964"
git_object_format = "sha1"
worktree_state = "clean"
verified_at = "2026-08-23T16:10:53Z"
artifact_snapshot_sha256 = "5036d8fce1eff99323da211f21544c3694ee74483b041b9daaf848a75bc4a572"
evidence_paths = ["docs/engineering/released-evaluator-boundary/evidence/WO-REB-019-lifecycle-state-contract.md"]
verified_by = "quality-owner"

[relations]
verifies_work_order = ["WO-REB-019"]
conforms_to = ["VER-REB-008"]

[[lifecycle_events]]
from = "ready"
to = "verified"
decided_at = "2026-08-23T16:55:08Z"
decided_by = "quality-owner"
+++

# Verification Record Candidate

This ready record binds retained evidence for `WO-REB-019` to candidate commit `e80021d7acf0d91d3f09e3f4d9ab368871e2d964`. An accountable assurance owner must review the evidence and transition the record to `verified`; this command did not approve, commit, tag, release, or publish anything.

The record is intentionally created after the candidate commit it names, avoiding self-referential commit metadata.

6f196de2216d0e4757d7f75e049490ae501d87d4 blob 1494
+++
id = "VREC-REB-016"
type = "verification_record"
title = "Verification candidate for WO-REB-020"
status = "verified"
owners = ["quality-owner"]
created = "2026-08-24"
updated = "2026-08-24"
commit = "e406dea1be0a93d3dcce6070e4180816b61245ff"
git_object_format = "sha1"
worktree_state = "clean"
prepared_at = "2026-08-24T10:03:26Z"
prepared_by = "quality-owner"
artifact_snapshot_sha256 = "0ef3177a831997afb9d01dba299d9730808d8dd343a8403faec024251e78632c"
evidence_paths = ["docs/engineering/released-evaluator-boundary/evidence/WO-REB-020-role-specific-qualification.md"]
evaluator_evidence_path = "docs/engineering/released-evaluator-boundary/evidence/VREC-REB-016-evaluator.json"
evaluator_evidence_sha256 = "fcfc14471cc373fce07ece222f6c03b2152dad2cf4cd5ae6e04cf147c4171962"

verified_at = "2026-08-24T10:06:59Z"
verified_by = "quality-owner"
[relations]
verifies_work_order = ["WO-REB-020"]
conforms_to = ["VER-REB-009"]

[[lifecycle_events]]
from = "ready"
to = "verified"
decided_at = "2026-08-24T10:06:59Z"
decided_by = "quality-owner"
+++

# Verification Record Candidate

This ready record binds retained evidence for `WO-REB-020` to candidate commit `e406dea1be0a93d3dcce6070e4180816b61245ff`. An accountable assurance owner must review the evidence and transition the record to `verified`; this command did not approve, commit, tag, release, or publish anything.

The record is intentionally created after the candidate commit it names, avoiding self-referential commit metadata.

f16d20610e1338904960657570d42c5c830a108c blob 2765
+++
id = "VREC-REB-017"
type = "verification_record"
title = "Verification candidate for WO-REB-021"
status = "rejected"
owners = ["engineering-owner"]
created = "2026-08-24"
updated = "2026-08-24"
commit = "f9225f887d23303be01ba7d73219c53e0fec0f95"
git_object_format = "sha1"
worktree_state = "clean"
prepared_at = "2026-08-24T14:45:37Z"
prepared_by = "engineering-owner"
artifact_snapshot_sha256 = "fdccdff0a94a3bce5d77e3f6d75034bcd4a3d3f26586bf94f3951f2a1035a9b5"
evidence_paths = ["docs/engineering/released-evaluator-boundary/evidence/WO-REB-021-entry-point-safety.md"]
evaluator_evidence_path = "docs/engineering/released-evaluator-boundary/evidence/VREC-REB-017-evaluator.json"
evaluator_evidence_sha256 = "fcfc14471cc373fce07ece222f6c03b2152dad2cf4cd5ae6e04cf147c4171962"

rejected_at = "2026-08-24T17:15:42Z"
rejected_by = "engineering-owner"
rejection_reason = "Accountable assurance decision under DR-VREC-DECIDE. The candidate this record binds, f9225f887d23303be01ba7d73219c53e0fec0f95, does not meet the VER-REB-010 pass criteria: the pinned ubuntu lane measured 764 tests with failures=33 and errors=38 at that commit. VREC-REB-019 is the authorized replacement and binds bfc08f0477475a1a128f9db68ba9b56685c5c10f, where the same lane reports 770 tests and OK (skipped=3). Supersession was refused with E002 because a superseded record must carry verified_at and this record was never verified, so the rejected history is retained rather than reopened or silently replaced."
[relations]
verifies_work_order = ["WO-REB-021"]
conforms_to = ["VER-REB-010"]

[[lifecycle_events]]
from = "ready"
to = "rejected"
decided_at = "2026-08-24T17:15:42Z"
decided_by = "engineering-owner"
reason = "Accountable assurance decision under DR-VREC-DECIDE. The candidate this record binds, f9225f887d23303be01ba7d73219c53e0fec0f95, does not meet the VER-REB-010 pass criteria: the pinned ubuntu lane measured 764 tests with failures=33 and errors=38 at that commit. VREC-REB-019 is the authorized replacement and binds bfc08f0477475a1a128f9db68ba9b56685c5c10f, where the same lane reports 770 tests and OK (skipped=3). Supersession was refused with E002 because a superseded record must carry verified_at and this record was never verified, so the rejected history is retained rather than reopened or silently replaced."
+++

# Verification Record Candidate

This ready record binds retained evidence for `WO-REB-021` to candidate commit `f9225f887d23303be01ba7d73219c53e0fec0f95`. An accountable assurance owner must review the evidence and transition the record to `verified`; this command did not approve, commit, tag, release, or publish anything.

The record is intentionally created after the candidate commit it names, avoiding self-referential commit metadata.

39a3780eb4a9a2fe55a6f0fc01247d6963212534 blob 1512
+++
id = "VREC-REB-018"
type = "verification_record"
title = "Verification candidate for WO-REB-022"
status = "verified"
owners = ["engineering-owner"]
created = "2026-08-24"
updated = "2026-08-24"
commit = "bfc08f0477475a1a128f9db68ba9b56685c5c10f"
git_object_format = "sha1"
worktree_state = "clean"
prepared_at = "2026-08-24T17:04:04Z"
prepared_by = "engineering-owner"
artifact_snapshot_sha256 = "edd378e097b225834805d519c8c8f33a970635e93904ad5b379a4350264736c9"
evidence_paths = ["docs/engineering/released-evaluator-boundary/evidence/WO-REB-022-junction-predicate-capability.md"]
evaluator_evidence_path = "docs/engineering/released-evaluator-boundary/evidence/VREC-REB-018-evaluator.json"
evaluator_evidence_sha256 = "fcfc14471cc373fce07ece222f6c03b2152dad2cf4cd5ae6e04cf147c4171962"

verified_at = "2026-08-24T17:15:42Z"
verified_by = "engineering-owner"
[relations]
verifies_work_order = ["WO-REB-022"]
conforms_to = ["VER-REB-010"]

[[lifecycle_events]]
from = "ready"
to = "verified"
decided_at = "2026-08-24T17:15:42Z"
decided_by = "engineering-owner"
+++

# Verification Record Candidate

This ready record binds retained evidence for `WO-REB-022` to candidate commit `bfc08f0477475a1a128f9db68ba9b56685c5c10f`. An accountable assurance owner must review the evidence and transition the record to `verified`; this command did not approve, commit, tag, release, or publish anything.

The record is intentionally created after the candidate commit it names, avoiding self-referential commit metadata.

0fa4bda865a1005563538c7854bbee5e30aae316 blob 1501
+++
id = "VREC-REB-019"
type = "verification_record"
title = "Verification candidate for WO-REB-021"
status = "verified"
owners = ["engineering-owner"]
created = "2026-08-24"
updated = "2026-08-24"
commit = "bfc08f0477475a1a128f9db68ba9b56685c5c10f"
git_object_format = "sha1"
worktree_state = "clean"
prepared_at = "2026-08-24T17:04:49Z"
prepared_by = "engineering-owner"
artifact_snapshot_sha256 = "edd378e097b225834805d519c8c8f33a970635e93904ad5b379a4350264736c9"
evidence_paths = ["docs/engineering/released-evaluator-boundary/evidence/WO-REB-021-entry-point-safety.md"]
evaluator_evidence_path = "docs/engineering/released-evaluator-boundary/evidence/VREC-REB-019-evaluator.json"
evaluator_evidence_sha256 = "fcfc14471cc373fce07ece222f6c03b2152dad2cf4cd5ae6e04cf147c4171962"

verified_at = "2026-08-24T17:15:42Z"
verified_by = "engineering-owner"
[relations]
verifies_work_order = ["WO-REB-021"]
conforms_to = ["VER-REB-010"]

[[lifecycle_events]]
from = "ready"
to = "verified"
decided_at = "2026-08-24T17:15:42Z"
decided_by = "engineering-owner"
+++

# Verification Record Candidate

This ready record binds retained evidence for `WO-REB-021` to candidate commit `bfc08f0477475a1a128f9db68ba9b56685c5c10f`. An accountable assurance owner must review the evidence and transition the record to `verified`; this command did not approve, commit, tag, release, or publish anything.

The record is intentionally created after the candidate commit it names, avoiding self-referential commit metadata.

878800d61bcaec622ecc5523dbf9be8abf3a000c blob 3418
+++
id = "VREC-REB-020"
type = "verification_record"
title = "Verification candidate for WO-REB-023"
status = "verified"
owners = ["quality-owner"]
created = "2026-08-26"
updated = "2026-08-26"
commit = "0ea54d18ed9812cc25d8aca4482a70db90cad546"
git_object_format = "sha1"
worktree_state = "clean"
prepared_at = "2026-08-26T07:51:23Z"
prepared_by = "quality-owner"
artifact_snapshot_sha256 = "197ea5ac6f05ff9888494ac1b1455a5c0d853f650380e88712604ffb8a7a67de"
evidence_paths = ["docs/engineering/released-evaluator-boundary/evidence/WO-REB-023-verification.md"]
evaluator_evidence_path = "docs/engineering/released-evaluator-boundary/evidence/VREC-REB-020-evaluator.json"
evaluator_evidence_sha256 = "fcfc14471cc373fce07ece222f6c03b2152dad2cf4cd5ae6e04cf147c4171962"

verified_at = "2026-08-26T07:58:28Z"
verified_by = "assurance-owner"
[relations]
verifies_work_order = ["WO-REB-023"]
conforms_to = ["VER-REB-007"]

[[lifecycle_events]]
from = "ready"
to = "verified"
decided_at = "2026-08-26T07:58:28Z"
decided_by = "assurance-owner"
reason = "Assurance owner decision of 2026-08-26 under DR-VREC-DECIDE: I validate VREC-REB-020. Its own fields were re-measured immediately before this transition, because a verified record can never afterwards be corrected: candidate 0ea54d18ed9812cc25d8aca4482a70db90cad546 exists and is an ancestor of the branch tip, worktree clean, object format sha1, the bound evidence tracked at that candidate, and the evaluator sidecar tracked at fcfc14471cc373fce07ece222f6c03b2152dad2cf4cd5ae6e04cf147c4171962. The released exact public 0.6.0 evaluator outside the checkout validates at 891 artifacts, 0 errors, 50 pre-existing maintenance warnings with no diagnostic naming this record, and doctor reports 87 PASS, 0 FAIL. The five disclosed departures from VER-REB-007 are accepted as stated rather than softened: the contract's four manual owner assessments do not exist for this change; retention is under the WO-REB-023 key while the contract names WO-REB-018; the hosted lane runs one of the two scenarios the complete-positive-rehearsal row names, the other remaining in the unit suite and rehearsed in this evidence against real public 0.5.0 and 0.6.0 releases; verification was performed by the implementation actor, honouring the contract's specific prohibitions but not constituting a second person; and the candidate is a fresh commit off main rather than the work order's implementing commit, so its pull request must be merged as a true merge. The three protocol limits the reading establishes are accepted with it: the rehearsal consults the predecessor interpreter only for an identity probe and executes every stage from the tree under test, the unit suite's runtimes are stub packages whose reported version is forced to match the scenario, and the synthetic future pair can never rehearse against installed distributions. This decision covers VREC-REB-020 only and authorizes no release, tag, publication or deployment."
+++

# Verification Record Candidate

This ready record binds retained evidence for `WO-REB-023` to candidate commit `0ea54d18ed9812cc25d8aca4482a70db90cad546`. An accountable assurance owner must review the evidence and transition the record to `verified`; this command did not approve, commit, tag, release, or publish anything.

The record is intentionally created after the candidate commit it names, avoiding self-referential commit metadata.

d0de733386a75e9cd755defa3355b64e42e36377 blob 4301
+++
id = "VREC-REB-021"
type = "verification_record"
title = "Verification candidate for WO-REB-024"
status = "verified"
owners = ["quality-owner"]
created = "2026-08-26"
updated = "2026-08-26"
commit = "48cf580e1c4c23b3665ad5bd4730408b627131ea"
git_object_format = "sha1"
worktree_state = "clean"
prepared_at = "2026-08-26T21:58:43Z"
prepared_by = "quality-owner"
artifact_snapshot_sha256 = "a5703dc5aea06134cf9ba81c41154d7b3dd25a57d9a6691426603b15751d7152"
evidence_paths = ["docs/engineering/released-evaluator-boundary/evidence/WO-REB-024-verification.md"]
evaluator_evidence_path = "docs/engineering/released-evaluator-boundary/evidence/VREC-REB-021-evaluator.json"
evaluator_evidence_sha256 = "fcfc14471cc373fce07ece222f6c03b2152dad2cf4cd5ae6e04cf147c4171962"

verified_at = "2026-08-26T22:02:34Z"
verified_by = "assurance-owner"
[relations]
verifies_work_order = ["WO-REB-024"]
conforms_to = ["VER-REB-004"]

[[lifecycle_events]]
from = "ready"
to = "verified"
decided_at = "2026-08-26T22:02:34Z"
decided_by = "assurance-owner"
reason = "Verified by the accountable assurance owner on 2026-08-27 under DR-VREC-DECIDE, 'I verify VREC-REB-021'. The record binds 48cf580e1c4c23b3665ad5bd4730408b627131ea, at which WO-REB-024 reads implemented, to VER-REB-004 and the keyed evidence. Readings: released 0.6.0 validate PASS at 951 artifacts, 0 errors; doctor 0 FAIL; handoff Completed at snapshot b5426b63; predecessor suites 20 OK; full suite 995 OK on Windows 3.14 at full scale; the real-catalog regression test fails at a3bf411 without the change and passes with it; all four pull-request lanes success on head c1096bb with the Linux suite 995 OK. Verified with one accepted deviation: no new fixture test, to follow after 0.7.0. This authorizes no merge, release, tag or publication."
+++

# Verification Record Candidate

This ready record binds retained evidence for `WO-REB-024` to candidate commit `48cf580e1c4c23b3665ad5bd4730408b627131ea`. An accountable assurance owner must review the evidence and transition the record to `verified`; this command did not approve, commit, tag, release, or publish anything.

The record is intentionally created after the candidate commit it names, avoiding self-referential commit metadata.

## Scope

`WO-REB-024` at the bound commit `48cf580e1c4c23b3665ad5bd4730408b627131ea`:
the three-line filter in `repository_tools/predecessor_preparation.py` that
selects the closed predecessor history from rejected records whose
`preparation_schema` is the predecessor-bootstrap schema, as `SPEC-REB-005`
rule 3 states; the packet index line; the keyed evidence. No `tests/`,
`se_harness/` or `templates/` byte, so the 0.7.0 allow-list in `REL-SEH-017`
is untouched.

## Readings at the bound commit

Governing exact public 0.6.0 evaluator outside the checkout, isolated:
`validate` PASS, 951 artifacts, 0 errors, 50 pre-existing warnings; `doctor`
87 PASS, 0 FAIL; review preflight PASS; handoff check Completed at formal
snapshot `b5426b63…` on both evaluators. Candidate: predecessor suites 20
tests OK; full suite `Ran 995 tests … OK (skipped=24)` on Windows CPython
3.14 at full scale. Regression proof: `test_retained_rls_replays_one_exact_rejected_pair`
fails in a worktree at `a3bf411` (pull request #183's catalog with two
rejected release records) without the change and passes with it.

Hosted, on pull request #184 head `c1096bb` (the evidence commit that precedes the bound commit by the completion transition only): all four `pull_request` lanes **success** — Engineering Harness `33017648415`, Governor Transition Assessment `33017648399`, SE Harness Candidate Evidence `33017648393`, Publication Rehearsal `33017648762` with the Linux suite at **`Ran 995 tests in 61.287s` — `OK (skipped=4)`**, full scale; the candidate-mode qualification that was red on #183 is green here.

## Disclosed limitation

No new fixture-based test was added; the owner accepted that deviation on
2026-08-26 with a dedicated case to follow after 0.7.0 is published. The
proof of `VER-REB-004`'s succession scenarios rests on the existing suites
and the real-catalog regression above.

## What this record does not do

It is `ready`. It verifies nothing until the assurance owner's decision and
authorizes no merge, release, tag, publication or deployment.

0bb5158fe99dc78a10ebdb09b5be5ada7dd4c615 blob 4390
+++
id = "VREC-REB-022"
type = "verification_record"
title = "Verification candidate for WO-REB-025"
status = "verified"
owners = ["quality-owner"]
created = "2026-08-26"
updated = "2026-08-26"
commit = "01ba6b32aac9a858180e4017203db887e8aac4b3"
git_object_format = "sha1"
worktree_state = "clean"
prepared_at = "2026-08-26T22:28:35Z"
prepared_by = "quality-owner"
artifact_snapshot_sha256 = "dffd139e4c88040f814f7cb060a24e8c0977cac8e7fc71c4686ecd6de05b3055"
evidence_paths = ["docs/engineering/released-evaluator-boundary/evidence/WO-REB-025-verification.md"]
evaluator_evidence_path = "docs/engineering/released-evaluator-boundary/evidence/VREC-REB-022-evaluator.json"
evaluator_evidence_sha256 = "fcfc14471cc373fce07ece222f6c03b2152dad2cf4cd5ae6e04cf147c4171962"

verified_at = "2026-08-26T22:33:13Z"
verified_by = "assurance-owner"
[relations]
verifies_work_order = ["WO-REB-025"]
conforms_to = ["VER-REB-006"]

[[lifecycle_events]]
from = "ready"
to = "verified"
decided_at = "2026-08-26T22:33:13Z"
decided_by = "assurance-owner"
reason = "Verified by the accountable assurance owner on 2026-08-27 under DR-VREC-DECIDE, 'i verify VREC-REB-022'. The record binds 01ba6b32aac9a858180e4017203db887e8aac4b3, at which WO-REB-025 reads implemented, to VER-REB-006 and the keyed evidence. Readings: released 0.6.0 validate PASS at 958 artifacts, 0 errors; doctor 0 FAIL; handoff Completed at snapshot c394d159; both workflows parse with pinned string counts unchanged; both extracted run blocks executed locally take the absent branch for RLS-SEH-015 and the declared branch for RLS-SEH-012; workflow suites OK; full suite 995 OK on Windows 3.14 at full scale. Verified with the hosted pull-request lanes not yet fired for pull request #186 and two accepted deviations disclosed; the decisive reading is the re-dispatched last mile after merge. This authorizes no merge, dispatch, tag or publication."
+++

# Verification Record Candidate

This ready record binds retained evidence for `WO-REB-025` to candidate commit `01ba6b32aac9a858180e4017203db887e8aac4b3`. An accountable assurance owner must review the evidence and transition the record to `verified`; this command did not approve, commit, tag, release, or publish anything.

The record is intentionally created after the candidate commit it names, avoiding self-referential commit metadata.

## Scope

`WO-REB-025` at the bound commit `01ba6b32aac9a858180e4017203db887e8aac4b3`:
the resolve job of `.github/workflows/publish-pypi.yml` and the build job of
`.github/workflows/pages-publication.yml` exercise `qualify predecessor-view`
only when the named record's contract declares a `[bootstrap]` table, as
`REQ-REB-015`'s condition requires, and otherwise retain an `excluded`
observation at the same path naming the resolved evaluator; the packet index
line; the keyed evidence. No `se_harness/`, `tests/`, `repository_tools/` or
`templates/` byte, so `REL-SEH-017`'s allow-list and the released
`RLS-SEH-015` are untouched.

## Readings at the bound commit

Governing exact public 0.6.0 evaluator outside the checkout, isolated:
`validate` PASS, 958 artifacts, 0 errors; `doctor` 87 PASS, 0 FAIL; review
preflight PASS; handoff check Completed at formal snapshot `c394d159…` on
both evaluators. Candidate: both workflows parse under PyYAML with their
pinned string counts unchanged; both patched `run` blocks, extracted from the
YAML and executed with `bash` against the real catalog, take the `absent`
branch for `RLS-SEH-015` (writing the excluded observation) and the
`declared` branch for `RLS-SEH-012`; the three workflow suites OK; full suite
`Ran 995 tests … OK (skipped=24)` on Windows CPython 3.14 at full scale.

The hosted lanes on pull request #186 are recorded, with their run identifiers, in the hosted row of `WO-REB-025`'s evidence.

## Disclosed limitations

Two deviations accepted by the owner on 2026-08-27: no new fixture test (a
case for the exclusion branch follows after 0.7.0), and `SPEC-RLO-005` rule
37's `release-record` clause left to a later amendment. The decisive reading
of this change — the re-dispatched last mile for `RLS-SEH-015` — is the
release owner's separate act after merge and is not evidence bound here.

## What this record does not do

It is `ready`. It verifies nothing until the assurance owner's decision and
authorizes no merge, dispatch, tag, publication or deployment.

b071697f20c77875a6d9f4abfd3aa9de9604fc40 blob 3958
+++
id = "VREC-REB-023"
type = "verification_record"
title = "Verification candidate for WO-REB-026"
status = "verified"
owners = ["quality-owner"]
created = "2026-08-27"
updated = "2026-08-27"
commit = "92bf81f83791f4069785b6411137b11c5c37b7bb"
git_object_format = "sha1"
worktree_state = "clean"
prepared_at = "2026-08-27T04:58:20Z"
prepared_by = "quality-owner"
artifact_snapshot_sha256 = "acd0c21338009600e0ff65e6ae85a24de9a8b02f112c737f06b55957cfcaf4ef"
evidence_paths = ["docs/engineering/released-evaluator-boundary/evidence/WO-REB-026-verification.md"]
evaluator_evidence_path = "docs/engineering/released-evaluator-boundary/evidence/VREC-REB-023-evaluator.json"
evaluator_evidence_sha256 = "fcfc14471cc373fce07ece222f6c03b2152dad2cf4cd5ae6e04cf147c4171962"

verified_at = "2026-08-27T04:59:22Z"
verified_by = "assurance-owner"
[relations]
verifies_work_order = ["WO-REB-026"]
conforms_to = ["VER-REB-006"]

[[lifecycle_events]]
from = "ready"
to = "verified"
decided_at = "2026-08-27T04:59:22Z"
decided_by = "assurance-owner"
reason = "Verified by the accountable assurance owner on 2026-08-27 under DR-VREC-DECIDE, 'I verify VREC-REB-023'. The record binds 92bf81f83791f4069785b6411137b11c5c37b7bb, at which WO-REB-026 reads implemented, to VER-REB-006 and the keyed evidence. Readings: released 0.6.0 validate PASS at 960 artifacts, 0 errors; doctor 0 FAIL; handoff Completed at snapshot 1d5a033c; the extracted exclusion branch executed against a worktree of governance commit 088b08b materializes the view and the unchanged generation step reads PASS; workflow suites OK; full suite 995 OK; all four pull-request lanes success on head 72f4ad9. Verified with one accepted deviation, no new fixture test. This authorizes no merge, dispatch or deployment; those follow the owner's run-through decision separately."
+++

# Verification Record Candidate

This ready record binds retained evidence for `WO-REB-026` to candidate commit `92bf81f83791f4069785b6411137b11c5c37b7bb`. An accountable assurance owner must review the evidence and transition the record to `verified`; this command did not approve, commit, tag, release, or publish anything.

The record is intentionally created after the candidate commit it names, avoiding self-referential commit metadata.

## Scope

`WO-REB-026` at the bound commit `92bf81f83791f4069785b6411137b11c5c37b7bb`: the exclusion
branch of the Pages build's *Validate with the released evaluator* step adds
a detached worktree of the resolved governance commit at the view path, so an
ordinary record's demonstration is generated from the complete governance
snapshot; the packet index line; the keyed evidence. No packaged byte.

## Readings at the bound commit

Governing exact public 0.6.0 evaluator outside the checkout, isolated:
`validate` PASS, 960 artifacts, 0 errors; `doctor` 87 PASS, 0 FAIL; review
preflight PASS; handoff check Completed at formal snapshot `1d5a033c…` on
both evaluators. Candidate: the workflow parses with pinned counts unchanged;
the extracted exclusion branch executed against a worktree of governance
commit `088b08b` materializes a clean view at that commit and the unchanged
generation step reads PASS at 957 artifacts; workflow suites OK; full suite
`Ran 995 tests … OK (skipped=24)` on Windows CPython 3.14 at full scale.
Hosted, on pull request #188 head `72f4ad9`: all four `pull_request` lanes
success (Governor Transition Assessment `33021290351`, Engineering Harness
`33021290410`, Publication Rehearsal `33021290449`, Candidate Evidence
`33021290345`).

## Disclosed limitation

No new fixture test, accepted by the owner on 2026-08-27. The decisive
reading — the dispatch of `publish-dashboard-pages.yml` for `RLS-SEH-015`
after merge — is the release owner's separate act and is not evidence bound
here.

## What this record does not do

It is `ready`. It verifies nothing until the assurance owner's decision and
authorizes no merge, dispatch or deployment.

98335c5f95c2e294b3e16428eef167d7c5bca252 blob 1487
+++
id = "VREC-REB-024"
type = "verification_record"
title = "Verification candidate for WO-REB-027"
status = "verified"
owners = ["Mathieu Meadele"]
created = "2026-08-27"
updated = "2026-08-27"
commit = "f8d9b35ea9f8e7bbe5f2da42c7b28f216ac4d4b6"
git_object_format = "sha1"
worktree_state = "clean"
prepared_at = "2026-08-27T15:47:37Z"
prepared_by = "Mathieu Meadele"
artifact_snapshot_sha256 = "685a7f1df34a7c1837a5cc81f538b759d69fcbbe75e67946da1f8066b2ea0bbb"
evidence_paths = ["docs/engineering/released-evaluator-boundary/evidence/WO-REB-027-verification.md"]
evaluator_evidence_path = "docs/engineering/released-evaluator-boundary/evidence/VREC-REB-024-evaluator.json"
evaluator_evidence_sha256 = "fcfc14471cc373fce07ece222f6c03b2152dad2cf4cd5ae6e04cf147c4171962"

verified_at = "2026-08-27T15:49:13Z"
verified_by = "assurance-owner"
[relations]
verifies_work_order = ["WO-REB-027"]
conforms_to = ["VER-REB-011"]

[[lifecycle_events]]
from = "ready"
to = "verified"
decided_at = "2026-08-27T15:49:13Z"
decided_by = "assurance-owner"
+++

# Verification Record Candidate

This ready record binds retained evidence for `WO-REB-027` to candidate commit `f8d9b35ea9f8e7bbe5f2da42c7b28f216ac4d4b6`. An accountable assurance owner must review the evidence and transition the record to `verified`; this command did not approve, commit, tag, release, or publish anything.

The record is intentionally created after the candidate commit it names, avoiding self-referential commit metadata.

d8992b87d0aafd9b3bb8e0f0791a606ffd8caaff blob 2170
+++
id = "VREC-REB-026"
type = "verification_record"
title = "Verification candidate for WO-REB-028"
status = "verified"
owners = ["engineering-owner"]
created = "2026-08-27"
updated = "2026-08-28"
commit = "67a52b97389dcc0a59b8e6a3fccaed68e1170b2c"
git_object_format = "sha1"
worktree_state = "clean"
prepared_at = "2026-08-27T19:00:58Z"
prepared_by = "engineering-owner"
artifact_snapshot_sha256 = "f1bdbf96541bb62b8aa37e049bd04d2f3d4c963d020ae36f61952e602416c2c5"
evidence_paths = ["docs/engineering/released-evaluator-boundary/evidence/WO-REB-028-verification.md"]
evaluator_evidence_path = "docs/engineering/released-evaluator-boundary/evidence/VREC-REB-026-evaluator.json"
evaluator_evidence_sha256 = "150feaccd4cecd8ce88a42871dbda0de61caaea6ac8e6ca8493966cf2bb987fd"

verified_at = "2026-08-28T15:00:59Z"
verified_by = "assurance-owner"
[relations]
verifies_work_order = ["WO-REB-028"]
conforms_to = ["VER-REB-012"]

[[lifecycle_events]]
from = "ready"
to = "verified"
decided_at = "2026-08-28T15:00:59Z"
decided_by = "assurance-owner"
reason = "Verified on 2026-08-28 by the accountable assurance owner, 'I verify VREC-REB-026 and VREC-REB-027', as the entry condition of REL-SEH-019. Re-measured immediately before this transition: candidate commit 67a52b97389dcc0a59b8e6a3fccaed68e1170b2c is an ancestor of main with a clean worktree; every bound evidence blob is byte-identical at the candidate and the tip; the evaluator packet matches its recorded raw digest; the work order's hosted lanes were green at its candidate and the graph reads 0 errors under the released 0.7.1 evaluator. Acceptance covers the evidence as recorded with its disclosures. It authorizes no merge, release, publication or deployment."
+++

# Verification Record Candidate

This ready record binds retained evidence for `WO-REB-028` to candidate commit `67a52b97389dcc0a59b8e6a3fccaed68e1170b2c`. An accountable assurance owner must review the evidence and transition the record to `verified`; this command did not approve, commit, tag, release, or publish anything.

The record is intentionally created after the candidate commit it names, avoiding self-referential commit metadata.

56a1a8803312a33486ce3dd529ab18fb86aac575 blob 2170
+++
id = "VREC-REB-027"
type = "verification_record"
title = "Verification candidate for WO-REB-029"
status = "verified"
owners = ["engineering-owner"]
created = "2026-08-28"
updated = "2026-08-28"
commit = "0ee0f7bcb6c637a2fda0186a38859ca7f6b10133"
git_object_format = "sha1"
worktree_state = "clean"
prepared_at = "2026-08-28T05:29:09Z"
prepared_by = "engineering-owner"
artifact_snapshot_sha256 = "39e0879b99fb67af42f824a861ad72c6fa3eab267b5b9c342db9d42da82110e1"
evidence_paths = ["docs/engineering/released-evaluator-boundary/evidence/WO-REB-029-verification.md"]
evaluator_evidence_path = "docs/engineering/released-evaluator-boundary/evidence/VREC-REB-027-evaluator.json"
evaluator_evidence_sha256 = "150feaccd4cecd8ce88a42871dbda0de61caaea6ac8e6ca8493966cf2bb987fd"

verified_at = "2026-08-28T15:00:59Z"
verified_by = "assurance-owner"
[relations]
verifies_work_order = ["WO-REB-029"]
conforms_to = ["VER-REB-013"]

[[lifecycle_events]]
from = "ready"
to = "verified"
decided_at = "2026-08-28T15:00:59Z"
decided_by = "assurance-owner"
reason = "Verified on 2026-08-28 by the accountable assurance owner, 'I verify VREC-REB-026 and VREC-REB-027', as the entry condition of REL-SEH-019. Re-measured immediately before this transition: candidate commit 0ee0f7bcb6c637a2fda0186a38859ca7f6b10133 is an ancestor of main with a clean worktree; every bound evidence blob is byte-identical at the candidate and the tip; the evaluator packet matches its recorded raw digest; the work order's hosted lanes were green at its candidate and the graph reads 0 errors under the released 0.7.1 evaluator. Acceptance covers the evidence as recorded with its disclosures. It authorizes no merge, release, publication or deployment."
+++

# Verification Record Candidate

This ready record binds retained evidence for `WO-REB-029` to candidate commit `0ee0f7bcb6c637a2fda0186a38859ca7f6b10133`. An accountable assurance owner must review the evidence and transition the record to `verified`; this command did not approve, commit, tag, release, or publish anything.

The record is intentionally created after the candidate commit it names, avoiding self-referential commit metadata.

392f977de1900e06e7bb3d4c43cebf5c80ab1ad9 blob 2560
+++
id = "VREC-REB-028"
type = "verification_record"
title = "Verification candidate for WO-REB-030"
status = "verified"
owners = ["Mathieu Meadele"]
created = "2026-08-28"
updated = "2026-08-28"
commit = "4315251aa0cfb8beaed308cec80ede00d21dcacd"
git_object_format = "sha1"
worktree_state = "clean"
prepared_at = "2026-08-28T19:49:23Z"
prepared_by = "Mathieu Meadele"
artifact_snapshot_sha256 = "0fe815b0bbbd40d1975564664bdc4ed40187eb4f4f4be60d44b81f23bc3aaf2e"
evidence_paths = ["docs/engineering/released-evaluator-boundary/evidence/WO-REB-030-verification.md"]
evaluator_evidence_path = "docs/engineering/released-evaluator-boundary/evidence/VREC-REB-028-evaluator.json"
evaluator_evidence_sha256 = "8d217a429db288836d69c843e6f0017c0be29a2b743f589a7fe28bfa8b1cf560"

verified_at = "2026-08-28T19:51:02Z"
verified_by = "assurance-owner"
[relations]
verifies_work_order = ["WO-REB-030"]
conforms_to = ["VER-REB-014"]

[[lifecycle_events]]
from = "ready"
to = "verified"
decided_at = "2026-08-28T19:51:02Z"
decided_by = "assurance-owner"
reason = "Verified by the accountable assurance owner on 2026-08-28, 'I verify VREC-REB-028'. Re-measured immediately before this transition: bound commit 4315251 is an ancestor of the branch tip with a clean worktree; WO-REB-030 is implemented; the evaluator packet matches its recorded digest. The retained evidence shows the interpreter-safety rule unchanged in behaviour and kept in code at its one boundary, the declaration apparatus and the repository_tools mirror deleted, the tests owning the corpus, REQ-REB-026 retired and five definitions amended by date; under the governing 0.8.0 root validate 0 errors, doctor 0 FAIL, surface checks PASS on a clean-built 106-member wheel with no declaration, tests.test_interpreter_safety 65 OK, suite 989 with only the known workstation file-mode failure, and all thirteen hosted lanes passing at the refactor commit including the Windows leg that constructs the junction forms. VER-REB-014's conditions are met and issue #220's acceptance criterion holds. This verifies WO-REB-030 only; it releases and publishes nothing."
+++

# Verification Record Candidate

This ready record binds retained evidence for `WO-REB-030` to candidate commit `4315251aa0cfb8beaed308cec80ede00d21dcacd`. An accountable assurance owner must review the evidence and transition the record to `verified`; this command did not approve, commit, tag, release, or publish anything.

The record is intentionally created after the candidate commit it names, avoiding self-referential commit metadata.

2fee022b47cd457dcbe5e44122fd39223b90a326 blob 2874
+++
id = "VREC-REB-029"
type = "verification_record"
title = "Verification candidate for WO-REB-031"
status = "verified"
owners = ["quality-owner"]
created = "2026-08-31"
updated = "2026-08-31"
commit = "758569ef3077f27e5f0669405574ed31d42b1505"
git_object_format = "sha1"
worktree_state = "clean"
prepared_at = "2026-08-31T05:29:07Z"
prepared_by = "quality-owner"
artifact_snapshot_sha256 = "73bac31b176ffe98615a96a1e7ea43984a4bf72e67d0be4a5c4111ecb2b3c5ac"
evidence_paths = ["docs/engineering/released-evaluator-boundary/evidence/WO-REB-031/WO-REB-031-handoff.md", "docs/engineering/released-evaluator-boundary/evidence/WO-REB-031/handoff.json"]
evaluator_evidence_path = "docs/engineering/released-evaluator-boundary/evidence/VREC-REB-029-evaluator.json"
evaluator_evidence_sha256 = "52678c799ac17cfa9a568da240a9ba2596ca17a124cf73bdcd8a67059474f211"

verified_at = "2026-08-31T05:32:46Z"
verified_by = "assurance-owner"
[relations]
verifies_work_order = ["WO-REB-031"]
conforms_to = ["VER-REB-015"]

[[lifecycle_events]]
from = "ready"
to = "verified"
decided_at = "2026-08-31T05:32:46Z"
decided_by = "assurance-owner"
reason = "Verified by the accountable assurance owner by selecting the presented option 'I verify VREC-REB-029'. Re-measured immediately before this transition: bound commit 758569e is the branch tip with a clean worktree; WO-REB-031 is implemented; the evaluator packet matches its recorded digest 52678c79 (the 0.11.0 root). The retained evidence shows the removal implemented as SPEC-REB-016 states: the candidate-package job runs the typed qualify candidate-package unconditionally with no capability probe, no accept-candidate fallback, no legacy acceptance-contract fact or environment value and no legacy bootstrap artifact; the conformance tests pin the typed-only shape with a forbidden-string sweep; the amendment records on SPEC-REB-010 and SPEC-REB-012 carry the executed expiry; the affected suites 82 OK on this Windows workstation with the full suite at its baseline; validate 0 errors, doctor 0 FAIL and distributions PASS under the 0.11.0 root. At the pull-request head e7ed556 all thirteen lanes pass, and the push-event runs on main for the merge 8b389d5 all completed with success, including Candidate package evidence executing the typed-only step live. No deviations. The bound change set stands over main 8b389d5. This verifies WO-REB-031 only; it releases and publishes nothing."
+++

# Verification Record Candidate

This ready record binds retained evidence for `WO-REB-031` to candidate commit `758569ef3077f27e5f0669405574ed31d42b1505`. An accountable assurance owner must review the evidence and transition the record to `verified`; this command did not approve, commit, tag, release, or publish anything.

The record is intentionally created after the candidate commit it names, avoiding self-referential commit metadata.

231dff48673db7e5ed0089db17c0d7f29984a7ef blob 873
{"diagnostics":[],"environment":{"checkout_excluded":true,"entry_point_resolved":true,"isolated_python":true,"pythonpath_present":false,"user_site_enabled":false},"evaluator":{"archive_name":"se_harness-0.6.0-py3-none-any.whl","archive_sha256":"2a952eb6ff4ea137d0904c3c9a6f19c88482bfbaa18a9766e5ad4d4a6fef62f7","payload_manifest":"se-harness-installed-payload-v1","payload_sha256":"c233678548fe742b7a7a5a8bd65de10156ff233edc65b68e2ed0333fbe4dea42","version":"0.6.0"},"origins":{"distribution":"<evaluator-root>/Lib/site-packages","entry_point":"<evaluator-root>/Scripts/harnessctl.exe","module":"<evaluator-root>/Lib/site-packages/se_harness/runtime_identity.py","python_executable":"<evaluator-root>/Scripts/python.exe","templates":"<evaluator-root>/share/se-harness/templates/repository/standard"},"role":"released-evaluator","schema":"se-harness-evaluator-evidence-v1"}

231dff48673db7e5ed0089db17c0d7f29984a7ef blob 873
{"diagnostics":[],"environment":{"checkout_excluded":true,"entry_point_resolved":true,"isolated_python":true,"pythonpath_present":false,"user_site_enabled":false},"evaluator":{"archive_name":"se_harness-0.6.0-py3-none-any.whl","archive_sha256":"2a952eb6ff4ea137d0904c3c9a6f19c88482bfbaa18a9766e5ad4d4a6fef62f7","payload_manifest":"se-harness-installed-payload-v1","payload_sha256":"c233678548fe742b7a7a5a8bd65de10156ff233edc65b68e2ed0333fbe4dea42","version":"0.6.0"},"origins":{"distribution":"<evaluator-root>/Lib/site-packages","entry_point":"<evaluator-root>/Scripts/harnessctl.exe","module":"<evaluator-root>/Lib/site-packages/se_harness/runtime_identity.py","python_executable":"<evaluator-root>/Scripts/python.exe","templates":"<evaluator-root>/share/se-harness/templates/repository/standard"},"role":"released-evaluator","schema":"se-harness-evaluator-evidence-v1"}

231dff48673db7e5ed0089db17c0d7f29984a7ef blob 873
{"diagnostics":[],"environment":{"checkout_excluded":true,"entry_point_resolved":true,"isolated_python":true,"pythonpath_present":false,"user_site_enabled":false},"evaluator":{"archive_name":"se_harness-0.6.0-py3-none-any.whl","archive_sha256":"2a952eb6ff4ea137d0904c3c9a6f19c88482bfbaa18a9766e5ad4d4a6fef62f7","payload_manifest":"se-harness-installed-payload-v1","payload_sha256":"c233678548fe742b7a7a5a8bd65de10156ff233edc65b68e2ed0333fbe4dea42","version":"0.6.0"},"origins":{"distribution":"<evaluator-root>/Lib/site-packages","entry_point":"<evaluator-root>/Scripts/harnessctl.exe","module":"<evaluator-root>/Lib/site-packages/se_harness/runtime_identity.py","python_executable":"<evaluator-root>/Scripts/python.exe","templates":"<evaluator-root>/share/se-harness/templates/repository/standard"},"role":"released-evaluator","schema":"se-harness-evaluator-evidence-v1"}

d8b68e9f998f6b6661d6118b23654077a2cd6fbb blob 780
{"diagnostics":[],"environment":{"checkout_excluded":true,"entry_point_resolved":true,"isolated_python":true,"pythonpath_present":false,"user_site_enabled":false},"evaluator":{"archive_name":null,"archive_sha256":null,"payload_manifest":"se-harness-installed-payload-v1","payload_sha256":"995ee973b2959af3bcbf7f7cc4388f079ad033e7c68509e71feb142b0691451f","version":"0.7.1"},"origins":{"distribution":"<evaluator-root>/Lib/site-packages","entry_point":"<evaluator-root>/Scripts/harnessctl.exe","module":"<evaluator-root>/Lib/site-packages/se_harness/runtime_identity.py","python_executable":"<evaluator-root>/Scripts/python.exe","templates":"<evaluator-root>/share/se-harness/templates/repository/standard"},"role":"released-evaluator","schema":"se-harness-evaluator-evidence-v1"}

645c169348430bf698c7c3992f3a58fb7988fb28 blob 879
{"diagnostics":[],"environment":{"checkout_excluded":true,"entry_point_resolved":true,"isolated_python":true,"pythonpath_present":false,"user_site_enabled":false},"evaluator":{"archive_name":"se_harness-0.8.0-py3-none-any.whl","archive_sha256":"e08aab8a96c156f9e5edf99b9a28aad96c7cffe5b18c262a2598a6b6873fadeb","payload_manifest":"se-harness-installed-payload-v1","payload_sha256":"ea75cc53a518cfe0f027336f1a9aabfa301175a00410091f6c2f4b50ccd92eb5","version":"0.8.0"},"origins":{"distribution":"<evaluator-root>/lib/python3.12/site-packages","entry_point":"<evaluator-root>/bin/harnessctl","module":"<evaluator-root>/lib/python3.12/site-packages/se_harness/runtime_identity.py","python_executable":"<evaluator-root>/bin/python","templates":"<evaluator-root>/share/se-harness/templates/repository/standard"},"role":"released-evaluator","schema":"se-harness-evaluator-evidence-v1"}

6fa296fcb2a8d3b7e27f11e2fe7b81c49e04a414 blob 879
{"diagnostics":[],"environment":{"checkout_excluded":true,"entry_point_resolved":true,"isolated_python":true,"pythonpath_present":false,"user_site_enabled":false},"evaluator":{"archive_name":"se_harness-0.9.0-py3-none-any.whl","archive_sha256":"c4b5617585a3cb908a3b3c14b97e1039824ca731b8acce0251888d095927f364","payload_manifest":"se-harness-installed-payload-v1","payload_sha256":"e74ad2ae73d7298ebf2ae5125f84068c5f011d96d7c6bb75a105ff45895348f7","version":"0.9.0"},"origins":{"distribution":"<evaluator-root>/lib/python3.12/site-packages","entry_point":"<evaluator-root>/bin/harnessctl","module":"<evaluator-root>/lib/python3.12/site-packages/se_harness/runtime_identity.py","python_executable":"<evaluator-root>/bin/python","templates":"<evaluator-root>/share/se-harness/templates/repository/standard"},"role":"released-evaluator","schema":"se-harness-evaluator-evidence-v1"}

9353043318d59f44edf50989dc4bf8271d7396a0 blob 875
{"diagnostics":[],"environment":{"checkout_excluded":true,"entry_point_resolved":true,"isolated_python":true,"pythonpath_present":false,"user_site_enabled":false},"evaluator":{"archive_name":"se_harness-0.10.0-py3-none-any.whl","archive_sha256":"e2f8077264ee2c8ad39d6ac33f726030627f0f70de5579e80bcc159d971f93c3","payload_manifest":"se-harness-installed-payload-v1","payload_sha256":"723c98ecf21a853441ead771956af7aed6564fcffb97389c0468b9376214235d","version":"0.10.0"},"origins":{"distribution":"<evaluator-root>/Lib/site-packages","entry_point":"<evaluator-root>/Scripts/harnessctl.exe","module":"<evaluator-root>/Lib/site-packages/se_harness/runtime_identity.py","python_executable":"<evaluator-root>/Scripts/python.exe","templates":"<evaluator-root>/share/se-harness/templates/repository/standard"},"role":"released-evaluator","schema":"se-harness-evaluator-evidence-v1"}

869e42a451b218f67d8799007eea729b8d5332a6 blob 875
{"diagnostics":[],"environment":{"checkout_excluded":true,"entry_point_resolved":true,"isolated_python":true,"pythonpath_present":false,"user_site_enabled":false},"evaluator":{"archive_name":"se_harness-0.11.0-py3-none-any.whl","archive_sha256":"ba26ab7be14321cdc26b69d59e2b894d544c3e7b529227de1f24ad9cd8f935c0","payload_manifest":"se-harness-installed-payload-v1","payload_sha256":"71b4b5b694111a42785328f4b742f40e5654d7d4c67d88b9939a6c80213dd016","version":"0.11.0"},"origins":{"distribution":"<evaluator-root>/Lib/site-packages","entry_point":"<evaluator-root>/Scripts/harnessctl.exe","module":"<evaluator-root>/Lib/site-packages/se_harness/runtime_identity.py","python_executable":"<evaluator-root>/Scripts/python.exe","templates":"<evaluator-root>/share/se-harness/templates/repository/standard"},"role":"released-evaluator","schema":"se-harness-evaluator-evidence-v1"}

869e42a451b218f67d8799007eea729b8d5332a6 blob 875
{"diagnostics":[],"environment":{"checkout_excluded":true,"entry_point_resolved":true,"isolated_python":true,"pythonpath_present":false,"user_site_enabled":false},"evaluator":{"archive_name":"se_harness-0.11.0-py3-none-any.whl","archive_sha256":"ba26ab7be14321cdc26b69d59e2b894d544c3e7b529227de1f24ad9cd8f935c0","payload_manifest":"se-harness-installed-payload-v1","payload_sha256":"71b4b5b694111a42785328f4b742f40e5654d7d4c67d88b9939a6c80213dd016","version":"0.11.0"},"origins":{"distribution":"<evaluator-root>/Lib/site-packages","entry_point":"<evaluator-root>/Scripts/harnessctl.exe","module":"<evaluator-root>/Lib/site-packages/se_harness/runtime_identity.py","python_executable":"<evaluator-root>/Scripts/python.exe","templates":"<evaluator-root>/share/se-harness/templates/repository/standard"},"role":"released-evaluator","schema":"se-harness-evaluator-evidence-v1"}

aef01322b8d07c436a313cb62341969ebb412021 blob 875
{"diagnostics":[],"environment":{"checkout_excluded":true,"entry_point_resolved":true,"isolated_python":true,"pythonpath_present":false,"user_site_enabled":false},"evaluator":{"archive_name":"se_harness-0.12.0-py3-none-any.whl","archive_sha256":"639edbeed4bdca7c9e21a5eb2afc3b9fc993ddb3f66177eec962f1646a545811","payload_manifest":"se-harness-installed-payload-v1","payload_sha256":"0df83ce9c9bb6d456f3244f517031753daee740bb22180a492f835d25831ee0d","version":"0.12.0"},"origins":{"distribution":"<evaluator-root>/Lib/site-packages","entry_point":"<evaluator-root>/Scripts/harnessctl.exe","module":"<evaluator-root>/Lib/site-packages/se_harness/runtime_identity.py","python_executable":"<evaluator-root>/Scripts/python.exe","templates":"<evaluator-root>/share/se-harness/templates/repository/standard"},"role":"released-evaluator","schema":"se-harness-evaluator-evidence-v1"}

6c9a8e34340c8eb5150a73104ee6179042b6d6c4 blob 875
{"diagnostics":[],"environment":{"checkout_excluded":true,"entry_point_resolved":true,"isolated_python":true,"pythonpath_present":false,"user_site_enabled":false},"evaluator":{"archive_name":"se_harness-0.13.0-py3-none-any.whl","archive_sha256":"1bbf3b747b7ebbb07fd3fd975e87e3c11049e7a6a8e1377e3d35099f4fe862ae","payload_manifest":"se-harness-installed-payload-v1","payload_sha256":"9b4cdb5f2148683f3ceaad868e64b1b4ebefbadcac49cf4cd1feccd954540bfe","version":"0.13.0"},"origins":{"distribution":"<evaluator-root>/Lib/site-packages","entry_point":"<evaluator-root>/Scripts/harnessctl.exe","module":"<evaluator-root>/Lib/site-packages/se_harness/runtime_identity.py","python_executable":"<evaluator-root>/Scripts/python.exe","templates":"<evaluator-root>/share/se-harness/templates/repository/standard"},"role":"released-evaluator","schema":"se-harness-evaluator-evidence-v1"}

17a178e826060f150140d8412726cc1a7a8eb9e3 blob 875
{"diagnostics":[],"environment":{"checkout_excluded":true,"entry_point_resolved":true,"isolated_python":true,"pythonpath_present":false,"user_site_enabled":false},"evaluator":{"archive_name":"se_harness-0.14.0-py3-none-any.whl","archive_sha256":"70d438b501d374fec06f41e25571f674b3cd1f43178389e6e06b0269c92f4856","payload_manifest":"se-harness-installed-payload-v1","payload_sha256":"25034dc72a6be582ebef3c6b9a733c6ab9b6dcd879b9fda162d4d3e131a04306","version":"0.14.0"},"origins":{"distribution":"<evaluator-root>/Lib/site-packages","entry_point":"<evaluator-root>/Scripts/harnessctl.exe","module":"<evaluator-root>/Lib/site-packages/se_harness/runtime_identity.py","python_executable":"<evaluator-root>/Scripts/python.exe","templates":"<evaluator-root>/share/se-harness/templates/repository/standard"},"role":"released-evaluator","schema":"se-harness-evaluator-evidence-v1"}

88c3f8dcfa00a082011e9320b40d5dd268ef5c87 blob 875
{"diagnostics":[],"environment":{"checkout_excluded":true,"entry_point_resolved":true,"isolated_python":true,"pythonpath_present":false,"user_site_enabled":false},"evaluator":{"archive_name":"se_harness-0.15.0-py3-none-any.whl","archive_sha256":"eb09343f65a52ecc7511aacbe7f4cc546cfe4bf28eeed62cf3ff2bccf838d947","payload_manifest":"se-harness-installed-payload-v1","payload_sha256":"11e4ad03da90093dc1f4bd1ac7fed746c157162187019d7b6feb37873d3a237e","version":"0.15.0"},"origins":{"distribution":"<evaluator-root>/Lib/site-packages","entry_point":"<evaluator-root>/Scripts/harnessctl.exe","module":"<evaluator-root>/Lib/site-packages/se_harness/runtime_identity.py","python_executable":"<evaluator-root>/Scripts/python.exe","templates":"<evaluator-root>/share/se-harness/templates/repository/standard"},"role":"released-evaluator","schema":"se-harness-evaluator-evidence-v1"}

43178f539e832d57ece629053c45254923ec71c2 blob 875
{"diagnostics":[],"environment":{"checkout_excluded":true,"entry_point_resolved":true,"isolated_python":true,"pythonpath_present":false,"user_site_enabled":false},"evaluator":{"archive_name":"se_harness-0.16.0-py3-none-any.whl","archive_sha256":"a969d6ab9e80acc2c9f9e7b6679a02e7ffab371f1f11cb0c0f4243f208ed9eae","payload_manifest":"se-harness-installed-payload-v1","payload_sha256":"51712fcfe5253db8d542deb870a0017b25c2976f5f4e76a81fd08923bba45e3c","version":"0.16.0"},"origins":{"distribution":"<evaluator-root>/Lib/site-packages","entry_point":"<evaluator-root>/Scripts/harnessctl.exe","module":"<evaluator-root>/Lib/site-packages/se_harness/runtime_identity.py","python_executable":"<evaluator-root>/Scripts/python.exe","templates":"<evaluator-root>/share/se-harness/templates/repository/standard"},"role":"released-evaluator","schema":"se-harness-evaluator-evidence-v1"}

0cb0757dc294cb290f047d662e8ef0f6e72e0292 blob 875
{"diagnostics":[],"environment":{"checkout_excluded":true,"entry_point_resolved":true,"isolated_python":true,"pythonpath_present":false,"user_site_enabled":false},"evaluator":{"archive_name":"se_harness-0.17.0-py3-none-any.whl","archive_sha256":"305c7cbc79f87baa76ea3bea939b134999f9cad3bfdfa0b4c9c2fd2d9caacced","payload_manifest":"se-harness-installed-payload-v1","payload_sha256":"dd48b16b69d90a04412f458c756876ec22a687c99282075e69d0f58316c43405","version":"0.17.0"},"origins":{"distribution":"<evaluator-root>/Lib/site-packages","entry_point":"<evaluator-root>/Scripts/harnessctl.exe","module":"<evaluator-root>/Lib/site-packages/se_harness/runtime_identity.py","python_executable":"<evaluator-root>/Scripts/python.exe","templates":"<evaluator-root>/share/se-harness/templates/repository/standard"},"role":"released-evaluator","schema":"se-harness-evaluator-evidence-v1"}

bd1d7ae321df9093c78a6e379c441dfcdf21b481 blob 3110
+++
id = "VREC-HUP-001"
type = "verification_record"
title = "Verification candidate for WO-HUP-001"
status = "verified"
owners = ["quality-owner"]
created = "2026-08-20"
updated = "2026-08-20"
commit = "842ad90869ac153dc7aa407611992f066de78dd5"
git_object_format = "sha1"
worktree_state = "clean"
verified_at = "2026-08-20T15:18:07Z"
artifact_snapshot_sha256 = "33ba16523aa7e0b6c0da0e58fb333c51347908ebae8d5b64f4ae3c89debb6b23"
evidence_paths = ["docs/engineering/repository-harness-upgrade/evidence/WO-HUP-001-verification.md"]

[relations]
verifies_work_order = ["WO-HUP-001"]
conforms_to = ["VER-HUP-001"]
+++

# Verification Record Candidate

On 2026-08-20, after reviewing the retained evidence and green exact-candidate hosted checks, the accountable assurance owner explicitly stated `i validate VREC-HUP-001, you can transition and commit + push and PR`. That human assurance decision transitions this record from `ready` to `verified`; automation did not grant the authority. The captured candidate commit, object format, clean worktree state, capture timestamp, artifact snapshot, evidence paths, work-order coverage, and verification-contract coverage remain unchanged.

This record was originally prepared as `ready`, binding retained evidence for `WO-HUP-001` to candidate commit `842ad90869ac153dc7aa407611992f066de78dd5`. The capture command did not approve, commit, tag, release, or publish anything.

The record is intentionally created after the candidate commit it names, avoiding self-referential commit metadata.

## Post-commit qualification evidence

- Local candidate-source identity passed for role `candidate-source` and exact commit `842ad90869ac153dc7aa407611992f066de78dd5` with module, distribution, and template origins in the checkout.
- The exact-commit review preflight passed locally under the independently installed public 0.5.0 evaluator with `ready: true`, no diagnostics, and the complete 16-file manifest.
- The push-triggered [Engineering Harness run 32385078976](https://github.com/mmzen/se_harness/actions/runs/32385078976) completed successfully for the exact candidate commit.
- The push-triggered [SE Harness Candidate Evidence run 32385079031](https://github.com/mmzen/se_harness/actions/runs/32385079031) completed successfully for the exact candidate commit, covering the separately labeled candidate-source and candidate-package lanes.
- Draft PR [#85](https://github.com/mmzen/se_harness/pull/85) retains the exact candidate commit and declares `Harness-Work-Order: WO-HUP-001`.
- The pull-request-triggered [Engineering Harness run 32386448106](https://github.com/mmzen/se_harness/actions/runs/32386448106) completed successfully, including released-evaluator work-order selection and hosted review preflight.
- The pull-request-triggered [SE Harness Candidate Evidence run 32386448117](https://github.com/mmzen/se_harness/actions/runs/32386448117) also completed successfully for the unchanged candidate.

The pull request remains draft. This record remains `ready` and requires an accountable assurance-owner decision before any verification transition.

bb4597c5fb425e82f8808ab6158ee4ef38abea3a blob 1855
+++
id = "VREC-HUP-003"
type = "verification_record"
title = "Verification candidate for WO-HUP-002"
status = "rejected"
owners = ["quality-owner"]
created = "2026-08-23"
updated = "2026-08-24"
commit = "ea7b837438a0fb32b8f6b51c630e98b9706ea039"
git_object_format = "sha1"
worktree_state = "clean"
prepared_at = "2026-08-23T19:16:34Z"
prepared_by = "quality-owner"
artifact_snapshot_sha256 = "b1845fbf0d2deeb5a258a2016d5353a07f9cc942ff5370c4967d22f6575c4aa0"
evidence_paths = ["docs/engineering/repository-harness-upgrade/evidence/WO-HUP-002-evaluator-upgrade.json", "docs/engineering/repository-harness-upgrade/evidence/WO-HUP-002-verification.md"]
evaluator_evidence_path = "docs/engineering/repository-harness-upgrade/evidence/VREC-HUP-003-evaluator.json"
evaluator_evidence_sha256 = "fcfc14471cc373fce07ece222f6c03b2152dad2cf4cd5ae6e04cf147c4171962"

rejected_at = "2026-08-24T07:46:13Z"
rejected_by = "assurance-owner"
rejection_reason = "Candidate ea7b837438a0fb32b8f6b51c630e98b9706ea039 failed hosted qualification; corrected aggregate VREC-HUP-005 is verified."
[relations]
verifies_work_order = ["WO-HUP-002"]
conforms_to = ["VER-HUP-002"]

[[lifecycle_events]]
from = "ready"
to = "rejected"
decided_at = "2026-08-24T07:46:13Z"
decided_by = "assurance-owner"
reason = "Candidate ea7b837438a0fb32b8f6b51c630e98b9706ea039 failed hosted qualification; corrected aggregate VREC-HUP-005 is verified."
+++

# Verification Record Candidate

This ready record binds retained evidence for `WO-HUP-002` to candidate commit `ea7b837438a0fb32b8f6b51c630e98b9706ea039`. An accountable assurance owner must review the evidence and transition the record to `verified`; this command did not approve, commit, tag, release, or publish anything.

The record is intentionally created after the candidate commit it names, avoiding self-referential commit metadata.

4ed5f64dab2738c91a9da68ddf26356ab9fb7372 blob 1476
+++
id = "VREC-HUP-004"
type = "verification_record"
title = "Verification candidate for WO-HUP-004"
status = "verified"
owners = ["quality-owner"]
created = "2026-08-24"
updated = "2026-08-24"
commit = "3c3a815bf24b50d9ffa3d8da87c5f6dacf264589"
git_object_format = "sha1"
worktree_state = "clean"
prepared_at = "2026-08-24T07:01:08Z"
prepared_by = "quality-owner"
artifact_snapshot_sha256 = "a4e7ea3ee1a7cf7c31de33739b6f861f1f97ac70940294d3892084e0eeb89230"
evidence_paths = ["docs/engineering/repository-harness-upgrade/evidence/WO-HUP-004-verification.md"]
evaluator_evidence_path = "docs/engineering/repository-harness-upgrade/evidence/VREC-HUP-004-evaluator.json"
evaluator_evidence_sha256 = "fcfc14471cc373fce07ece222f6c03b2152dad2cf4cd5ae6e04cf147c4171962"

verified_at = "2026-08-24T07:02:39Z"
verified_by = "assurance-owner"
[relations]
verifies_work_order = ["WO-HUP-004"]
conforms_to = ["VER-HUP-004"]

[[lifecycle_events]]
from = "ready"
to = "verified"
decided_at = "2026-08-24T07:02:39Z"
decided_by = "assurance-owner"
+++

# Verification Record

This verified record binds retained evidence for `WO-HUP-004` to candidate
commit `3c3a815bf24b50d9ffa3d8da87c5f6dacf264589`. The assurance owner accepted
that evidence at `2026-08-24T07:02:39Z`. Verification did not change the work
order or authorize a merge, release, publication, or deployment.

The record is intentionally created after the candidate commit it names, avoiding self-referential commit metadata.

4d7a468db8c79417de636da6e96cf486c3bbe9c5 blob 1700
+++
id = "VREC-HUP-005"
type = "verification_record"
title = "Verification candidate for 2 work orders"
status = "verified"
owners = ["quality-owner"]
created = "2026-08-24"
updated = "2026-08-24"
commit = "3c3a815bf24b50d9ffa3d8da87c5f6dacf264589"
git_object_format = "sha1"
worktree_state = "clean"
prepared_at = "2026-08-24T07:41:44Z"
prepared_by = "quality-owner"
artifact_snapshot_sha256 = "0ec579e308b057976c5ccce3e6425bc2b694c330000c0c181e411fad30daead1"
evidence_paths = ["docs/engineering/repository-harness-upgrade/evidence/WO-HUP-002-evaluator-upgrade.json", "docs/engineering/repository-harness-upgrade/evidence/WO-HUP-002-verification.md", "docs/engineering/repository-harness-upgrade/evidence/WO-HUP-004-verification.md"]
evaluator_evidence_path = "docs/engineering/repository-harness-upgrade/evidence/VREC-HUP-005-evaluator.json"
evaluator_evidence_sha256 = "fcfc14471cc373fce07ece222f6c03b2152dad2cf4cd5ae6e04cf147c4171962"

verified_at = "2026-08-24T07:42:27Z"
verified_by = "assurance-owner"
[relations]
verifies_work_order = ["WO-HUP-002", "WO-HUP-004"]
conforms_to = ["VER-HUP-002", "VER-HUP-004"]

[[lifecycle_events]]
from = "ready"
to = "verified"
decided_at = "2026-08-24T07:42:27Z"
decided_by = "assurance-owner"
+++

# Verification Record Candidate

This ready record binds retained evidence for `WO-HUP-002`, `WO-HUP-004` to candidate commit `3c3a815bf24b50d9ffa3d8da87c5f6dacf264589`. An accountable assurance owner must review the evidence and transition the record to `verified`; this command did not approve, commit, tag, release, or publish anything.

The record is intentionally created after the candidate commit it names, avoiding self-referential commit metadata.

26f5651246a5c308f573945e055c89f812af3c07 blob 1575
+++
id = "VREC-HUP-006"
type = "verification_record"
title = "Verification candidate for WO-HUP-007"
status = "verified"
owners = ["Mathieu Meadele"]
created = "2026-08-27"
updated = "2026-08-27"
commit = "16b80e9e6076ca5fd8c756186174db9e58127e64"
git_object_format = "sha1"
worktree_state = "clean"
prepared_at = "2026-08-27T18:26:37Z"
prepared_by = "Mathieu Meadele"
artifact_snapshot_sha256 = "3eaf969a1743ed2a950f4044593db8a8135e0292eb2510df3ee58db34b007350"
evidence_paths = ["docs/engineering/repository-harness-upgrade/evidence/WO-HUP-007-evaluator-upgrade.json", "docs/engineering/repository-harness-upgrade/evidence/WO-HUP-007-verification.md"]
evaluator_evidence_path = "docs/engineering/repository-harness-upgrade/evidence/VREC-HUP-006-evaluator.json"
evaluator_evidence_sha256 = "150feaccd4cecd8ce88a42871dbda0de61caaea6ac8e6ca8493966cf2bb987fd"

verified_at = "2026-08-27T18:31:03Z"
verified_by = "assurance-owner"
[relations]
verifies_work_order = ["WO-HUP-007"]
conforms_to = ["VER-HUP-007"]

[[lifecycle_events]]
from = "ready"
to = "verified"
decided_at = "2026-08-27T18:31:03Z"
decided_by = "assurance-owner"
+++

# Verification Record Candidate

This ready record binds retained evidence for `WO-HUP-007` to candidate commit `16b80e9e6076ca5fd8c756186174db9e58127e64`. An accountable assurance owner must review the evidence and transition the record to `verified`; this command did not approve, commit, tag, release, or publish anything.

The record is intentionally created after the candidate commit it names, avoiding self-referential commit metadata.

c7c3a60d1518d747fe087fce307c26270c2ae526 blob 2489
+++
id = "VREC-HUP-007"
type = "verification_record"
title = "Verification candidate for WO-HUP-008"
status = "verified"
owners = ["Mathieu Meadele"]
created = "2026-08-28"
updated = "2026-08-28"
commit = "6c993df036db34895c4cfd22f0ecf4cbcef2da74"
git_object_format = "sha1"
worktree_state = "clean"
prepared_at = "2026-08-28T17:46:59Z"
prepared_by = "Mathieu Meadele"
artifact_snapshot_sha256 = "c143b033997fec6def0c157f1d09c8d823917017b5518117d7b81d7177894e39"
evidence_paths = ["docs/engineering/repository-harness-upgrade/evidence/WO-HUP-008-evaluator-upgrade.json", "docs/engineering/repository-harness-upgrade/evidence/WO-HUP-008-verification.md"]
evaluator_evidence_path = "docs/engineering/repository-harness-upgrade/evidence/VREC-HUP-007-evaluator.json"
evaluator_evidence_sha256 = "8d217a429db288836d69c843e6f0017c0be29a2b743f589a7fe28bfa8b1cf560"

verified_at = "2026-08-28T17:51:12Z"
verified_by = "assurance-owner"
[relations]
verifies_work_order = ["WO-HUP-008"]
conforms_to = ["VER-HUP-008"]

[[lifecycle_events]]
from = "ready"
to = "verified"
decided_at = "2026-08-28T17:51:12Z"
decided_by = "assurance-owner"
reason = "Verified by the accountable assurance owner on 2026-08-28, 'I verify VREC-HUP-007'. Re-measured immediately before this transition: bound commit 6c993df is an ancestor of the branch tip with a clean worktree; WO-HUP-008 is implemented; the evaluator packet matches its recorded digest. The retained evidence shows the root moved from exact public 0.7.1 to exact public 0.8.0 by one upgrade --apply from a digest-verified wheel-file install outside the checkout, lock naming 0.8.0 with archive e08aab8a\u2026 and payload ea75cc53\u2026, replay 61 unchanged, 0.8.0 validate 0 errors, doctor 0 FAIL, released-root 143/143, suite 1011 tests with only the known workstation file-mode failure, and all thirteen hosted lanes passing at the transaction commit including the governor transition assessment. VER-HUP-008's pass conditions are met. This verifies WO-HUP-008 only; it releases and publishes nothing."
+++

# Verification Record Candidate

This ready record binds retained evidence for `WO-HUP-008` to candidate commit `6c993df036db34895c4cfd22f0ecf4cbcef2da74`. An accountable assurance owner must review the evidence and transition the record to `verified`; this command did not approve, commit, tag, release, or publish anything.

The record is intentionally created after the candidate commit it names, avoiding self-referential commit metadata.

f6025be9e89d9475743c8232180742b07016ca62 blob 2842
+++
id = "VREC-HUP-008"
type = "verification_record"
title = "Verification candidate for WO-HUP-009"
status = "verified"
owners = ["Mathieu Meadele"]
created = "2026-08-29"
updated = "2026-08-29"
commit = "1108a0e9ed9f3a616942270517a5ad659cd2e5e7"
git_object_format = "sha1"
worktree_state = "clean"
prepared_at = "2026-08-29T07:24:17Z"
prepared_by = "Mathieu Meadele"
artifact_snapshot_sha256 = "723b8fff1ee683f48333d4f3af9ba4814762e4809b052ddd0b5b9ff620b57152"
evidence_paths = ["docs/engineering/repository-harness-upgrade/evidence/WO-HUP-009-evaluator-upgrade.json", "docs/engineering/repository-harness-upgrade/evidence/WO-HUP-009/WO-HUP-009-handoff.md", "docs/engineering/repository-harness-upgrade/evidence/WO-HUP-009/handoff.json"]
evaluator_evidence_path = "docs/engineering/repository-harness-upgrade/evidence/VREC-HUP-008-evaluator.json"
evaluator_evidence_sha256 = "e78737d57a52748c0381cddd376cd8627a9328f600210a957e5ddd308ef48d91"

verified_at = "2026-08-29T07:25:28Z"
verified_by = "assurance-owner"
[relations]
verifies_work_order = ["WO-HUP-009"]
conforms_to = ["VER-HUP-009"]

[[lifecycle_events]]
from = "ready"
to = "verified"
decided_at = "2026-08-29T07:25:28Z"
decided_by = "assurance-owner"
reason = "Verified by the accountable assurance owner on 2026-08-29, 'I verify VREC-HUP-008 as assurance owner'. Re-measured immediately before this transition: bound commit 1108a0e is an ancestor of the branch tip with a clean worktree; WO-HUP-009 is implemented; the evaluator packet matches its recorded digest e78737d5. The retained evidence shows the root moved from exact public 0.8.0 to exact public 0.9.0 by one upgrade --apply from a digest-verified wheel-file install outside the checkout, lock naming 0.9.0 with archive c4b56175 and payload e74ad2ae, plan 5 update, replay 61 unchanged, 0.9.0 validate 0 errors, doctor 0 FAIL, released-root 143/143, the suite on the moved root failing nothing a same-commit control does not, and all thirteen hosted lanes passing at 5957139 and 10e1994 including the governor transition assessment and the unconditional scope gate; the packet was rebound from an LF tree after the first push blocked on QGP-G4I-EVIDENCE, and it discloses that and the Windows backslash refusal (issue #254) as observations outside the work order. VER-HUP-009's pass conditions are met. This verifies WO-HUP-009 only; it releases and publishes nothing."
+++

# Verification Record Candidate

This ready record binds retained evidence for `WO-HUP-009` to candidate commit `1108a0e9ed9f3a616942270517a5ad659cd2e5e7`. An accountable assurance owner must review the evidence and transition the record to `verified`; this command did not approve, commit, tag, release, or publish anything.

The record is intentionally created after the candidate commit it names, avoiding self-referential commit metadata.

c75254965a4e23183d324eef01454c2860bbae40 blob 2916
+++
id = "VREC-HUP-009"
type = "verification_record"
title = "Verification candidate for WO-HUP-010"
status = "verified"
owners = ["Mathieu Meadele"]
created = "2026-08-29"
updated = "2026-08-29"
commit = "6f21c98db61db45909fbaee7dcaca5e556da2592"
git_object_format = "sha1"
worktree_state = "clean"
prepared_at = "2026-08-29T10:55:08Z"
prepared_by = "Mathieu Meadele"
artifact_snapshot_sha256 = "6af5e08ec0494c3fb423dfb881dd9b683304e0fab7343ba181a94c8896cde94b"
evidence_paths = ["docs/engineering/repository-harness-upgrade/evidence/WO-HUP-010-evaluator-upgrade.json", "docs/engineering/repository-harness-upgrade/evidence/WO-HUP-010/WO-HUP-010-handoff.md", "docs/engineering/repository-harness-upgrade/evidence/WO-HUP-010/handoff.json"]
evaluator_evidence_path = "docs/engineering/repository-harness-upgrade/evidence/VREC-HUP-009-evaluator.json"
evaluator_evidence_sha256 = "41578bab531e143cd9864870c9af1495aed7465eff512571387403aa734a1f26"

verified_at = "2026-08-29T10:56:13Z"
verified_by = "assurance-owner"
[relations]
verifies_work_order = ["WO-HUP-010"]
conforms_to = ["VER-HUP-010"]

[[lifecycle_events]]
from = "ready"
to = "verified"
decided_at = "2026-08-29T10:56:13Z"
decided_by = "assurance-owner"
reason = "Verified by the accountable assurance owner on 2026-08-29, 'I verify VREC-HUP-009 as assurance owner'. Re-measured immediately before this transition: bound commit 6f21c98 is an ancestor of the branch tip with a clean worktree; WO-HUP-010 is implemented; the evaluator packet matches its recorded digest. The retained evidence shows the root moved from exact public 0.9.0 to exact public 0.10.0 by one upgrade --apply from a digest-verified wheel-file install outside the checkout, lock naming 0.10.0 with archive e2f80772 and payload 723c98ec, plan 6 update, replay 61 unchanged, 0.10.0 validate 0 errors, doctor 0 FAIL, released-root 143/143, the suite on the moved root failing nothing a same-commit control does not on Windows and OK on Linux, all thirteen lanes passing at e869c90 under the 0.10.0 root's own gate including the governor transition assessment, and the managed lane green at the implemented head fc8ce6e \u2014 VER-ECP-009 scenario 6 met, the first completion since #253 that did not turn it red. Every reading, the packet and the handoff check included, was produced by the released evaluator on the Windows checkout. VER-HUP-010's pass conditions are met. This verifies WO-HUP-010 only; it releases and publishes nothing."
+++

# Verification Record Candidate

This ready record binds retained evidence for `WO-HUP-010` to candidate commit `6f21c98db61db45909fbaee7dcaca5e556da2592`. An accountable assurance owner must review the evidence and transition the record to `verified`; this command did not approve, commit, tag, release, or publish anything.

The record is intentionally created after the candidate commit it names, avoiding self-referential commit metadata.

ed0f1ad3e160ca1cb66c354f0fde4f77910d0e00 blob 3264
+++
id = "VREC-HUP-010"
type = "verification_record"
title = "Verification candidate for WO-HUP-011"
status = "verified"
owners = ["assurance-owner"]
created = "2026-08-29"
updated = "2026-08-29"
commit = "e5a570155739db654817906fb9dcba3d368607bf"
git_object_format = "sha1"
worktree_state = "clean"
prepared_at = "2026-08-29T16:58:38Z"
prepared_by = "assurance-owner"
artifact_snapshot_sha256 = "0fe44b1acca142f3c546d6a7399156c9752853fc0d6adf5288bbf61e7c40e3a0"
evidence_paths = ["docs/engineering/repository-harness-upgrade/evidence/WO-HUP-011-evaluator-upgrade.json", "docs/engineering/repository-harness-upgrade/evidence/WO-HUP-011/WO-HUP-011-handoff.md", "docs/engineering/repository-harness-upgrade/evidence/WO-HUP-011/handoff.json"]
evaluator_evidence_path = "docs/engineering/repository-harness-upgrade/evidence/VREC-HUP-010-evaluator.json"
evaluator_evidence_sha256 = "52678c799ac17cfa9a568da240a9ba2596ca17a124cf73bdcd8a67059474f211"

verified_at = "2026-08-29T16:59:59Z"
verified_by = "assurance-owner"
[relations]
verifies_work_order = ["WO-HUP-011"]
conforms_to = ["VER-HUP-011"]

[[lifecycle_events]]
from = "ready"
to = "verified"
decided_at = "2026-08-29T16:59:59Z"
decided_by = "assurance-owner"
reason = "Verified by the accountable assurance owner on 2026-08-29, 'I verify VREC-HUP-010 as assurance owner'. Re-measured immediately before this transition: bound commit e5a5701 is an ancestor of the branch tip with a clean worktree; WO-HUP-011 is implemented; the evaluator packet matches its recorded digest 52678c79, the first record whose evaluator evidence is the 0.11.0 root itself. The retained evidence shows the lock naming 0.11.0 by version, payload 71b4b5b6 and the archive pair of the wheel RLS-SEH-020 binds, the 46-file transaction with its replay unchanged and one transaction document, the fifteen retired skill files removed under SPEC-HUP-011 rule 6 (issue #271, deviation 1 accepted), the root copies byte-equal to the candidate templates, exact 0.11.0 reading validate 0 errors, doctor 0 FAIL, released-root 113/113, dashboard identical twice and review preflight PASS, derive yielding 0.11.0 to 0.12.0, and the full-scale suite at its baseline with one identity-aware test edit. At the bound commit the managed Engineering Harness lane and the governor assessment completed success while the publication rehearsal and candidate-evidence workflows were cancelled by the record push; at this record head b3c0309 the managed lane and the governor assessment completed success with the work order's scope naming no verification-records directory - the hosted demonstration VER-ECP-012 deferred, now met - and the remaining lanes were in progress when this reason was written. VER-HUP-011's pass conditions are met. This verifies WO-HUP-011 only; it releases and publishes nothing."
+++

# Verification Record Candidate

This ready record binds retained evidence for `WO-HUP-011` to candidate commit `e5a570155739db654817906fb9dcba3d368607bf`. An accountable assurance owner must review the evidence and transition the record to `verified`; this command did not approve, commit, tag, release, or publish anything.

The record is intentionally created after the candidate commit it names, avoiding self-referential commit metadata.

1f40cb470ea660ef0e29ba9f0c2c8f3b0ad8aa33 blob 3061
+++
id = "VREC-HUP-011"
type = "verification_record"
title = "Verification candidate for WO-HUP-012"
status = "verified"
owners = ["quality-owner"]
created = "2026-08-31"
updated = "2026-08-31"
commit = "c54c71c0390eff4282af72b4e3fb0dced9e5bc59"
git_object_format = "sha1"
worktree_state = "clean"
prepared_at = "2026-08-31T08:36:22Z"
prepared_by = "quality-owner"
artifact_snapshot_sha256 = "97ddef9ea4c3a51f199477050cd048c402b0a008643115682aedcfa9cfadc587"
evidence_paths = ["docs/engineering/repository-harness-upgrade/evidence/WO-HUP-012/WO-HUP-012-handoff.md", "docs/engineering/repository-harness-upgrade/evidence/WO-HUP-012/handoff.json"]
evaluator_evidence_path = "docs/engineering/repository-harness-upgrade/evidence/VREC-HUP-011-evaluator.json"
evaluator_evidence_sha256 = "52678c799ac17cfa9a568da240a9ba2596ca17a124cf73bdcd8a67059474f211"

verified_at = "2026-08-31T08:38:00Z"
verified_by = "assurance-owner"
[relations]
verifies_work_order = ["WO-HUP-012"]
conforms_to = ["VER-HUP-012"]

[[lifecycle_events]]
from = "ready"
to = "verified"
decided_at = "2026-08-31T08:38:00Z"
decided_by = "assurance-owner"
reason = "Verified by the accountable assurance owner by selecting the presented option 'I verify VREC-HUP-011'. Re-measured immediately before this transition: bound commit c54c71c is the branch tip with a clean worktree; WO-HUP-012 is implemented; the evaluator packet matches its recorded digest 52678c79 (the 0.11.0 root). The retained evidence shows the floor implemented as SPEC-HUP-012 states: lock validation accepts schema 3 only and a pre-3 lock is refused before any write with the one diagnostic naming lock removal and re-adoption; the installer writes schema 3 only; the legacy digest machinery, comparison labels and newline-variant recognition are deleted with the sweep enforced by test; MG002 is retired and reserved; the transition assessment script accepts schema 3 only; the amendment records on REQ-PMI-004, SPEC-PMI-001 and ADR-PMI-001 carry the superseded 0.2.x-era commitments; the affected suites with the CLI-shape suite 179 OK on this Windows workstation with the full suite at its baseline; validate 0 errors, doctor 0 FAIL and distributions PASS under the 0.11.0 root. At the pull-request head c3b29c2 all thirteen lanes pass; the merge 39777aa's own push runs were superseded within the concurrency group by the following merge of #297, and all thirteen push runs on main at 609cb25, which contains the merge, completed with success. No deviations. The bound change set stands over main 609cb25. This verifies WO-HUP-012 only; it releases and publishes nothing."
+++

# Verification Record Candidate

This ready record binds retained evidence for `WO-HUP-012` to candidate commit `c54c71c0390eff4282af72b4e3fb0dced9e5bc59`. An accountable assurance owner must review the evidence and transition the record to `verified`; this command did not approve, commit, tag, release, or publish anything.

The record is intentionally created after the candidate commit it names, avoiding self-referential commit metadata.

9a4472e2513b80dcc1a007ddad157aca4db7085a blob 2944
+++
id = "VREC-HUP-012"
type = "verification_record"
title = "Verification candidate for WO-HUP-013"
status = "verified"
owners = ["quality-owner"]
created = "2026-08-31"
updated = "2026-08-31"
commit = "5fcfb597c62390d271c307f09fad2913a6b50564"
git_object_format = "sha1"
worktree_state = "clean"
prepared_at = "2026-08-31T13:41:32Z"
prepared_by = "quality-owner"
artifact_snapshot_sha256 = "41d35bab431a39947bb9702efaa8afd4fd2b78a585ca1e511fdc3828c83e6f6f"
evidence_paths = ["docs/engineering/repository-harness-upgrade/evidence/WO-HUP-013-evaluator-upgrade.json", "docs/engineering/repository-harness-upgrade/evidence/WO-HUP-013/WO-HUP-013-handoff.md", "docs/engineering/repository-harness-upgrade/evidence/WO-HUP-013/handoff.json"]
evaluator_evidence_path = "docs/engineering/repository-harness-upgrade/evidence/VREC-HUP-012-evaluator.json"
evaluator_evidence_sha256 = "c5baebb5b7d3c7cc04940aef92872da30321a6bd15d0478309f49ba224a49e0f"

verified_at = "2026-08-31T13:49:35Z"
verified_by = "assurance-owner"
[relations]
verifies_work_order = ["WO-HUP-013"]
conforms_to = ["VER-HUP-013"]

[[lifecycle_events]]
from = "ready"
to = "verified"
decided_at = "2026-08-31T13:49:35Z"
decided_by = "assurance-owner"
reason = "Verified by the accountable assurance owner on 2026-08-31 by selecting the presented option 'I verify VREC-HUP-012'. Re-measured immediately before this transition: bound commit 5fcfb59 is the branch tip with a clean worktree; WO-HUP-013 is implemented; the evaluator packet matches its recorded digest c5baebb5, produced by the exact 0.12.0 root this transaction installed, wheel-installed from the digest-verified archive RLS-SEH-021 binds. The retained evidence shows the adoption implemented as SPEC-HUP-013 states: one atomic transaction, 46 managed files with 8 updated and the no-op replay, the lock naming 0.12.0 by version, payload and archive pair, nothing leaving the managed set, the candidate at 0.13.0, the identity-aware edits exactly as the rehearsal predicted, and the complete graph under exact 0.12.0 at 0 errors, 65 warnings, 0 advisories with doctor 0 FAIL and released-root 113/113; the full-scale suite at its one baseline name. At the pull-request head all thirteen lanes pass, the governor-transition lane assessing the real 0.11.0 to 0.12.0 move, and the push runs on main at the merge c8206cb all completed with success. No deviations. The bound change set stands over main c8206cb. This verifies WO-HUP-013 only; it releases and publishes nothing."
+++

# Verification Record Candidate

This ready record binds retained evidence for `WO-HUP-013` to candidate commit `5fcfb597c62390d271c307f09fad2913a6b50564`. An accountable assurance owner must review the evidence and transition the record to `verified`; this command did not approve, commit, tag, release, or publish anything.

The record is intentionally created after the candidate commit it names, avoiding self-referential commit metadata.

79075d987cda5899f619c6707db1ac2a66c93a24 blob 2873
+++
id = "VREC-HUP-013"
type = "verification_record"
title = "Verification candidate for WO-HUP-014"
status = "verified"
owners = ["quality-owner"]
created = "2026-09-02"
updated = "2026-09-02"
commit = "efccbc67cca21333e1f315534e7ff45d0e411286"
git_object_format = "sha1"
worktree_state = "clean"
prepared_at = "2026-09-02T08:54:12Z"
prepared_by = "quality-owner"
artifact_snapshot_sha256 = "c87cd9512ac8bb2ca7923c91939f39695774c35b754baf46eb84a0c275c87591"
evidence_paths = ["docs/engineering/repository-harness-upgrade/evidence/WO-HUP-014-evaluator-upgrade.json", "docs/engineering/repository-harness-upgrade/evidence/WO-HUP-014/WO-HUP-014-handoff.md", "docs/engineering/repository-harness-upgrade/evidence/WO-HUP-014/handoff.json"]
evaluator_evidence_path = "docs/engineering/repository-harness-upgrade/evidence/VREC-HUP-013-evaluator.json"
evaluator_evidence_sha256 = "21ded06932d284d3ab2145b5ba7b9d5d3fc40997da8b047f7fb6f9f164910044"

verified_at = "2026-09-02T08:54:18Z"
verified_by = "assurance-owner"
[relations]
verifies_work_order = ["WO-HUP-014"]
conforms_to = ["VER-HUP-014"]

[[lifecycle_events]]
from = "ready"
to = "verified"
decided_at = "2026-09-02T08:54:18Z"
decided_by = "assurance-owner"
reason = "Verified by the accountable assurance owner on 2026-09-02 by selecting the presented option 'Prepare VREC-HUP-013 and verify it'. Re-measured immediately before this transition: bound commit efccbc6 is the branch tip of pull request #314 with a clean worktree, carrying the implemented WO-HUP-014 and its complete packet; the evaluator packet matches its recorded digest, produced by the exact public 0.13.0 root the transaction installed. The record binds the transaction document (prior lock 4d8f9d37, prior tool_version 0.12.0, target 0.13.0 with payload 9b4cdb5f and the archive pair of RLS-SEH-022's wheel) and the keyed handoff packet whose readings satisfy every VER-HUP-014 pass condition: plan 5 updates, replay 46 unchanged, validate 0 errors 67 warnings 0 advisories, doctor 0 FAIL, released-root 113/113, the designed Explorer identical twice with no remote origin, review preflight PASS, derive 0.13.0 to 0.14.0, the suite at its one baseline name, and all thirteen lanes of pull request #314 passing at a2f4677 and again at efccbc6, the governor-transition assessment of the real root move among them. No deviations. This verifies WO-HUP-014 only; it merges, releases and publishes nothing."
+++

# Verification Record Candidate

This ready record binds retained evidence for `WO-HUP-014` to candidate commit `efccbc67cca21333e1f315534e7ff45d0e411286`. An accountable assurance owner must review the evidence and transition the record to `verified`; this command did not approve, commit, tag, release, or publish anything.

The record is intentionally created after the candidate commit it names, avoiding self-referential commit metadata.

cc7f722539f672579fc70092b8002d1b856ccd6d blob 2701
+++
id = "VREC-HUP-014"
type = "verification_record"
title = "Verification candidate for WO-HUP-015"
status = "verified"
owners = ["quality-owner"]
created = "2026-09-02"
updated = "2026-09-02"
commit = "fcb9c3abe30e1e08f63bbf6617f0be26a7cc38ed"
git_object_format = "sha1"
worktree_state = "clean"
prepared_at = "2026-09-02T12:01:35Z"
prepared_by = "quality-owner"
artifact_snapshot_sha256 = "b29d3b651521876adc5744bba4d510e2c7371ea1e63de48e0bc6b9f31b64fb91"
evidence_paths = ["docs/engineering/repository-harness-upgrade/evidence/WO-HUP-015-evaluator-upgrade.json", "docs/engineering/repository-harness-upgrade/evidence/WO-HUP-015/WO-HUP-015-handoff.md", "docs/engineering/repository-harness-upgrade/evidence/WO-HUP-015/handoff.json"]
evaluator_evidence_path = "docs/engineering/repository-harness-upgrade/evidence/VREC-HUP-014-evaluator.json"
evaluator_evidence_sha256 = "35e55a43897ec79be254438dab550d99fed9d904a6d1db2d51f6a56875c4d89f"

verified_at = "2026-09-02T12:01:42Z"
verified_by = "assurance-owner"
[relations]
verifies_work_order = ["WO-HUP-015"]
conforms_to = ["VER-HUP-015"]

[[lifecycle_events]]
from = "ready"
to = "verified"
decided_at = "2026-09-02T12:01:42Z"
decided_by = "assurance-owner"
reason = "Verified by the accountable assurance owner on 2026-09-02 by selecting the presented option 'Approve, start, complete on green, prepare and verify the VREC'. Re-measured immediately before this transition: bound commit fcb9c3a is the implemented-transition commit of WO-HUP-015 with a clean worktree, carrying the complete packet; the evaluator packet matches its recorded digest, produced by the exact public 0.14.0 root the transaction installed. The record binds the transaction document (prior lock 7558ae28 as committed, prior tool_version 0.13.0, target 0.14.0 with payload 25034dc7 and the archive pair of RLS-SEH-023's wheel) and the keyed handoff packet whose readings satisfy every VER-HUP-015 pass condition, with the rule-4 digest deviation explained as the rehearsal clone's CRLF working tree; all lanes of pull request #317 pass at 3aa09ca and at 454696b, the governor-transition assessment of the real root move among them. No other deviation. This verifies WO-HUP-015 only; it merges, releases and publishes nothing."
+++

# Verification Record Candidate

This ready record binds retained evidence for `WO-HUP-015` to candidate commit `fcb9c3abe30e1e08f63bbf6617f0be26a7cc38ed`. An accountable assurance owner must review the evidence and transition the record to `verified`; this command did not approve, commit, tag, release, or publish anything.

The record is intentionally created after the candidate commit it names, avoiding self-referential commit metadata.

bc96421ec349fba01a0d5b5c481260b844052f0c blob 2710
+++
id = "VREC-HUP-015"
type = "verification_record"
title = "Verification candidate for WO-HUP-016"
status = "verified"
owners = ["quality-owner"]
created = "2026-09-05"
updated = "2026-09-05"
commit = "08e4317881dab70d5a516bd46adb08788e3d6af0"
git_object_format = "sha1"
worktree_state = "clean"
prepared_at = "2026-09-05T09:40:10Z"
prepared_by = "quality-owner"
artifact_snapshot_sha256 = "8b17684576ed6d2bdaa2a8b29eb7cdbbdf27f3a53909f5b1f4fe7e75f6c67dee"
evidence_paths = ["docs/engineering/repository-harness-upgrade/evidence/WO-HUP-016-evaluator-upgrade.json", "docs/engineering/repository-harness-upgrade/evidence/WO-HUP-016/WO-HUP-016-handoff.md", "docs/engineering/repository-harness-upgrade/evidence/WO-HUP-016/handoff.json"]
evaluator_evidence_path = "docs/engineering/repository-harness-upgrade/evidence/VREC-HUP-015-evaluator.json"
evaluator_evidence_sha256 = "8c10a3ea2956baff8bfa875c658a98aa7db772f924b38557ad05c819a5f88a2d"

verified_at = "2026-09-05T15:18:27Z"
verified_by = "assurance-owner"
[relations]
verifies_work_order = ["WO-HUP-016"]
conforms_to = ["VER-HUP-016"]

[[lifecycle_events]]
from = "ready"
to = "verified"
decided_at = "2026-09-05T15:18:27Z"
decided_by = "assurance-owner"
reason = "Verified by the accountable assurance owner on 2026-09-05 with the instruction 'i verify' after reviewing PR #353. The record binds candidate commit 08e43178 (WO-HUP-016 implemented) with the transaction document WO-HUP-016-evaluator-upgrade.json, the handoff packet WO-HUP-016-handoff.md and its check restitution handoff.json as evidence. Every VER-HUP-016 row passes under exact 0.15.0: wheel digest eb09343f equal to RLS-SEH-024; plan 48 files with 19 update, 1 add, 1 adopt; replay 48 unchanged; validate 1315 artifacts, 0 errors, 71 warnings, 0 advisories; doctor 116/0; RR001-RR004 PASS; inspect 0; identical Explorer digests twice; review preflight PASS; identity passed; derive PRE008 then 0.15.0 to 0.16.0; the Windows suite's failure set equals the same-commit 0.14.0 control's. All four hosted lanes green at the evidence, completion and record heads (fc6dd55a, ad7430ba, 08e43178, 8c049fff), the governor-transition lane assessing the real 0.14.0 to 0.15.0 move with one transaction document and RLS-SEH-024 supplying the wheel."
+++

# Verification Record Candidate

This ready record binds retained evidence for `WO-HUP-016` to candidate commit `08e4317881dab70d5a516bd46adb08788e3d6af0`. An accountable assurance owner must review the evidence and transition the record to `verified`; this command did not approve, commit, tag, release, or publish anything.

The record is intentionally created after the candidate commit it names, avoiding self-referential commit metadata.

f0dc336d37f606e84832212da6776703faa0e858 blob 2271
+++
id = "VREC-HUP-016"
type = "verification_record"
title = "Verification candidate for WO-HUP-017"
status = "verified"
owners = ["quality-owner"]
created = "2026-09-07"
updated = "2026-09-07"
commit = "cdb918afaae93c7d57fce0b7bdd147c87254c739"
git_object_format = "sha1"
worktree_state = "clean"
prepared_at = "2026-09-07T12:26:14Z"
prepared_by = "quality-owner"
artifact_snapshot_sha256 = "2cd7b7747a6495af3091d20100981029466da033a7462000137ac604890d74f5"
evidence_paths = ["docs/engineering/repository-harness-upgrade/evidence/WO-HUP-017/WO-HUP-017-handoff.md"]
evaluator_evidence_path = "docs/engineering/repository-harness-upgrade/evidence/VREC-HUP-016-evaluator.json"
evaluator_evidence_sha256 = "e2cd0929fd42d0634d3bf23a73408665bac8ae473b98c81439dbffb828bff951"

verified_at = "2026-09-07T12:35:13Z"
verified_by = "assurance-owner"
[relations]
verifies_work_order = ["WO-HUP-017"]
conforms_to = ["VER-HUP-017"]

[[lifecycle_events]]
from = "ready"
to = "verified"
decided_at = "2026-09-07T12:35:13Z"
decided_by = "assurance-owner"
reason = "Assurance owner accepted the evidence on 2026-09-07 by selecting the presented option 'I verify VREC-HUP-016': WO-HUP-017 holds its handoff packet bound at the handoff checkpoint, the standard root is exact public 0.16.0 by the one transaction 4d160466 from the wheel whose digest equals RLS-SEH-025, every reading of VER-HUP-017 passed under exact 0.16.0, the Windows suite's failure set equals the same-commit 0.15.0 control's, the three release workflows and the owner content read the evaluator, and all four lanes were success at the evidence head 798454cf and at the record head c582ab41, the governor-transition lane assessing the real 0.15.0 to 0.16.0 move. Recorded readings and disclosures are in docs/engineering/repository-harness-upgrade/evidence/WO-HUP-017/."
+++

# Verification Record Candidate

This ready record binds retained evidence for `WO-HUP-017` to candidate commit `cdb918afaae93c7d57fce0b7bdd147c87254c739`. An accountable assurance owner must review the evidence and transition the record to `verified`; this command did not approve, commit, tag, release, or publish anything.

The record is intentionally created after the candidate commit it names, avoiding self-referential commit metadata.

eb74a628d4cf0bf346714673af0897dd665756f8 blob 2348
+++
id = "VREC-HUP-017"
type = "verification_record"
title = "Verification candidate for WO-HUP-018"
status = "verified"
owners = ["quality-owner"]
created = "2026-09-09"
updated = "2026-09-09"
commit = "8f50f3aa913cc87c832655d47bf1ce184d4906d0"
git_object_format = "sha1"
worktree_state = "clean"
prepared_at = "2026-09-09T10:03:37Z"
prepared_by = "quality-owner"
artifact_snapshot_sha256 = "1c3658c3f17f490afa0fa4dd9675946063df344d39347cae4773b935d3b59e7e"
evidence_paths = ["docs/engineering/repository-harness-upgrade/evidence/WO-HUP-018/WO-HUP-018-handoff.md"]
evaluator_evidence_path = "docs/engineering/repository-harness-upgrade/evidence/VREC-HUP-017-evaluator.json"
evaluator_evidence_sha256 = "44d4b74d9febe03a0828dfeee8cd8322fd02db74ff866d7191440e17164e7abb"

verified_at = "2026-09-09T10:15:21Z"
verified_by = "assurance-owner"
[relations]
verifies_work_order = ["WO-HUP-018"]
conforms_to = ["VER-HUP-018"]

[[lifecycle_events]]
from = "ready"
to = "verified"
decided_at = "2026-09-09T10:15:21Z"
decided_by = "assurance-owner"
reason = "Verified on 2026-09-09 by the accountable assurance owner by selecting the presented option 'I verify VREC-HUP-017', after the record was presented: bound to candidate 8f50f3aa of governance/hup-018-adopt-0-17-0 (PR #427, 17 checks green), retaining the WO-HUP-018 handoff evidence whose handoff check passes every predicate over 21 paths; the root is exact public 0.17.0 by one transaction from the isolated wheel-file environment (archive 305c7cbc79f87baa76ea3bea939b134999f9cad3bfdfa0b4c9c2fd2d9caacced, payload dd48b16b69d90a04412f458c756876ec22a687c99282075e69d0f58316c43405), every VER-HUP-018 reading passed under exact 0.17.0, the Windows suite on the moved root equals its same-commit 0.16.0 control, and the governor-transition lane assessed the real 0.16.0 to 0.17.0 move with one transaction document and RLS-SEH-026 supplying the wheel."
+++

# Verification Record Candidate

This ready record binds retained evidence for `WO-HUP-018` to candidate commit `8f50f3aa913cc87c832655d47bf1ce184d4906d0`. An accountable assurance owner must review the evidence and transition the record to `verified`; this command did not approve, commit, tag, release, or publish anything.

The record is intentionally created after the candidate commit it names, avoiding self-referential commit metadata.

a2501639467bab5f70798ed235e6c0c91c430aa7 blob 1288
+++
id = "VREC-REV-001"
type = "verification_record"
title = "Verification candidate for WO-REV-001"
status = "verified"
owners = ["mmzen"]
created = "2026-08-11"
updated = "2026-08-11"
commit = "4af12410e8f30100b7ae899d72f1cc1e09852b75"
git_object_format = "sha1"
worktree_state = "clean"
verified_at = "2026-08-11T07:29:03Z"
artifact_snapshot_sha256 = "5f6c14d7038e26723b0d348a74722a843d19a35b0d532d8ff4c3567e2e221f93"
evidence_paths = ["docs/engineering/revision-provenance/evidence/WO-REV-001-verification.md"]

[relations]
verifies_work_order = ["WO-REV-001"]
conforms_to = ["VER-REV-001"]
+++

# Verification Record Candidate

This ready record binds retained evidence to candidate commit `4af12410e8f30100b7ae899d72f1cc1e09852b75`. An accountable assurance owner must review the evidence and transition the record to `verified`; this command did not approve, commit, tag, release, or publish anything.

The record is intentionally created after the candidate commit it names, avoiding self-referential commit metadata.

The repository owner reviewed the retained evidence and explicitly accepted implementation on 2026-08-11. That human decision, authorized by `WO-REV-002`, transitioned this record from `ready` to `verified`; the preparation command itself granted no authority.

43178f539e832d57ece629053c45254923ec71c2 blob 875
{"diagnostics":[],"environment":{"checkout_excluded":true,"entry_point_resolved":true,"isolated_python":true,"pythonpath_present":false,"user_site_enabled":false},"evaluator":{"archive_name":"se_harness-0.16.0-py3-none-any.whl","archive_sha256":"a969d6ab9e80acc2c9f9e7b6679a02e7ffab371f1f11cb0c0f4243f208ed9eae","payload_manifest":"se-harness-installed-payload-v1","payload_sha256":"51712fcfe5253db8d542deb870a0017b25c2976f5f4e76a81fd08923bba45e3c","version":"0.16.0"},"origins":{"distribution":"<evaluator-root>/Lib/site-packages","entry_point":"<evaluator-root>/Scripts/harnessctl.exe","module":"<evaluator-root>/Lib/site-packages/se_harness/runtime_identity.py","python_executable":"<evaluator-root>/Scripts/python.exe","templates":"<evaluator-root>/share/se-harness/templates/repository/standard"},"role":"released-evaluator","schema":"se-harness-evaluator-evidence-v1"}

8f8da1fd39dec2157fae5fa42fe0896948487772 blob 2466
+++
id = "VREC-RSK-010"
type = "verification_record"
title = "Verification candidate for WO-RSK-010"
status = "verified"
owners = ["delegated-executor"]
created = "2026-09-08"
updated = "2026-09-08"
commit = "3ae3648eeec1b49aa1dd430b3531b42e941aef91"
git_object_format = "sha1"
worktree_state = "clean"
prepared_at = "2026-09-08T06:29:35Z"
prepared_by = "delegated-executor"
artifact_snapshot_sha256 = "6797fdac7c625ec9a46e32f0925a2280f33de2c77181e6fd1045feff4e36da80"
evidence_paths = ["docs/engineering/risk-management/evidence/WO-RSK-010-verification.md", "docs/engineering/risk-management/evidence/WO-RSK-010/WO-RSK-010-handoff.md"]
evaluator_evidence_path = "docs/engineering/risk-management/evidence/VREC-RSK-010-evaluator.json"
evaluator_evidence_sha256 = "e2cd0929fd42d0634d3bf23a73408665bac8ae473b98c81439dbffb828bff951"

verified_at = "2026-09-08T06:43:49Z"
verified_by = "assurance-owner"
[relations]
verifies_work_order = ["WO-RSK-010"]
conforms_to = ["VER-RSK-010"]

[[lifecycle_events]]
from = "ready"
to = "verified"
decided_at = "2026-09-08T06:43:49Z"
decided_by = "assurance-owner"
reason = "Assurance owner accepted the evidence on 2026-09-08 with the words 'I verify VREC-RSK-010': WO-RSK-010 holds its handoff packet and its verification evidence bound at the head 3ae3648e, every reading of VER-RSK-010 is recorded with its evaluator and platform under released 0.16.0, the risk family entered the workflow and gates contracts with the specification's edges and no new predicate, tests/test_risk_management.py passes 31 cases, DEC-RSK-001 records the one deviation (RSK-MGT-034) as amend, and every hosted lane is success at the candidate and at the record commit 8aa12763. The record was prepared by the delegated executor under DR-VREC-PREPARE with the required validate check success at the exact head."
+++

# Verification Record Candidate

This ready record binds retained evidence for `WO-RSK-010` to candidate commit `3ae3648eeec1b49aa1dd430b3531b42e941aef91`. An accountable assurance owner must review the evidence and transition the record to `verified`; this command did not approve, commit, tag, release, or publish anything. Delegated DR-VREC-PREPARE under [delegation] class 'execution': required check 'validate' success at 3ae3648eeec1b49aa1dd430b3531b42e941aef91 (check-run 101881093916, source github-checks).

The record is intentionally created after the candidate commit it names, avoiding self-referential commit metadata.

49d44ff8a8b47c185f1f708a63237f1c47471f45 blob 1594
+++
id = "VREC-RCA-001"
type = "verification_record"
title = "Verification candidate for WO-RCA-001"
status = "verified"
owners = ["quality-owner"]
created = "2026-08-20"
updated = "2026-08-20"
commit = "6debffd90a05f253c969f59738ba17d3c171deb0"
git_object_format = "sha1"
worktree_state = "clean"
verified_at = "2026-08-20T10:21:31Z"
artifact_snapshot_sha256 = "fe7cb3feba5802c1d74356894720012307fd494743be498a966fa2890632fc25"
evidence_paths = ["docs/engineering/root-cause-analysis/evidence/WO-RCA-001-verification.md"]

[relations]
verifies_work_order = ["WO-RCA-001"]
conforms_to = ["VER-RCA-001"]
+++

# Verification Record Candidate

On 2026-08-20, after the retained evidence and green hosted checks were presented, the accountable owner explicitly stated `I validate the verification record, you can transition it, push it and make the PR ready to merge`. That human assurance decision transitions this record from `ready` to `verified`; automation did not grant the authority. The captured candidate commit, object format, clean worktree state, capture timestamp, artifact snapshot, evidence paths, work-order coverage, and verification-contract coverage remain unchanged.

This ready record binds retained evidence for `WO-RCA-001` to candidate commit `6debffd90a05f253c969f59738ba17d3c171deb0`. An accountable assurance owner must review the evidence and transition the record to `verified`; this command did not approve, commit, tag, release, or publish anything.

The record is intentionally created after the candidate commit it names, avoiding self-referential commit metadata.

0f6dc864635e76ad51021330f5da6a01b26b869d blob 2347
+++
id = "VREC-SHB-001"
type = "verification_record"
title = "Verification candidate for WO-SHB-002"
status = "verified"
owners = ["quality-owner"]
created = "2026-08-15"
updated = "2026-08-15"
commit = "94ef1ac10420d79c61aa43c916d2a1bae15d650a"
git_object_format = "sha1"
worktree_state = "clean"
verified_at = "2026-08-15T09:23:57Z"
artifact_snapshot_sha256 = "d74924829798300bddaa635ef52e769535ddbc882f3d05913749bbc42f0fe026"
evidence_paths = ["docs/engineering/self-hosting-boundary/evidence/WO-SHB-002-verification.md"]

[relations]
verifies_work_order = ["WO-SHB-002"]
conforms_to = ["VER-SHB-002"]
+++

# Verified Verification Record

This record binds retained evidence for `WO-SHB-002` to candidate commit `94ef1ac10420d79c61aa43c916d2a1bae15d650a`. After reviewing the ready record, retained implementation and commit-bound replay evidence, and successful pull request 40 checks, the accountable repository owner explicitly instructed `ok i validate the verification record` on 2026-08-15. After the exact candidate and unchanged ready record merged, the owner reported `merged`; `WO-SHB-003` records that human assurance decision. Automation only records it and does not grant release or governor-promotion authority.

The record was intentionally created after the candidate commit it names, avoiding self-referential commit metadata. Its captured candidate, object format, clean worktree state, timestamp, artifact snapshot, evidence path, work order, and verification contract remain unchanged by the transition.

## Commit-bound bootstrap acceptance

The candidate was exported from the bound commit and built as non-promotable wheel SHA-256 `94f1c0a96769312691453ab8b1b1b71bde35955f0ff71f5029b1712fde43b197`. Two fresh Python 3.11.9 executions passed all 11 required black-box scenarios and produced byte-identical canonical manifests with SHA-256 `af126d5c62596aa931a740f615294adc92fce418c43b42fc95d9f440e55ef62a`.

This is candidate-owned bootstrap evidence: the installed verifier was the same candidate wheel because selected governor 0.2.1 predates `accept-candidate`. It demonstrates package behavior and deterministic replay, but it is not independent governor assessment and must not be treated as self-verification. Hosted three-plane CI and accountable review remained required and were satisfied before this transition.

e508d6eb1f04ddafca7e0a1707783c4d3b54daa1 blob 1639
+++
id = "VREC-SHB-002"
type = "verification_record"
title = "Verification candidate for WO-SHB-004"
status = "verified"
owners = ["quality-owner"]
created = "2026-08-15"
updated = "2026-08-15"
commit = "7726d7686dfe7a01452c53f21871a78569cf3ac4"
git_object_format = "sha1"
worktree_state = "clean"
verified_at = "2026-08-15T11:23:48Z"
artifact_snapshot_sha256 = "124c321a40376c34a149c0abf6f3991b8f6fd5e10c78b05284324baa1f4fd6ff"
evidence_paths = ["docs/engineering/self-hosting-boundary/evidence/WO-SHB-004-verification.md"]

[relations]
verifies_work_order = ["WO-SHB-004"]
conforms_to = ["VER-SHB-001", "VER-SHB-002"]
+++

# Verified Verification Record

This record binds retained evidence for `WO-SHB-004` to candidate commit `7726d7686dfe7a01452c53f21871a78569cf3ac4`. After reviewing the ready record, retained implementation evidence, and successful released-governor, candidate-source, and candidate-package checks on pull request 44, the accountable repository owner explicitly stated `ok CI, I validate the validation record, it can be committed and pushed` on 2026-08-15. `WO-SHB-005` records that human assurance decision. Automation only records and validates the decision; it does not grant verification or merge authority.

The ready record was intentionally created after the candidate commit it names and committed unchanged as `e0ac4e8b1018e909cc6fedaaa6ead430d2445d2f`, avoiding self-referential commit metadata. Candidate commit, object format, clean worktree state, capture timestamp, artifact snapshot, evidence path, work-order relation, and both verification-contract relations remain unchanged by this transition.

231dff48673db7e5ed0089db17c0d7f29984a7ef blob 873
{"diagnostics":[],"environment":{"checkout_excluded":true,"entry_point_resolved":true,"isolated_python":true,"pythonpath_present":false,"user_site_enabled":false},"evaluator":{"archive_name":"se_harness-0.6.0-py3-none-any.whl","archive_sha256":"2a952eb6ff4ea137d0904c3c9a6f19c88482bfbaa18a9766e5ad4d4a6fef62f7","payload_manifest":"se-harness-installed-payload-v1","payload_sha256":"c233678548fe742b7a7a5a8bd65de10156ff233edc65b68e2ed0333fbe4dea42","version":"0.6.0"},"origins":{"distribution":"<evaluator-root>/Lib/site-packages","entry_point":"<evaluator-root>/Scripts/harnessctl.exe","module":"<evaluator-root>/Lib/site-packages/se_harness/runtime_identity.py","python_executable":"<evaluator-root>/Scripts/python.exe","templates":"<evaluator-root>/share/se-harness/templates/repository/standard"},"role":"released-evaluator","schema":"se-harness-evaluator-evidence-v1"}

231dff48673db7e5ed0089db17c0d7f29984a7ef blob 873
{"diagnostics":[],"environment":{"checkout_excluded":true,"entry_point_resolved":true,"isolated_python":true,"pythonpath_present":false,"user_site_enabled":false},"evaluator":{"archive_name":"se_harness-0.6.0-py3-none-any.whl","archive_sha256":"2a952eb6ff4ea137d0904c3c9a6f19c88482bfbaa18a9766e5ad4d4a6fef62f7","payload_manifest":"se-harness-installed-payload-v1","payload_sha256":"c233678548fe742b7a7a5a8bd65de10156ff233edc65b68e2ed0333fbe4dea42","version":"0.6.0"},"origins":{"distribution":"<evaluator-root>/Lib/site-packages","entry_point":"<evaluator-root>/Scripts/harnessctl.exe","module":"<evaluator-root>/Lib/site-packages/se_harness/runtime_identity.py","python_executable":"<evaluator-root>/Scripts/python.exe","templates":"<evaluator-root>/share/se-harness/templates/repository/standard"},"role":"released-evaluator","schema":"se-harness-evaluator-evidence-v1"}

869e42a451b218f67d8799007eea729b8d5332a6 blob 875
{"diagnostics":[],"environment":{"checkout_excluded":true,"entry_point_resolved":true,"isolated_python":true,"pythonpath_present":false,"user_site_enabled":false},"evaluator":{"archive_name":"se_harness-0.11.0-py3-none-any.whl","archive_sha256":"ba26ab7be14321cdc26b69d59e2b894d544c3e7b529227de1f24ad9cd8f935c0","payload_manifest":"se-harness-installed-payload-v1","payload_sha256":"71b4b5b694111a42785328f4b742f40e5654d7d4c67d88b9939a6c80213dd016","version":"0.11.0"},"origins":{"distribution":"<evaluator-root>/Lib/site-packages","entry_point":"<evaluator-root>/Scripts/harnessctl.exe","module":"<evaluator-root>/Lib/site-packages/se_harness/runtime_identity.py","python_executable":"<evaluator-root>/Scripts/python.exe","templates":"<evaluator-root>/share/se-harness/templates/repository/standard"},"role":"released-evaluator","schema":"se-harness-evaluator-evidence-v1"}

17a178e826060f150140d8412726cc1a7a8eb9e3 blob 875
{"diagnostics":[],"environment":{"checkout_excluded":true,"entry_point_resolved":true,"isolated_python":true,"pythonpath_present":false,"user_site_enabled":false},"evaluator":{"archive_name":"se_harness-0.14.0-py3-none-any.whl","archive_sha256":"70d438b501d374fec06f41e25571f674b3cd1f43178389e6e06b0269c92f4856","payload_manifest":"se-harness-installed-payload-v1","payload_sha256":"25034dc72a6be582ebef3c6b9a733c6ab9b6dcd879b9fda162d4d3e131a04306","version":"0.14.0"},"origins":{"distribution":"<evaluator-root>/Lib/site-packages","entry_point":"<evaluator-root>/Scripts/harnessctl.exe","module":"<evaluator-root>/Lib/site-packages/se_harness/runtime_identity.py","python_executable":"<evaluator-root>/Scripts/python.exe","templates":"<evaluator-root>/share/se-harness/templates/repository/standard"},"role":"released-evaluator","schema":"se-harness-evaluator-evidence-v1"}

17a178e826060f150140d8412726cc1a7a8eb9e3 blob 875
{"diagnostics":[],"environment":{"checkout_excluded":true,"entry_point_resolved":true,"isolated_python":true,"pythonpath_present":false,"user_site_enabled":false},"evaluator":{"archive_name":"se_harness-0.14.0-py3-none-any.whl","archive_sha256":"70d438b501d374fec06f41e25571f674b3cd1f43178389e6e06b0269c92f4856","payload_manifest":"se-harness-installed-payload-v1","payload_sha256":"25034dc72a6be582ebef3c6b9a733c6ab9b6dcd879b9fda162d4d3e131a04306","version":"0.14.0"},"origins":{"distribution":"<evaluator-root>/Lib/site-packages","entry_point":"<evaluator-root>/Scripts/harnessctl.exe","module":"<evaluator-root>/Lib/site-packages/se_harness/runtime_identity.py","python_executable":"<evaluator-root>/Scripts/python.exe","templates":"<evaluator-root>/share/se-harness/templates/repository/standard"},"role":"released-evaluator","schema":"se-harness-evaluator-evidence-v1"}

17a178e826060f150140d8412726cc1a7a8eb9e3 blob 875
{"diagnostics":[],"environment":{"checkout_excluded":true,"entry_point_resolved":true,"isolated_python":true,"pythonpath_present":false,"user_site_enabled":false},"evaluator":{"archive_name":"se_harness-0.14.0-py3-none-any.whl","archive_sha256":"70d438b501d374fec06f41e25571f674b3cd1f43178389e6e06b0269c92f4856","payload_manifest":"se-harness-installed-payload-v1","payload_sha256":"25034dc72a6be582ebef3c6b9a733c6ab9b6dcd879b9fda162d4d3e131a04306","version":"0.14.0"},"origins":{"distribution":"<evaluator-root>/Lib/site-packages","entry_point":"<evaluator-root>/Scripts/harnessctl.exe","module":"<evaluator-root>/Lib/site-packages/se_harness/runtime_identity.py","python_executable":"<evaluator-root>/Scripts/python.exe","templates":"<evaluator-root>/share/se-harness/templates/repository/standard"},"role":"released-evaluator","schema":"se-harness-evaluator-evidence-v1"}

17a178e826060f150140d8412726cc1a7a8eb9e3 blob 875
{"diagnostics":[],"environment":{"checkout_excluded":true,"entry_point_resolved":true,"isolated_python":true,"pythonpath_present":false,"user_site_enabled":false},"evaluator":{"archive_name":"se_harness-0.14.0-py3-none-any.whl","archive_sha256":"70d438b501d374fec06f41e25571f674b3cd1f43178389e6e06b0269c92f4856","payload_manifest":"se-harness-installed-payload-v1","payload_sha256":"25034dc72a6be582ebef3c6b9a733c6ab9b6dcd879b9fda162d4d3e131a04306","version":"0.14.0"},"origins":{"distribution":"<evaluator-root>/Lib/site-packages","entry_point":"<evaluator-root>/Scripts/harnessctl.exe","module":"<evaluator-root>/Lib/site-packages/se_harness/runtime_identity.py","python_executable":"<evaluator-root>/Scripts/python.exe","templates":"<evaluator-root>/share/se-harness/templates/repository/standard"},"role":"released-evaluator","schema":"se-harness-evaluator-evidence-v1"}

17a178e826060f150140d8412726cc1a7a8eb9e3 blob 875
{"diagnostics":[],"environment":{"checkout_excluded":true,"entry_point_resolved":true,"isolated_python":true,"pythonpath_present":false,"user_site_enabled":false},"evaluator":{"archive_name":"se_harness-0.14.0-py3-none-any.whl","archive_sha256":"70d438b501d374fec06f41e25571f674b3cd1f43178389e6e06b0269c92f4856","payload_manifest":"se-harness-installed-payload-v1","payload_sha256":"25034dc72a6be582ebef3c6b9a733c6ab9b6dcd879b9fda162d4d3e131a04306","version":"0.14.0"},"origins":{"distribution":"<evaluator-root>/Lib/site-packages","entry_point":"<evaluator-root>/Scripts/harnessctl.exe","module":"<evaluator-root>/Lib/site-packages/se_harness/runtime_identity.py","python_executable":"<evaluator-root>/Scripts/python.exe","templates":"<evaluator-root>/share/se-harness/templates/repository/standard"},"role":"released-evaluator","schema":"se-harness-evaluator-evidence-v1"}

88c3f8dcfa00a082011e9320b40d5dd268ef5c87 blob 875
{"diagnostics":[],"environment":{"checkout_excluded":true,"entry_point_resolved":true,"isolated_python":true,"pythonpath_present":false,"user_site_enabled":false},"evaluator":{"archive_name":"se_harness-0.15.0-py3-none-any.whl","archive_sha256":"eb09343f65a52ecc7511aacbe7f4cc546cfe4bf28eeed62cf3ff2bccf838d947","payload_manifest":"se-harness-installed-payload-v1","payload_sha256":"11e4ad03da90093dc1f4bd1ac7fed746c157162187019d7b6feb37873d3a237e","version":"0.15.0"},"origins":{"distribution":"<evaluator-root>/Lib/site-packages","entry_point":"<evaluator-root>/Scripts/harnessctl.exe","module":"<evaluator-root>/Lib/site-packages/se_harness/runtime_identity.py","python_executable":"<evaluator-root>/Scripts/python.exe","templates":"<evaluator-root>/share/se-harness/templates/repository/standard"},"role":"released-evaluator","schema":"se-harness-evaluator-evidence-v1"}

0cb0757dc294cb290f047d662e8ef0f6e72e0292 blob 875
{"diagnostics":[],"environment":{"checkout_excluded":true,"entry_point_resolved":true,"isolated_python":true,"pythonpath_present":false,"user_site_enabled":false},"evaluator":{"archive_name":"se_harness-0.17.0-py3-none-any.whl","archive_sha256":"305c7cbc79f87baa76ea3bea939b134999f9cad3bfdfa0b4c9c2fd2d9caacced","payload_manifest":"se-harness-installed-payload-v1","payload_sha256":"dd48b16b69d90a04412f458c756876ec22a687c99282075e69d0f58316c43405","version":"0.17.0"},"origins":{"distribution":"<evaluator-root>/Lib/site-packages","entry_point":"<evaluator-root>/Scripts/harnessctl.exe","module":"<evaluator-root>/Lib/site-packages/se_harness/runtime_identity.py","python_executable":"<evaluator-root>/Scripts/python.exe","templates":"<evaluator-root>/share/se-harness/templates/repository/standard"},"role":"released-evaluator","schema":"se-harness-evaluator-evidence-v1"}

495b709455a7a6831c3ecc0f8e27cfa4085ef39f blob 1494
+++
id = "VREC-TCM-001"
type = "verification_record"
title = "Verification candidate for WO-TCM-002"
status = "verified"
owners = ["engineering-owner"]
created = "2026-08-25"
updated = "2026-08-25"
commit = "1b94c82329e8cfd94ad61601384448c4dc1ed7e3"
git_object_format = "sha1"
worktree_state = "clean"
prepared_at = "2026-08-25T09:09:23Z"
prepared_by = "engineering-owner"
artifact_snapshot_sha256 = "72eec6fa8547da28a412ec08848ca4848c7c8dc15f3ab2dd7ee2813b752219c6"
evidence_paths = ["docs/engineering/technical-communication/evidence/WO-TCM-001/WO-TCM-002-verification.md"]
evaluator_evidence_path = "docs/engineering/technical-communication/evidence/VREC-TCM-001-evaluator.json"
evaluator_evidence_sha256 = "fcfc14471cc373fce07ece222f6c03b2152dad2cf4cd5ae6e04cf147c4171962"

verified_at = "2026-08-25T09:11:18Z"
verified_by = "assurance-owner"
[relations]
verifies_work_order = ["WO-TCM-002"]
conforms_to = ["VER-TCM-001"]

[[lifecycle_events]]
from = "ready"
to = "verified"
decided_at = "2026-08-25T09:11:18Z"
decided_by = "assurance-owner"
+++

# Verification Record Candidate

This ready record binds retained evidence for `WO-TCM-002` to candidate commit `1b94c82329e8cfd94ad61601384448c4dc1ed7e3`. An accountable assurance owner must review the evidence and transition the record to `verified`; this command did not approve, commit, tag, release, or publish anything.

The record is intentionally created after the candidate commit it names, avoiding self-referential commit metadata.

3c8056e5bcf23fd4f58fe3b9307e2edbe3963d29 blob 11257
+++
id = "VREC-TCM-002"
type = "verification_record"
title = "Verification candidate for WO-TCM-001"
status = "verified"
owners = ["engineering-owner"]
created = "2026-08-25"
updated = "2026-08-25"
commit = "f7b69d0ad40321caa0520f9fed137be8e32bcf1f"
git_object_format = "sha1"
worktree_state = "clean"
prepared_at = "2026-08-25T10:40:59Z"
prepared_by = "engineering-owner"
artifact_snapshot_sha256 = "bae0e84adf246153abf1c775b0a9413cabe2dc5f54b96b54ff1e3c7b9b04597a"
evidence_paths = ["docs/engineering/technical-communication/evidence/WO-TCM-001/WO-TCM-002-verification.md"]
evaluator_evidence_path = "docs/engineering/technical-communication/evidence/VREC-TCM-002-evaluator.json"
evaluator_evidence_sha256 = "fcfc14471cc373fce07ece222f6c03b2152dad2cf4cd5ae6e04cf147c4171962"

verified_at = "2026-08-25T10:51:11Z"
verified_by = "assurance-owner"
[relations]
verifies_work_order = ["WO-TCM-001"]
conforms_to = ["VER-TCM-001"]

[[lifecycle_events]]
from = "ready"
to = "verified"
decided_at = "2026-08-25T10:51:11Z"
decided_by = "assurance-owner"
reason = "The accountable assurance owner accepted this record on 2026-08-25 with \"I accept VREC-TCM-002, you can transition it to verified, commit, push and PR I will merge\". The decision was taken with the record's disclosed limitation in front of it: VER-TCM-001's manual-assessment conditions are NOT evidenced, because the two independent reviewer judgments over rendered corpus output do not exist and no retained manual review form covers them. The owner chose to verify with that gap disclosed rather than record the reviews first or reject. The semantic and operator-comprehension acceptance conditions of VER-TCM-001 are therefore accepted residual risk on this record, not a claim of pass. Every bound field was re-measured immediately before this transition: candidate f7b69d0 is an ancestor of the branch tip and carries WO-TCM-001 as implemented; the bound evidence blob is 07603e0a at 13854 bytes, byte-identical at the candidate and on origin/main; artifact_snapshot_sha256 re-derives to bae0e84a in an independent full clone detached at the candidate with a matching directory basename; the evaluator packet is 873 CR-free bytes at fcfc1447; the graph at the candidate measures 845 artifacts, 0 errors, 50 pre-existing maintenance warnings, with governing doctor exit 0 at 87 PASS and 0 FAIL. This transition grants no release, tag, publication, or deployment authority. The record binds f7b69d0, so its provenance survives only a true merge; a squash or rebase would orphan the bound commit."
+++

# Verification Record Candidate

This ready record binds retained evidence for `WO-TCM-001` to candidate commit `f7b69d0ad40321caa0520f9fed137be8e32bcf1f`. An accountable assurance owner must review the evidence and transition the record to `verified`; this command did not approve, commit, tag, release, or publish anything.

The record is intentionally created after the candidate commit it names, avoiding self-referential commit metadata.

## Why this candidate commit exists

`WO-TCM-001`'s authorized bytes merged into `main` at `1b94c82329e8cfd94ad61601384448c4dc1ed7e3`, but the work order still read `in_progress` there, so no record could bind that commit. The repository owner accepted the work order into the 0.7.0 release unit on 2026-08-25 and authorized its completion transition. The engineering owner applied it with the released 0.6.0 evaluator at 2026-08-25T10:21:06Z, and `f7b69d0` is the governance commit carrying only that transition. `WO-TCM-001` reads `implemented` at the bound commit.

## Bound identity, re-measured before the assurance decision

A verified record cannot be corrected, so every generated figure was re-measured rather than carried forward.

| Field | Measurement |
| --- | --- |
| Candidate commit | `f7b69d0ad40321caa0520f9fed137be8e32bcf1f`, worktree clean at capture, `WO-TCM-001` reads `implemented` |
| Bound evidence blob | `07603e0a60936d0bffa45e5bb3de25663dfdcec0`, 13854 bytes, byte-identical at the candidate and on `origin/main` |
| `artifact_snapshot_sha256` | `bae0e84a` re-derived byte-identically by rerunning capture in an independent full clone detached at the candidate with a matching directory basename; only `prepared_at` differed |
| Evaluator packet | 873 bytes, zero CR, `fcfc1447`, identical to `VREC-TCM-001`'s packet because both came from the same exact public 0.6.0 evaluator venv outside the checkout |
| Graph at the candidate | 845 artifacts, 0 errors, 50 pre-existing maintenance warnings, every plane at E0 |
| Governing `doctor` at the candidate | 87 `PASS`, 0 `FAIL`, exit 0 |
| Windows suite | 943 tests, `OK`, 22 platform-guard skips, measured in the preparation worktree at this commit's content plus the untracked 0.7.0 packet |

## What the bound evidence establishes

The bound file is the combined implementation-phase evidence for both technical-communication work orders. Its directory component keys it to `WO-TCM-001` and its filename keys it to `WO-TCM-002`, so one file serves both. For `WO-TCM-001` it reports passing deterministic results against all four requirements: the single canonical and installed managed policy with its route, lock entry, preflight listing, wheel and sdist payloads, and offline install; exact byte and digest preservation for protected spans with fail-closed rejection of malformed, duplicate, overlapping, unordered, out-of-range, excessive, and digest-mismatched input; profile selection; and the strict v2 read-only skill contract with its effect sentinel, explicit-only activation, missing-current-state refusal, and unchanged baselines for the four pre-existing skills. It also records the static scan finding no positive ASD compliance claim and no retrieval implementation.

## What `VER-TCM-001` requires that this evidence does not establish

This is the material limitation on the record and the reason it is put forward as a candidate rather than as a complete pass.

`VER-TCM-001`'s **Manual assessments** section requires two reviewers to independently record the intended fact, actor, action, condition, qualification, normative force, and result **before seeing candidate output**, and states that pass requires their agreement and that disagreement is an unresolved finding rather than an averaged readability score. Its **Acceptance scenarios** include Scenario 7, which requires giving independent reviewers original and rendered examples containing `MUST`, `SHALL`, `SHOULD`, conditions, exceptions, thresholds, decision roles, and safety qualifications. Its requirement-to-evidence matrix names semantic review as a method for `REQ-TCM-002` and blinded technical review as a method for `REQ-TCM-003`. Its **Evidence retention** list requires a retained manual review form with independent judgments, dispositions, and residual findings.

Those judgments do not exist. The bound evidence states so itself: the versioned corpus of eleven bounded cases is in place and automated tests confirm its structure and exact token presence, but the two independent reviewer judgments over rendered output "are not yet recorded", they remain "required input to assurance under `VER-TCM-001`", and the evidence says directly that this "must be completed before a verification record can claim that the semantic and operator-comprehension acceptance conditions passed." The required manual review form is therefore absent from the retained evidence set.

Deterministic testing cannot substitute. It proves that declared protected spans are preserved byte for byte; it cannot prove that every semantically sensitive span was selected in the first place, nor that an operator reading a rendered brief identifies the intended outcome and one next action. That is precisely the judgment `VER-TCM-001` reserves for human reviewers.

The bound evidence is also the implementer's own handoff report, written at checkpoint `handoff` while both work orders were `in_progress`. `VER-TCM-001`'s **Independence** section does not accept implementation wording, helper output, readability scores, or model confidence as proof. The deterministic results it reports are independent in that they compare bytes, contracts, manifests, locks, and payloads against the requirements; the semantic and comprehension conclusions it does not draw are the ones still owed.

## Deviations and residual uncertainty carried forward

1. The two independent manual reviewer judgments are open, as set out above. This is the one condition that blocks a clean claim of conformance to `VER-TCM-001`.
2. Windows platform-capability skips remain active where the host provides the relevant symlink, case-collision, or optional-tool capability. None hides a failed router or technical-communication assertion, and the hosted Linux lane runs the same suite without them.
3. Both technical-communication work orders' narrative `Lifecycle` sections still describe their original draft preparation while the authoritative front matter and lifecycle events carry the current state. The released evaluator reads the structured state and every gate passes. Revising that historical narrative was outside both implementation scopes.
4. The bound evidence retains a recovered Git incident from implementation: a temporary `.git` pointer let a repository test create an unintended local commit in the source worktree, which was detected before evidence retention, reset away with all working files preserved, and never pushed. It produced no branch, index, remote, or external effect beyond the intended candidate files, and the invalid run was not used as final suite evidence.
5. `VER-TCM-001` states that passing it supports the bounded feature and establishes no ASD-STE100 compliance, endorsement, universal readability, or substantive artifact correctness. Nothing in this record claims otherwise.

## Decision before the assurance owner

Verifying this record accepts an unmet manual-assessment condition on the record. Three routes are available, and the choice belongs to the assurance owner:

- **Complete the reviews first.** Record two independent reviewer judgments over the existing eleven-case corpus, retain the manual review form under `docs/engineering/technical-communication/evidence/`, and verify afterwards. This is the only route that satisfies `VER-TCM-001` as written. A new evidence file would have to be bound, which this ready record cannot absorb; it would need a successor record.
- **Verify with the gap disclosed.** Accept the deterministic evidence as sufficient for release and treat the semantic and comprehension conditions as an accepted residual risk, recorded in the transition reason. The disclosure above then stands permanently in the graph, because a verified record cannot be corrected.
- **Reject.** Reject with a non-empty reason naming the missing judgments, leaving `WO-TCM-001` `implemented` and uncovered. `REL-SEH-012` would then need amendment, because it names `WO-TCM-001` in `gates` and its entry criteria require verified coverage for every member of the release unit.

No route is taken by preparing this record. `WO-TCM-001` was not changed by the capture, and no verification, release, push, tag, publication, or deployment authority follows from it.

856604138ba759335941669adc2ce791ceed1d2a blob 2902
+++
id = "VREC-TCM-003"
type = "verification_record"
title = "Verification candidate for WO-TCM-003"
status = "verified"
owners = ["quality-owner"]
created = "2026-08-31"
updated = "2026-08-31"
commit = "67c7a069c4fef5712f2c021aaf02b59535644804"
git_object_format = "sha1"
worktree_state = "clean"
prepared_at = "2026-08-31T10:40:26Z"
prepared_by = "quality-owner"
artifact_snapshot_sha256 = "7cb95c9921bfc42e8ac906a855bd5b7681ae88101ab32fe0860ed577af7ba5f8"
evidence_paths = ["docs/engineering/technical-communication/evidence/WO-TCM-003/WO-TCM-003-handoff.md", "docs/engineering/technical-communication/evidence/WO-TCM-003/handoff.json"]
evaluator_evidence_path = "docs/engineering/technical-communication/evidence/VREC-TCM-003-evaluator.json"
evaluator_evidence_sha256 = "52678c799ac17cfa9a568da240a9ba2596ca17a124cf73bdcd8a67059474f211"

verified_at = "2026-08-31T10:40:58Z"
verified_by = "assurance-owner"
[relations]
verifies_work_order = ["WO-TCM-003"]
conforms_to = ["VER-TCM-002"]

[[lifecycle_events]]
from = "ready"
to = "verified"
decided_at = "2026-08-31T10:40:58Z"
decided_by = "assurance-owner"
reason = "Verified by the accountable assurance owner by selecting the presented option 'I verify VREC-TCM-003'. Re-measured immediately before this transition: bound commit 67c7a06 is an ancestor of the branch tip with a clean worktree; WO-TCM-003 is implemented; the evaluator packet matches its recorded digest 52678c79, the same identity as every prior record, after the evaluator environment was rebuilt from the exact released wheel when an index install left the archive identity unbound and E012 refused. The retained evidence shows the index implemented as SPEC-TCM-002 states: the string-literal scanner with the curated registry and the derived composed record-preparation codes, the deterministic generated page with 256 codes across 28 prefixes, the eight pinning tests including the no-drift comparison and the identifier exclusion, and the two note links; the new suite with the progressive-documentation suite 26 OK on this Windows workstation with the full suite at its baseline; validate 1207 artifacts 0 errors, doctor 0 FAIL and distributions PASS under the 0.11.0 root. At the pull-request head all thirteen lanes pass and the push runs on main at the merge 4028e72 all completed with success. No deviations. The bound change set stands over main 4028e72. This verifies WO-TCM-003 only; it releases and publishes nothing."
+++

# Verification Record Candidate

This ready record binds retained evidence for `WO-TCM-003` to candidate commit `67c7a069c4fef5712f2c021aaf02b59535644804`. An accountable assurance owner must review the evidence and transition the record to `verified`; this command did not approve, commit, tag, release, or publish anything.

The record is intentionally created after the candidate commit it names, avoiding self-referential commit metadata.

947987a5ff1f36d521bf9af61ce8e7ae5f195f9c blob 2523
+++
id = "VREC-TCM-004"
type = "verification_record"
title = "Verification candidate for WO-TCM-004"
status = "verified"
owners = ["delegated-executor"]
created = "2026-09-04"
updated = "2026-09-04"
commit = "04f51c9cbd973c5ffa9c68d2d2668dfc4ba05d40"
git_object_format = "sha1"
worktree_state = "clean"
prepared_at = "2026-09-04T07:48:57Z"
prepared_by = "delegated-executor"
artifact_snapshot_sha256 = "de56665e40a4c75441d5e7034465db063e8fd25382355bf026ca1b25291dd571"
evidence_paths = ["docs/engineering/technical-communication/evidence/WO-TCM-004/WO-TCM-004-handoff.md", "docs/engineering/technical-communication/evidence/WO-TCM-004/handoff.json"]
evaluator_evidence_path = "docs/engineering/technical-communication/evidence/VREC-TCM-004-evaluator.json"
evaluator_evidence_sha256 = "35e55a43897ec79be254438dab550d99fed9d904a6d1db2d51f6a56875c4d89f"

verified_at = "2026-09-04T08:28:55Z"
verified_by = "assurance-owner"
[relations]
verifies_work_order = ["WO-TCM-004"]
conforms_to = ["VER-TCM-002"]

[[lifecycle_events]]
from = "ready"
to = "verified"
decided_at = "2026-09-04T08:28:55Z"
decided_by = "assurance-owner"
reason = "Assurance owner accepted the retained evidence on 2026-09-04 by selecting the presented option 'Verify VREC-TCM-004', after the three disclosures recorded in docs/engineering/technical-communication/evidence/WO-TCM-004/WO-TCM-004-handoff.md were presented: the E-DCM and W-DCM rows show the bare code as message text because the validator composes those messages apart from the code literal (1); the unregistered-family guard covers the hyphenated E-, W- and WEX- families and a new single-root prefix stays under review (2); Windows figures with the Linux reading from the managed check (3). Candidate 04f51c9cbd973c5ffa9c68d2d2668dfc4ba05d40; released 0.14.0 evaluator; graph 0 errors; all thirteen lanes of pull request #332 green at the record head."
+++

# Verification Record Candidate

This ready record binds retained evidence for `WO-TCM-004` to candidate commit `04f51c9cbd973c5ffa9c68d2d2668dfc4ba05d40`. An accountable assurance owner must review the evidence and transition the record to `verified`; this command did not approve, commit, tag, release, or publish anything. Delegated DR-VREC-PREPARE under [delegation] class 'execution': required check 'validate' success at 04f51c9cbd973c5ffa9c68d2d2668dfc4ba05d40 (check-run 100951319839, source github-checks).

The record is intentionally created after the candidate commit it names, avoiding self-referential commit metadata.

7869445cd7fed5d93000cc97926fc04513741003 blob 2380
+++
id = "VREC-TCM-005"
type = "verification_record"
title = "Verification candidate for WO-TCM-005"
status = "verified"
owners = ["delegated-executor"]
created = "2026-09-04"
updated = "2026-09-04"
commit = "3d610914e0250cbc58fa2e86d98c92dd6aaa819e"
git_object_format = "sha1"
worktree_state = "clean"
prepared_at = "2026-09-04T16:35:42Z"
prepared_by = "delegated-executor"
artifact_snapshot_sha256 = "6702197dd56dcbe9f552fe426eaf783f3641dce3dfd9effc35e040f127695ed3"
evidence_paths = ["docs/engineering/technical-communication/evidence/WO-TCM-005/WO-TCM-005-handoff.md", "docs/engineering/technical-communication/evidence/WO-TCM-005/WO-TCM-005-verification.md", "docs/engineering/technical-communication/evidence/WO-TCM-005/handoff.json"]
evaluator_evidence_path = "docs/engineering/technical-communication/evidence/VREC-TCM-005-evaluator.json"
evaluator_evidence_sha256 = "35e55a43897ec79be254438dab550d99fed9d904a6d1db2d51f6a56875c4d89f"

verified_at = "2026-09-04T17:25:08Z"
verified_by = "assurance-owner"
[relations]
verifies_work_order = ["WO-TCM-005"]
conforms_to = ["VER-TCM-003"]

[[lifecycle_events]]
from = "ready"
to = "verified"
decided_at = "2026-09-04T17:25:08Z"
decided_by = "assurance-owner"
reason = "Assurance owner accepted the retained evidence on 2026-09-04 with 'i verify', after the four disclosures recorded in docs/engineering/technical-communication/evidence/WO-TCM-005/WO-TCM-005-verification.md (W-AUT-009 on title-only stubs; the reading grade stays a reviewer's judgement; W-AUT-003 now counts 30 words; Windows figures with the Linux reading from the pull request's validate check). The record binds commit 3d610914e0250cbc58fa2e86d98c92dd6aaa819e; validate check-run 101098338021 was success at that head."
+++

# Verification Record Candidate

This ready record binds retained evidence for `WO-TCM-005` to candidate commit `3d610914e0250cbc58fa2e86d98c92dd6aaa819e`. An accountable assurance owner must review the evidence and transition the record to `verified`; this command did not approve, commit, tag, release, or publish anything. Delegated DR-VREC-PREPARE under [delegation] class 'execution': required check 'validate' success at 3d610914e0250cbc58fa2e86d98c92dd6aaa819e (check-run 101098338021, source github-checks).

The record is intentionally created after the candidate commit it names, avoiding self-referential commit metadata.

91ddc7f6be333ae4c4d9b51ce3ca7747885a9ae2 blob 2503
+++
id = "VREC-TCM-006"
type = "verification_record"
title = "Verification candidate for WO-TCM-006"
status = "verified"
owners = ["delegated-executor"]
created = "2026-09-04"
updated = "2026-09-04"
commit = "b93ac2a4b3bf9ac95f64d417cc919beaa41a758e"
git_object_format = "sha1"
worktree_state = "clean"
prepared_at = "2026-09-04T19:00:21Z"
prepared_by = "delegated-executor"
artifact_snapshot_sha256 = "9e661209442872eccd344187cdac91cb5b796fc8e07b93345e522078cb5c6d83"
evidence_paths = ["docs/engineering/technical-communication/evidence/WO-TCM-006/WO-TCM-006-handoff.md", "docs/engineering/technical-communication/evidence/WO-TCM-006/WO-TCM-006-verification.md", "docs/engineering/technical-communication/evidence/WO-TCM-006/handoff.json"]
evaluator_evidence_path = "docs/engineering/technical-communication/evidence/VREC-TCM-006-evaluator.json"
evaluator_evidence_sha256 = "35e55a43897ec79be254438dab550d99fed9d904a6d1db2d51f6a56875c4d89f"

verified_at = "2026-09-04T19:02:36Z"
verified_by = "assurance-owner"
[relations]
verifies_work_order = ["WO-TCM-006"]
conforms_to = ["VER-TCM-003"]

[[lifecycle_events]]
from = "ready"
to = "verified"
decided_at = "2026-09-04T19:02:36Z"
decided_by = "assurance-owner"
reason = "Assurance owner accepted the retained evidence on 2026-09-04 with 'i verify', after the five disclosures recorded in docs/engineering/technical-communication/evidence/WO-TCM-006/WO-TCM-006-verification.md (the glossary path moved to the repository root by the owner's instruction with REQ-TCM-007's row unchanged; two scope amendments; the decision artifact unusable until the 0.15.0 adoption; a long vocabulary report on this repository; Windows figures with the Linux reading from the pull request's validate check). The record binds commit b93ac2a4b3bf9ac95f64d417cc919beaa41a758e; validate check-run 101139912417 was success at that head."
+++

# Verification Record Candidate

This ready record binds retained evidence for `WO-TCM-006` to candidate commit `b93ac2a4b3bf9ac95f64d417cc919beaa41a758e`. An accountable assurance owner must review the evidence and transition the record to `verified`; this command did not approve, commit, tag, release, or publish anything. Delegated DR-VREC-PREPARE under [delegation] class 'execution': required check 'validate' success at b93ac2a4b3bf9ac95f64d417cc919beaa41a758e (check-run 101139912417, source github-checks).

The record is intentionally created after the candidate commit it names, avoiding self-referential commit metadata.

2149af6b423365b3afba6461385ec421a3949861 blob 2446
+++
id = "VREC-TCM-007"
type = "verification_record"
title = "Verification candidate for WO-TCM-007"
status = "verified"
owners = ["delegated-executor"]
created = "2026-09-04"
updated = "2026-09-04"
commit = "79907c6db00d8f576a8bd94840d5680194a7b55b"
git_object_format = "sha1"
worktree_state = "clean"
prepared_at = "2026-09-04T20:10:38Z"
prepared_by = "delegated-executor"
artifact_snapshot_sha256 = "6d7188351e959633acc50185c48951e3b5b9394a1d88a6c289605703b9779ddd"
evidence_paths = ["docs/engineering/technical-communication/evidence/WO-TCM-007/WO-TCM-007-handoff.md", "docs/engineering/technical-communication/evidence/WO-TCM-007/WO-TCM-007-verification.md", "docs/engineering/technical-communication/evidence/WO-TCM-007/handoff.json"]
evaluator_evidence_path = "docs/engineering/technical-communication/evidence/VREC-TCM-007-evaluator.json"
evaluator_evidence_sha256 = "35e55a43897ec79be254438dab550d99fed9d904a6d1db2d51f6a56875c4d89f"

verified_at = "2026-09-04T20:14:30Z"
verified_by = "assurance-owner"
[relations]
verifies_work_order = ["WO-TCM-007"]
conforms_to = ["VER-TCM-004"]

[[lifecycle_events]]
from = "ready"
to = "verified"
decided_at = "2026-09-04T20:14:30Z"
decided_by = "assurance-owner"
reason = "Assurance owner accepted the retained evidence on 2026-09-04 with 'i verify', after the six disclosures recorded in docs/engineering/technical-communication/evidence/WO-TCM-007/WO-TCM-007-verification.md (rendering proved on the built template's placeholder order; the G0 condition label changed to what it measures; the closed acceptance vocabulary; two test assertions corrected before any commit; the merge of main with its index-only conflict resolution after PR #342 landed; Windows figures with the Linux reading from the pull request's check). The record stays bound to 79907c6."
+++

# Verification Record Candidate

This ready record binds retained evidence for `WO-TCM-007` to candidate commit `79907c6db00d8f576a8bd94840d5680194a7b55b`. An accountable assurance owner must review the evidence and transition the record to `verified`; this command did not approve, commit, tag, release, or publish anything. Delegated DR-VREC-PREPARE under [delegation] class 'execution': required check 'validate' success at 79907c6db00d8f576a8bd94840d5680194a7b55b (check-run 101158978943, source github-checks).

The record is intentionally created after the candidate commit it names, avoiding self-referential commit metadata.

947e944cd882436bea0591b90e282bdf37890e81 blob 2501
+++
id = "VREC-TCM-008"
type = "verification_record"
title = "Verification candidate for WO-TCM-008"
status = "verified"
owners = ["delegated-executor"]
created = "2026-09-04"
updated = "2026-09-04"
commit = "ece981faace903dbdef697b90deffadbd3af0aa5"
git_object_format = "sha1"
worktree_state = "clean"
prepared_at = "2026-09-04T20:32:47Z"
prepared_by = "delegated-executor"
artifact_snapshot_sha256 = "bd20e87142bd8c011f91ee6cafba1e05e6450a8eebebc9125cb9ab7f847b508d"
evidence_paths = ["docs/engineering/technical-communication/evidence/WO-TCM-008/WO-TCM-008-handoff.md", "docs/engineering/technical-communication/evidence/WO-TCM-008/WO-TCM-008-verification.md", "docs/engineering/technical-communication/evidence/WO-TCM-008/handoff.json"]
evaluator_evidence_path = "docs/engineering/technical-communication/evidence/VREC-TCM-008-evaluator.json"
evaluator_evidence_sha256 = "35e55a43897ec79be254438dab550d99fed9d904a6d1db2d51f6a56875c4d89f"

verified_at = "2026-09-04T20:34:36Z"
verified_by = "assurance-owner"
[relations]
verifies_work_order = ["WO-TCM-008"]
conforms_to = ["VER-TCM-005"]

[[lifecycle_events]]
from = "ready"
to = "verified"
decided_at = "2026-09-04T20:34:36Z"
decided_by = "assurance-owner"
reason = "Assurance owner accepted the retained evidence on 2026-09-04 with 'i verify', after the four disclosures recorded in docs/engineering/technical-communication/evidence/WO-TCM-008/WO-TCM-008-verification.md (per-type advisory functions rather than one table, a behavior-neutral refactor left to a maintenance work order; one W-AUT-016 message per ability defect; Derives links through the Explorer shell's helper with a plain-id fallback; Windows figures with the Linux reading from the pull request's validate check). The record binds commit ece981faace903dbdef697b90deffadbd3af0aa5; validate check-run 101165254518 was success at that head."
+++

# Verification Record Candidate

This ready record binds retained evidence for `WO-TCM-008` to candidate commit `ece981faace903dbdef697b90deffadbd3af0aa5`. An accountable assurance owner must review the evidence and transition the record to `verified`; this command did not approve, commit, tag, release, or publish anything. Delegated DR-VREC-PREPARE under [delegation] class 'execution': required check 'validate' success at ece981faace903dbdef697b90deffadbd3af0aa5 (check-run 101165254518, source github-checks).

The record is intentionally created after the candidate commit it names, avoiding self-referential commit metadata.

e5071c6ee01796ed0477c6370a68b1613b2f14e2 blob 2963
+++
id = "VREC-TCM-009"
type = "verification_record"
title = "Verification candidate for WO-TCM-009"
status = "verified"
owners = ["delegated-executor"]
created = "2026-09-06"
updated = "2026-09-06"
commit = "aa9a88a0956d7414d761906d779469ab75a95391"
git_object_format = "sha1"
worktree_state = "clean"
prepared_at = "2026-09-06T11:56:36Z"
prepared_by = "delegated-executor"
artifact_snapshot_sha256 = "65094231fbbebc99bfcd6c8b6deead02abf29085bae034b15f30f1bcfda76543"
evidence_paths = ["docs/engineering/technical-communication/evidence/WO-TCM-009/WO-TCM-009-handoff.md", "docs/engineering/technical-communication/evidence/WO-TCM-009/handoff.json"]
evaluator_evidence_path = "docs/engineering/technical-communication/evidence/VREC-TCM-009-evaluator.json"
evaluator_evidence_sha256 = "8c10a3ea2956baff8bfa875c658a98aa7db772f924b38557ad05c819a5f88a2d"

verified_at = "2026-09-06T13:26:41Z"
verified_by = "assurance-owner"
[relations]
verifies_work_order = ["WO-TCM-009"]
conforms_to = ["VER-TCM-006"]

[[lifecycle_events]]
from = "ready"
to = "verified"
decided_at = "2026-09-06T13:26:41Z"
decided_by = "assurance-owner"
reason = "Verified by the accountable assurance owner on 2026-09-06 with the instruction 'i verify VREC-TCM-009' after reviewing PR #362. The record binds candidate commit aa9a88a (WO-TCM-009 implemented) with the handoff packet WO-TCM-009-handoff.md and its check restitution handoff.json as evidence. Every VER-TCM-006 row passes: the eight-section template with the contract field, E-AUT-002 on an empty contract, W-AUT-019 to W-AUT-023 and the shared budgets with specification constants on drafts only, no W-AUT-008 on a specification, silence on the 135 approved specifications, the coverage table checked against specifies and the rules, contract, rules, coverage and covered_by projected, the Explorer's anchored rules and coverage before the events, E-DCM-005 on a deviation naming no rule, SPEC-DCM-001 rule 3 amended by record; released 0.15.0 validate 1331 artifacts, 0 errors, 71 warnings, 0 advisories; Windows suite 1263 tests with the one workstation baseline error and 26 skips; Linux lane 1263 OK; all four lanes green at the evidence, completion and record heads. The five disclosures of the packet are accepted, including SPEC-TCM-006's own rule budget and the untouched GLOSSARY.md."
+++

# Verification Record Candidate

This ready record binds retained evidence for `WO-TCM-009` to candidate commit `aa9a88a0956d7414d761906d779469ab75a95391`. An accountable assurance owner must review the evidence and transition the record to `verified`; this command did not approve, commit, tag, release, or publish anything. Delegated DR-VREC-PREPARE under [delegation] class 'execution': required check 'validate' success at aa9a88a0956d7414d761906d779469ab75a95391 (check-run 101481306093, source github-checks).

The record is intentionally created after the candidate commit it names, avoiding self-referential commit metadata.

e6ceec3c55b24a4b9215b2f41bce684065cf107a blob 2450
+++
id = "VREC-TCM-011"
type = "verification_record"
title = "Verification candidate for WO-TCM-011"
status = "verified"
owners = ["delegated-executor"]
created = "2026-09-09"
updated = "2026-09-09"
commit = "34b6771c769120c872a9616808e52739391539ac"
git_object_format = "sha1"
worktree_state = "clean"
prepared_at = "2026-09-09T11:12:43Z"
prepared_by = "delegated-executor"
artifact_snapshot_sha256 = "66c97b180d445ad744d55e3539fc1250c5c387f0b29bc8825584612d823cd0c4"
evidence_paths = ["docs/engineering/technical-communication/evidence/WO-TCM-011/WO-TCM-011-handoff.md"]
evaluator_evidence_path = "docs/engineering/technical-communication/evidence/VREC-TCM-011-evaluator.json"
evaluator_evidence_sha256 = "44d4b74d9febe03a0828dfeee8cd8322fd02db74ff866d7191440e17164e7abb"

verified_at = "2026-09-09T11:22:16Z"
verified_by = "assurance-owner"
[relations]
verifies_work_order = ["WO-TCM-011"]
conforms_to = ["VER-TCM-007"]

[[lifecycle_events]]
from = "ready"
to = "verified"
decided_at = "2026-09-09T11:22:16Z"
decided_by = "assurance-owner"
reason = "Verified on 2026-09-09 by the accountable assurance owner by selecting the presented option 'I verify VREC-TCM-011', after the record was presented: bound to candidate 34b6771c of wo/tcm-011-advisory-gate (PR #428, 17 checks green), prepared by the delegated executor on the required validate check's success, retaining the WO-TCM-011 handoff evidence whose handoff check passes every predicate over 14 paths; the approval gate refuses a definition draft that still draws an authoring advisory and names each in the report's order, no budget, code, message or contract byte moved, every row of VER-TCM-007 has its test or reading, the Windows suite is at its baseline with twenty tests added, and validate under exact 0.17.0 reads 0 errors and 0 advisories."
+++

# Verification Record Candidate

This ready record binds retained evidence for `WO-TCM-011` to candidate commit `34b6771c769120c872a9616808e52739391539ac`. An accountable assurance owner must review the evidence and transition the record to `verified`; this command did not approve, commit, tag, release, or publish anything. Delegated DR-VREC-PREPARE under [delegation] class 'execution': required check 'validate' success at 34b6771c769120c872a9616808e52739391539ac (check-run 102441173861, source github-checks).

The record is intentionally created after the candidate commit it names, avoiding self-referential commit metadata.

231dff48673db7e5ed0089db17c0d7f29984a7ef blob 873
{"diagnostics":[],"environment":{"checkout_excluded":true,"entry_point_resolved":true,"isolated_python":true,"pythonpath_present":false,"user_site_enabled":false},"evaluator":{"archive_name":"se_harness-0.6.0-py3-none-any.whl","archive_sha256":"2a952eb6ff4ea137d0904c3c9a6f19c88482bfbaa18a9766e5ad4d4a6fef62f7","payload_manifest":"se-harness-installed-payload-v1","payload_sha256":"c233678548fe742b7a7a5a8bd65de10156ff233edc65b68e2ed0333fbe4dea42","version":"0.6.0"},"origins":{"distribution":"<evaluator-root>/Lib/site-packages","entry_point":"<evaluator-root>/Scripts/harnessctl.exe","module":"<evaluator-root>/Lib/site-packages/se_harness/runtime_identity.py","python_executable":"<evaluator-root>/Scripts/python.exe","templates":"<evaluator-root>/share/se-harness/templates/repository/standard"},"role":"released-evaluator","schema":"se-harness-evaluator-evidence-v1"}

231dff48673db7e5ed0089db17c0d7f29984a7ef blob 873
{"diagnostics":[],"environment":{"checkout_excluded":true,"entry_point_resolved":true,"isolated_python":true,"pythonpath_present":false,"user_site_enabled":false},"evaluator":{"archive_name":"se_harness-0.6.0-py3-none-any.whl","archive_sha256":"2a952eb6ff4ea137d0904c3c9a6f19c88482bfbaa18a9766e5ad4d4a6fef62f7","payload_manifest":"se-harness-installed-payload-v1","payload_sha256":"c233678548fe742b7a7a5a8bd65de10156ff233edc65b68e2ed0333fbe4dea42","version":"0.6.0"},"origins":{"distribution":"<evaluator-root>/Lib/site-packages","entry_point":"<evaluator-root>/Scripts/harnessctl.exe","module":"<evaluator-root>/Lib/site-packages/se_harness/runtime_identity.py","python_executable":"<evaluator-root>/Scripts/python.exe","templates":"<evaluator-root>/share/se-harness/templates/repository/standard"},"role":"released-evaluator","schema":"se-harness-evaluator-evidence-v1"}

231dff48673db7e5ed0089db17c0d7f29984a7ef blob 873
{"diagnostics":[],"environment":{"checkout_excluded":true,"entry_point_resolved":true,"isolated_python":true,"pythonpath_present":false,"user_site_enabled":false},"evaluator":{"archive_name":"se_harness-0.6.0-py3-none-any.whl","archive_sha256":"2a952eb6ff4ea137d0904c3c9a6f19c88482bfbaa18a9766e5ad4d4a6fef62f7","payload_manifest":"se-harness-installed-payload-v1","payload_sha256":"c233678548fe742b7a7a5a8bd65de10156ff233edc65b68e2ed0333fbe4dea42","version":"0.6.0"},"origins":{"distribution":"<evaluator-root>/Lib/site-packages","entry_point":"<evaluator-root>/Scripts/harnessctl.exe","module":"<evaluator-root>/Lib/site-packages/se_harness/runtime_identity.py","python_executable":"<evaluator-root>/Scripts/python.exe","templates":"<evaluator-root>/share/se-harness/templates/repository/standard"},"role":"released-evaluator","schema":"se-harness-evaluator-evidence-v1"}

43178f539e832d57ece629053c45254923ec71c2 blob 875
{"diagnostics":[],"environment":{"checkout_excluded":true,"entry_point_resolved":true,"isolated_python":true,"pythonpath_present":false,"user_site_enabled":false},"evaluator":{"archive_name":"se_harness-0.16.0-py3-none-any.whl","archive_sha256":"a969d6ab9e80acc2c9f9e7b6679a02e7ffab371f1f11cb0c0f4243f208ed9eae","payload_manifest":"se-harness-installed-payload-v1","payload_sha256":"51712fcfe5253db8d542deb870a0017b25c2976f5f4e76a81fd08923bba45e3c","version":"0.16.0"},"origins":{"distribution":"<evaluator-root>/Lib/site-packages","entry_point":"<evaluator-root>/Scripts/harnessctl.exe","module":"<evaluator-root>/Lib/site-packages/se_harness/runtime_identity.py","python_executable":"<evaluator-root>/Scripts/python.exe","templates":"<evaluator-root>/share/se-harness/templates/repository/standard"},"role":"released-evaluator","schema":"se-harness-evaluator-evidence-v1"}

1329b6162fb0bfd7d26548c4af77103eeec9f557 blob 2295
+++
id = "VREC-TST-001"
type = "verification_record"
title = "Verification candidate for WO-TST-001"
status = "verified"
owners = ["engineering-owner"]
created = "2026-08-26"
updated = "2026-08-26"
commit = "d1df05d72608103aaff37af97610812b3751e8f2"
git_object_format = "sha1"
worktree_state = "clean"
prepared_at = "2026-08-26T19:46:51Z"
prepared_by = "engineering-owner"
artifact_snapshot_sha256 = "cf1261ed30023e69f21931ff152bd6df8a10a3c9c0da693c13e99fb67dd1e227"
evidence_paths = ["docs/engineering/test-suite/evidence/WO-TST-001/WO-TST-001-verification.md"]
evaluator_evidence_path = "docs/engineering/test-suite/evidence/VREC-TST-001-evaluator.json"
evaluator_evidence_sha256 = "fcfc14471cc373fce07ece222f6c03b2152dad2cf4cd5ae6e04cf147c4171962"

verified_at = "2026-08-26T19:48:19Z"
verified_by = "assurance-owner"
[relations]
verifies_work_order = ["WO-TST-001"]
conforms_to = ["VER-TST-001"]

[[lifecycle_events]]
from = "ready"
to = "verified"
decided_at = "2026-08-26T19:48:19Z"
decided_by = "assurance-owner"
reason = "Assurance owner accepted the retained evidence on 2026-08-26 with 'I verify VREC-TST-001', after accepting interactively the four recorded deviations: the release qualification does not set the scale marker yet (1); ProcessPoolExecutor rather than multiprocessing.Pool (2); the scope amendment for the pinned suite-step assertion (3); a failed import counted as one run test in both runs (4). Hosted reading at the time of this decision: on pull request #178 the candidate-source suite step (python scripts/run_tests.py --workers 4 --scale full) completed in 32 seconds with success, against about six to seven minutes before; workstation readings: canonical serial 335 s and the runner at one worker 332 s with the same verdict (965 tests, 24 skips), 114 s at four workers with the full scale sizes, 80 s at eight."
+++

# Verification Record Candidate

This ready record binds retained evidence for `WO-TST-001` to candidate commit `d1df05d72608103aaff37af97610812b3751e8f2`. An accountable assurance owner must review the evidence and transition the record to `verified`; this command did not approve, commit, tag, release, or publish anything.

The record is intentionally created after the candidate commit it names, avoiding self-referential commit metadata.

0c2fb57d6c244145735741d0a19422376681b33a blob 1992
+++
id = "VREC-TST-002"
type = "verification_record"
title = "Verification candidate for WO-TST-002"
status = "verified"
owners = ["engineering-owner"]
created = "2026-08-26"
updated = "2026-08-26"
commit = "b5b062d4db971e5183a0f9f37695d8300d9533f2"
git_object_format = "sha1"
worktree_state = "clean"
prepared_at = "2026-08-26T20:08:49Z"
prepared_by = "engineering-owner"
artifact_snapshot_sha256 = "2df812b96f8745a9b8e7d7e283d6b492e676edc3d27e72c940e40514ee2d2fff"
evidence_paths = ["docs/engineering/test-suite/evidence/WO-TST-002/WO-TST-002-verification.md"]
evaluator_evidence_path = "docs/engineering/test-suite/evidence/VREC-TST-002-evaluator.json"
evaluator_evidence_sha256 = "fcfc14471cc373fce07ece222f6c03b2152dad2cf4cd5ae6e04cf147c4171962"

verified_at = "2026-08-26T20:10:05Z"
verified_by = "assurance-owner"
[relations]
verifies_work_order = ["WO-TST-002"]
conforms_to = ["VER-TST-001"]

[[lifecycle_events]]
from = "ready"
to = "verified"
decided_at = "2026-08-26T20:10:05Z"
decided_by = "assurance-owner"
reason = "Assurance owner accepted the retained evidence on 2026-08-26 with 'I verify VREC-TST-002', after accepting interactively the three recorded deviations: eleven fixtures converted rather than about twenty-five (1); a cache-naming collision fixed before commit (2); the serial saving measured at 5 s rather than the predicted 100 s, the benefit being in the parallel runs, 80 to 56 s at eight workers and 114 to 86 s at four (3). The hosted reading of pull request #179 is read from its candidate-source suite step."
+++

# Verification Record Candidate

This ready record binds retained evidence for `WO-TST-002` to candidate commit `b5b062d4db971e5183a0f9f37695d8300d9533f2`. An accountable assurance owner must review the evidence and transition the record to `verified`; this command did not approve, commit, tag, release, or publish anything.

The record is intentionally created after the candidate commit it names, avoiding self-referential commit metadata.

a4f208a8de71ef918713a572b0dc4c252e9303a4 blob 1866
+++
id = "VREC-TST-003"
type = "verification_record"
title = "Verification candidate for WO-TST-003"
status = "verified"
owners = ["engineering-owner"]
created = "2026-08-26"
updated = "2026-08-26"
commit = "2d2b4bdaf29fdcc6eddb93e4a7b28bfa0e340e9e"
git_object_format = "sha1"
worktree_state = "clean"
prepared_at = "2026-08-26T20:14:45Z"
prepared_by = "engineering-owner"
artifact_snapshot_sha256 = "a2ded23fdc2df68b2e13728d5859e3899ed157cb41e50ab2c443e2136b8e59ba"
evidence_paths = ["docs/engineering/test-suite/evidence/WO-TST-003/WO-TST-003-verification.md"]
evaluator_evidence_path = "docs/engineering/test-suite/evidence/VREC-TST-003-evaluator.json"
evaluator_evidence_sha256 = "fcfc14471cc373fce07ece222f6c03b2152dad2cf4cd5ae6e04cf147c4171962"

verified_at = "2026-08-26T20:16:22Z"
verified_by = "assurance-owner"
[relations]
verifies_work_order = ["WO-TST-003"]
conforms_to = ["VER-TST-001"]

[[lifecycle_events]]
from = "ready"
to = "verified"
decided_at = "2026-08-26T20:16:22Z"
decided_by = "assurance-owner"
reason = "Assurance owner accepted the retained evidence on 2026-08-26 with 'I verify VREC-TST-003'; no deviation was recorded. Hosted reading at the time of this decision: pull request #181's rehearsal job (the definition in candidate mode with SE_HARNESS_TEST_SCALE=full) was still in progress; the workstation run of the suite at full scale through the runner reported 969 tests, OK, 24 skips."
+++

# Verification Record Candidate

This ready record binds retained evidence for `WO-TST-003` to candidate commit `2d2b4bdaf29fdcc6eddb93e4a7b28bfa0e340e9e`. An accountable assurance owner must review the evidence and transition the record to `verified`; this command did not approve, commit, tag, release, or publish anything.

The record is intentionally created after the candidate commit it names, avoiding self-referential commit metadata.

8e3524ebe3db3f30b7dca2b69a151598b1849454 blob 2375
+++
id = "VREC-TST-004"
type = "verification_record"
title = "Verification candidate for WO-TST-004"
status = "verified"
owners = ["assurance-owner"]
created = "2026-09-08"
updated = "2026-09-08"
commit = "9e5b0e59f69a6a6801b74c0032f10a07c9ae3579"
git_object_format = "sha1"
worktree_state = "clean"
prepared_at = "2026-09-08T15:27:20Z"
prepared_by = "assurance-owner"
artifact_snapshot_sha256 = "af3f1f6eba98ccb3c047e637cf8410432bec5c0af8dbc920b97fe089c8a36fad"
evidence_paths = ["docs/engineering/test-suite/evidence/WO-TST-004/WO-TST-004-handoff.md"]
evaluator_evidence_path = "docs/engineering/test-suite/evidence/VREC-TST-004-evaluator.json"
evaluator_evidence_sha256 = "e2cd0929fd42d0634d3bf23a73408665bac8ae473b98c81439dbffb828bff951"

verified_at = "2026-09-08T15:45:22Z"
verified_by = "assurance-owner"
[relations]
verifies_work_order = ["WO-TST-004"]
conforms_to = ["VER-TST-002"]

[[lifecycle_events]]
from = "ready"
to = "verified"
decided_at = "2026-09-08T15:45:22Z"
decided_by = "assurance-owner"
reason = "Assurance owner accepted the retained evidence on 2026-09-08 by selecting the presented option 'Verify only' (DR-VREC-DECIDE), after the seven disclosures of the WO-TST-004 evidence packet were presented. The record binds candidate commit 9e5b0e59 (WO-TST-004 implemented), VER-TST-002 and the retained handoff evidence; the released 0.16.0 evaluator prepared it and validates the graph with 0 errors, 73 warnings (the main baseline), 0 advisories; PR #402 at d65edcdd (main 0e7d718b merged in) has all 13 lanes green. Readings against main at 13a70218: 1,054 tests discovered for 1,054 defined (was 1,282 for 1,020); one invoke, one git, one write, one formal; no direct git launch, by-path load, import-time sys.path insert or cross-import of test modules; the failure set equals the two Windows baseline names; the Linux suite step 45 s against 51 s. The merge of PR #402 remains the owner's decision."
+++

# Verification Record Candidate

This ready record binds retained evidence for `WO-TST-004` to candidate commit `9e5b0e59f69a6a6801b74c0032f10a07c9ae3579`. An accountable assurance owner must review the evidence and transition the record to `verified`; this command did not approve, commit, tag, release, or publish anything.

The record is intentionally created after the candidate commit it names, avoiding self-referential commit metadata.

e57767ef182ac788c74e749bf07fa22c9390a866 blob 1414
+++
id = "VREC-DOC-003"
type = "verification_record"
title = "Verification candidate for WO-DOC-003"
status = "verified"
owners = ["quality-owner"]
created = "2026-08-11"
updated = "2026-08-11"
commit = "37588cbffc4e44797ea4f165ec5730cc48c7294c"
git_object_format = "sha1"
worktree_state = "clean"
verified_at = "2026-08-11T18:00:50Z"
artifact_snapshot_sha256 = "b8da8ff1eb82542e0d69ee318451fc47738960b2073116da39178d7b9cf8c912"
evidence_paths = ["docs/engineering/harness-distribution/evidence/WO-DOC-003-verification.md"]

[relations]
verifies_work_order = ["WO-DOC-003"]
conforms_to = ["VER-DST-003"]
+++

# Verification Record Candidate

This verified record binds retained evidence for `WO-DOC-003` to candidate commit `37588cbffc4e44797ea4f165ec5730cc48c7294c`. The capture command originally prepared it as `ready` and did not approve, commit, tag, release, or publish anything.

The record is intentionally created after the candidate commit it names, avoiding self-referential commit metadata.

After pull request #22 merged the candidate and ready record with all required checks passing, the accountable repository owner reviewed the retained evidence and explicitly instructed `i merged, then transition and governance commit + PR` on 2026-08-11. That human decision, authorized and recorded by `WO-DOC-004`, transitioned this record from `ready` to `verified`; automation did not grant the authority.

706a6e5d48a0ed81a9f281e0b8497d9ec4aa8a2b blob 1414
+++
id = "VREC-DOC-005"
type = "verification_record"
title = "Verification candidate for WO-DOC-005"
status = "verified"
owners = ["quality-owner"]
created = "2026-08-11"
updated = "2026-08-11"
commit = "c5f7a147e0ab331a536280d455e262318a4f5724"
git_object_format = "sha1"
worktree_state = "clean"
verified_at = "2026-08-11T18:55:30Z"
artifact_snapshot_sha256 = "f3a58c1c9d7ea7deb174dfecee39bf2a4d4c4ca3365594a5beda36ca1833ef5e"
evidence_paths = ["docs/engineering/harness-distribution/evidence/WO-DOC-005-verification.md"]

[relations]
verifies_work_order = ["WO-DOC-005"]
conforms_to = ["VER-DST-004"]
+++

# Verification Record Candidate

This verified record binds retained evidence for `WO-DOC-005` to candidate commit `c5f7a147e0ab331a536280d455e262318a4f5724`. The capture command originally prepared it as `ready` and did not approve, commit, tag, release, or publish anything.

The record is intentionally created after the candidate commit it names, avoiding self-referential commit metadata.

After pull request #24 merged the candidate and ready record with all required checks passing, the accountable repository owner reviewed the retained evidence and explicitly instructed `i merged, then transition and governance commit + PR` on 2026-08-11. That human decision, authorized and recorded by `WO-DOC-006`, transitioned this record from `ready` to `verified`; automation did not grant the authority.

420ccffb9124b23c644b819fe72237dc8e343482 blob 1677
+++
id = "VREC-IAR-005"
type = "verification_record"
title = "Verification candidate for 3 work orders"
status = "verified"
owners = ["quality-owner"]
created = "2026-08-15"
updated = "2026-08-15"
commit = "7c18dcd59e3197f5f2d66c6a29d37af9101d7c39"
git_object_format = "sha1"
worktree_state = "clean"
verified_at = "2026-08-15T19:09:39Z"
artifact_snapshot_sha256 = "14c5afe8f1be7b356fd418006cf7205560ab8c7023fc99091c6dd5042625af56"
evidence_paths = ["docs/engineering/harness-distribution/evidence/WO-DOC-012-verification.md", "docs/engineering/instruction-architecture/evidence/WO-IAR-008-verification.md", "docs/engineering/instruction-architecture/evidence/WO-IAR-009-verification.md"]

[relations]
verifies_work_order = ["WO-DOC-012", "WO-IAR-008", "WO-IAR-009"]
conforms_to = ["VER-DST-009", "VER-IAR-008", "VER-IAR-009"]
+++

# Verification Record Candidate

This verified record binds retained evidence for `WO-DOC-012`, `WO-IAR-008`, `WO-IAR-009` to candidate commit `7c18dcd59e3197f5f2d66c6a29d37af9101d7c39`. The capture command originally prepared it as `ready` and did not approve, commit, tag, release, or publish anything.

The record is intentionally created after the candidate commit it names, avoiding self-referential commit metadata.

On 2026-08-15, the accountable assurance owner reviewed the aggregate record and explicitly instructed `i validate VREC-IAR-005, then you can commit + push`. That human assurance decision transitioned this record from `ready` to `verified`; automation did not grant the authority. The captured commit, timestamp, artifact snapshot, evidence paths, work-order coverage, and verification-contract coverage remain unchanged.

469afac4349fab1a5a3a959d6ba952605c52d27b blob 1936
+++
id = "VREC-MNT-001"
type = "verification_record"
title = "Verification candidate for 4 work orders"
status = "verified"
owners = ["quality-owner"]
created = "2026-08-16"
updated = "2026-08-16"
commit = "4ca14dac1216d8f376b71c4010cbb64bd0abd664"
git_object_format = "sha1"
worktree_state = "clean"
verified_at = "2026-08-16T09:20:42Z"
artifact_snapshot_sha256 = "c8d7e7c16c05b2e440a11bb8067b9a63619928655bb7992dabb300980418e032"
evidence_paths = ["docs/engineering/harness-distribution/evidence/WO-DST-010-architecture-reassessment.md", "docs/engineering/operating-contract-activation/evidence/WO-OCA-001-verification.md", "docs/engineering/operating-contract-activation/evidence/WO-OCA-002-verification.md", "docs/engineering/release-contract-disposition/evidence/WO-RCD-001-verification.md"]

[relations]
verifies_work_order = ["WO-DST-010", "WO-OCA-001", "WO-OCA-002", "WO-RCD-001"]
conforms_to = ["VER-DST-007", "VER-DST-008", "VER-OCA-001", "VER-OCA-002", "VER-RCD-001"]
+++

# Verification Record Candidate

This verified record binds retained evidence for `WO-DST-010`, `WO-OCA-001`, `WO-OCA-002`, `WO-RCD-001` to candidate commit `4ca14dac1216d8f376b71c4010cbb64bd0abd664`. The capture command originally prepared it as `ready` and did not approve, commit, tag, release, or publish anything.

The record is intentionally created after the candidate commit it names, avoiding self-referential commit metadata.

On 2026-08-16, after the ready record had been retained in governance commit `78e7c003aa3da86dca1f4b58c2b41214a15fb478`, the accountable assurance owner explicitly instructed `i validated, transiton and push`. That human assurance decision transitions this record from `ready` to `verified`; automation does not grant the authority. The captured candidate commit, object format, worktree state, timestamp, artifact snapshot, evidence paths, work-order coverage, and verification-contract coverage remain unchanged.

231dff48673db7e5ed0089db17c0d7f29984a7ef blob 873
{"diagnostics":[],"environment":{"checkout_excluded":true,"entry_point_resolved":true,"isolated_python":true,"pythonpath_present":false,"user_site_enabled":false},"evaluator":{"archive_name":"se_harness-0.6.0-py3-none-any.whl","archive_sha256":"2a952eb6ff4ea137d0904c3c9a6f19c88482bfbaa18a9766e5ad4d4a6fef62f7","payload_manifest":"se-harness-installed-payload-v1","payload_sha256":"c233678548fe742b7a7a5a8bd65de10156ff233edc65b68e2ed0333fbe4dea42","version":"0.6.0"},"origins":{"distribution":"<evaluator-root>/Lib/site-packages","entry_point":"<evaluator-root>/Scripts/harnessctl.exe","module":"<evaluator-root>/Lib/site-packages/se_harness/runtime_identity.py","python_executable":"<evaluator-root>/Scripts/python.exe","templates":"<evaluator-root>/share/se-harness/templates/repository/standard"},"role":"released-evaluator","schema":"se-harness-evaluator-evidence-v1"}

767a9a4ae3fce1761e63ded2b747131928afad7b blob 1321
+++
id = "VREC-VSP-001"
type = "verification_record"
title = "Verification candidate for WO-VSP-001"
status = "verified"
owners = ["quality-owner"]
created = "2026-08-11"
updated = "2026-08-11"
commit = "9ceecd74469d96be8dd94f8023938fadf9b74980"
git_object_format = "sha1"
worktree_state = "clean"
verified_at = "2026-08-11T12:15:02Z"
artifact_snapshot_sha256 = "67aedf4d2c0824132061ce50970500f1387358bd14b134b2935537c3912d5fd7"
evidence_paths = ["docs/engineering/verification-supersession/evidence/WO-VSP-001-verification.md"]

[relations]
verifies_work_order = ["WO-VSP-001"]
conforms_to = ["VER-VSP-001"]
+++

# Verification Record Candidate

This verified record binds retained evidence for `WO-VSP-001` to candidate commit `9ceecd74469d96be8dd94f8023938fadf9b74980`. The capture command originally prepared it as `ready` and did not approve, commit, tag, release, or publish anything.

The record is intentionally created after the candidate commit it names, avoiding self-referential commit metadata.

The accountable repository owner reviewed the retained evidence and explicitly instructed `i validate, then transition and governance commit` on 2026-08-11. That human decision, authorized and recorded by `WO-REV-005`, transitioned this record from `ready` to `verified`; automation did not grant the authority.

53735adb09ed3f02462f318cd22fd49cbb485c12 blob 1479
+++
id = "VREC-VSP-002"
type = "verification_record"
title = "Verification candidate for WO-VSP-007"
status = "verified"
owners = ["quality-owner"]
created = "2026-08-24"
updated = "2026-08-24"
commit = "a98b71b0956cb9fdb3027349515bf15ea84d4acf"
git_object_format = "sha1"
worktree_state = "clean"
prepared_at = "2026-08-24T11:26:25Z"
prepared_by = "quality-owner"
artifact_snapshot_sha256 = "42cbb55ab5b48ec8c9ca6466f71bb4225e198952efde4b122c05ca24a395e19d"
evidence_paths = ["docs/engineering/verification-supersession/evidence/WO-VSP-007-verification.md"]
evaluator_evidence_path = "docs/engineering/verification-supersession/evidence/VREC-VSP-002-evaluator.json"
evaluator_evidence_sha256 = "fcfc14471cc373fce07ece222f6c03b2152dad2cf4cd5ae6e04cf147c4171962"

verified_at = "2026-08-24T11:29:57Z"
verified_by = "assurance-owner"
[relations]
verifies_work_order = ["WO-VSP-007"]
conforms_to = ["VER-VSP-002"]

[[lifecycle_events]]
from = "ready"
to = "verified"
decided_at = "2026-08-24T11:29:57Z"
decided_by = "assurance-owner"
+++

# Verification Record Candidate

This ready record binds retained evidence for `WO-VSP-007` to candidate commit `a98b71b0956cb9fdb3027349515bf15ea84d4acf`. An accountable assurance owner must review the evidence and transition the record to `verified`; this command did not approve, commit, tag, release, or publish anything.

The record is intentionally created after the candidate commit it names, avoiding self-referential commit metadata.

4e1f112de21dbc2c4c61e84735957ec1f055e25c blob 1067
+++
id = "VREC-WAC-001"
type = "verification_record"
title = "Verification candidate for WO-WAC-001"
status = "verified"
owners = ["quality-owner"]
created = "2026-08-16"
updated = "2026-08-16"
commit = "94edda5396d2e69097506f24e15156d389d9b9f1"
git_object_format = "sha1"
worktree_state = "clean"
verified_at = "2026-08-16T10:16:44Z"
artifact_snapshot_sha256 = "7f625551afb154e6411c02801807856e5506c3d7ce7187283019c4ef9415a37b"
evidence_paths = ["docs/engineering/work-order-assurance-classification/evidence/WO-WAC-001-verification.md"]

[relations]
verifies_work_order = ["WO-WAC-001"]
conforms_to = ["VER-WAC-001"]
+++

# Verification Record Candidate

This ready record binds retained evidence for `WO-WAC-001` to candidate commit `94edda5396d2e69097506f24e15156d389d9b9f1`. An accountable assurance owner must review the evidence and transition the record to `verified`; this command did not approve, commit, tag, release, or publish anything.

The record is intentionally created after the candidate commit it names, avoiding self-referential commit metadata.

5719556a8f81408529451bcf5c9b6dac0ecd27fa blob 1375
+++
id = "VREC-WLC-001"
type = "verification_record"
title = "Verification candidate for WO-WLC-001"
status = "verified"
owners = ["quality-owner"]
created = "2026-08-11"
updated = "2026-08-11"
commit = "b907860afdb3e4eb387c00588f74e8d29c4ec136"
git_object_format = "sha1"
worktree_state = "clean"
verified_at = "2026-08-11T14:56:27Z"
artifact_snapshot_sha256 = "ad9dd5d800f44b1fd71ca2bd81295477999f771920368f54a446ee4c03d6ae21"
evidence_paths = ["docs/engineering/work-order-lifecycle/evidence/WO-WLC-001-verification.md"]

[relations]
verifies_work_order = ["WO-WLC-001"]
conforms_to = ["VER-WLC-001"]
+++

# Verification Record Candidate

This verified record binds retained evidence for `WO-WLC-001` to candidate commit `b907860afdb3e4eb387c00588f74e8d29c4ec136`. The capture command originally prepared it as `ready` and did not approve, commit, tag, release, or publish anything.

The record is intentionally created after the candidate commit it names, avoiding self-referential commit metadata.

The accountable repository owner reviewed the retained lifecycle-consistency evidence after pull request #15 was merged and explicitly instructed `i merged, then transition and governance commit + PR` on 2026-08-11. That human decision, authorized and recorded by `WO-WLC-003`, transitioned this record from `ready` to `verified`; automation did not grant the authority.

231dff48673db7e5ed0089db17c0d7f29984a7ef blob 873
{"diagnostics":[],"environment":{"checkout_excluded":true,"entry_point_resolved":true,"isolated_python":true,"pythonpath_present":false,"user_site_enabled":false},"evaluator":{"archive_name":"se_harness-0.6.0-py3-none-any.whl","archive_sha256":"2a952eb6ff4ea137d0904c3c9a6f19c88482bfbaa18a9766e5ad4d4a6fef62f7","payload_manifest":"se-harness-installed-payload-v1","payload_sha256":"c233678548fe742b7a7a5a8bd65de10156ff233edc65b68e2ed0333fbe4dea42","version":"0.6.0"},"origins":{"distribution":"<evaluator-root>/Lib/site-packages","entry_point":"<evaluator-root>/Scripts/harnessctl.exe","module":"<evaluator-root>/Lib/site-packages/se_harness/runtime_identity.py","python_executable":"<evaluator-root>/Scripts/python.exe","templates":"<evaluator-root>/share/se-harness/templates/repository/standard"},"role":"released-evaluator","schema":"se-harness-evaluator-evidence-v1"}

9d9c29ed16e8f1e0b1e79a1bf2c9911c0aaa0361 blob 1412
+++
id = "VREC-WEX-001"
type = "verification_record"
title = "Verification candidate for WO-WEX-001"
status = "superseded"
owners = ["quality-owner"]
created = "2026-08-21"
updated = "2026-08-21"
commit = "71bb61e8f25e6a6950e4a303340bab60717a3046"
git_object_format = "sha1"
worktree_state = "clean"
verified_at = "2026-08-21T06:41:37Z"
artifact_snapshot_sha256 = "abd7a2a9eaea3bd937204b01f1ddac072edb7a8c9c779c87defd195eaaef885d"
evidence_paths = ["docs/engineering/workflow-execution/evidence/WO-WEX-001-verification.md"]
superseded_at = "2026-08-21T14:10:10Z"
supersession_authorized_by = "assurance-owner"

[relations]
verifies_work_order = ["WO-WEX-001"]
conforms_to = ["VER-WEX-001"]
superseded_by = ["VREC-WEX-005"]

[[lifecycle_events]]
from = "ready"
to = "superseded"
decided_at = "2026-08-21T14:10:10Z"
decided_by = "assurance-owner"
reason = "VREC-WEX-005"
+++

# Verification Record Candidate

This historical record binds retained evidence for `WO-WEX-001` to candidate commit `71bb61e8f25e6a6950e4a303340bab60717a3046`. The assurance owner explicitly superseded it with verified aggregate `VREC-WEX-005`, which preserves `WO-WEX-001` and `VER-WEX-001` coverage.

The record was intentionally created after the candidate commit it names, avoiding self-referential commit metadata. Supersession changes only its governance interpretation; its captured candidate and evidence facts remain unchanged.

14e69dc69e03fad9a81dd13164e7ebf646d33012 blob 1412
+++
id = "VREC-WEX-002"
type = "verification_record"
title = "Verification candidate for WO-WEX-001"
status = "superseded"
owners = ["quality-owner"]
created = "2026-08-21"
updated = "2026-08-21"
commit = "b32d42469d5cab7bdd0542124021b80ef4588d10"
git_object_format = "sha1"
worktree_state = "clean"
verified_at = "2026-08-21T07:59:11Z"
artifact_snapshot_sha256 = "ce9a63b8692f46d701f34a9bed2afd63f34ce956f18c49a0e4b443bdc3b2fc08"
evidence_paths = ["docs/engineering/workflow-execution/evidence/WO-WEX-001-verification.md"]
superseded_at = "2026-08-21T14:10:10Z"
supersession_authorized_by = "assurance-owner"

[relations]
verifies_work_order = ["WO-WEX-001"]
conforms_to = ["VER-WEX-001"]
superseded_by = ["VREC-WEX-005"]

[[lifecycle_events]]
from = "ready"
to = "superseded"
decided_at = "2026-08-21T14:10:10Z"
decided_by = "assurance-owner"
reason = "VREC-WEX-005"
+++

# Verification Record Candidate

This historical record binds retained evidence for `WO-WEX-001` to candidate commit `b32d42469d5cab7bdd0542124021b80ef4588d10`. The assurance owner explicitly superseded it with verified aggregate `VREC-WEX-005`, which preserves `WO-WEX-001` and `VER-WEX-001` coverage.

The record was intentionally created after the candidate commit it names, avoiding self-referential commit metadata. Supersession changes only its governance interpretation; its captured candidate and evidence facts remain unchanged.

a4e8acfeee742c3e25f080b08b938147d59938cf blob 1412
+++
id = "VREC-WEX-003"
type = "verification_record"
title = "Verification candidate for WO-WEX-002"
status = "superseded"
owners = ["quality-owner"]
created = "2026-08-21"
updated = "2026-08-21"
commit = "f97bbb614ac8f08408864d736f5ec9f37106a651"
git_object_format = "sha1"
worktree_state = "clean"
verified_at = "2026-08-21T11:39:16Z"
artifact_snapshot_sha256 = "2c6d622d53edafec31a0b09856892f16b4cab29c37a52939df0fe88231a5dec5"
evidence_paths = ["docs/engineering/workflow-execution/evidence/WO-WEX-002-verification.md"]
superseded_at = "2026-08-21T14:10:10Z"
supersession_authorized_by = "assurance-owner"

[relations]
verifies_work_order = ["WO-WEX-002"]
conforms_to = ["VER-WEX-002"]
superseded_by = ["VREC-WEX-005"]

[[lifecycle_events]]
from = "ready"
to = "superseded"
decided_at = "2026-08-21T14:10:10Z"
decided_by = "assurance-owner"
reason = "VREC-WEX-005"
+++

# Verification Record Candidate

This historical record binds retained evidence for `WO-WEX-002` to candidate commit `f97bbb614ac8f08408864d736f5ec9f37106a651`. The assurance owner explicitly superseded it with verified aggregate `VREC-WEX-005`, which preserves `WO-WEX-002` and `VER-WEX-002` coverage.

The record was intentionally created after the candidate commit it names, avoiding self-referential commit metadata. Supersession changes only its governance interpretation; its captured candidate and evidence facts remain unchanged.

2aa5161dc01e1a67b739d01001e467d2b3c8d16b blob 1434
+++
id = "VREC-WEX-004"
type = "verification_record"
title = "Verification candidate for 2 work orders"
status = "superseded"
owners = ["quality-owner"]
created = "2026-08-21"
updated = "2026-08-21"
commit = "3bef052bb6b4ae0f34b581b48b3810b0dd0bf0d6"
git_object_format = "sha1"
worktree_state = "clean"
verified_at = "2026-08-21T12:08:34Z"
artifact_snapshot_sha256 = "78b683b9770d986af61911e2ae92cc26426eb966ceb3073537ce9ae3ae5cb445"
evidence_paths = ["docs/engineering/workflow-execution/evidence/WO-WEX-001-verification.md", "docs/engineering/workflow-execution/evidence/WO-WEX-002-verification.md"]
superseded_at = "2026-08-21T12:42:41Z"
supersession_authorized_by = "quality-owner"

[relations]
verifies_work_order = ["WO-WEX-001", "WO-WEX-002"]
conforms_to = ["VER-WEX-001", "VER-WEX-002"]
superseded_by = ["VREC-WEX-005"]

[[lifecycle_events]]
from = "ready"
to = "superseded"
decided_at = "2026-08-21T12:42:41Z"
decided_by = "quality-owner"
reason = "VREC-WEX-005"
+++

# Verification Record Candidate

This ready record binds retained evidence for `WO-WEX-001`, `WO-WEX-002` to candidate commit `3bef052bb6b4ae0f34b581b48b3810b0dd0bf0d6`. An accountable assurance owner must review the evidence and transition the record to `verified`; this command did not approve, commit, tag, release, or publish anything.

The record is intentionally created after the candidate commit it names, avoiding self-referential commit metadata.

3ac2e8348b0fddb92264eeb68a05f50fce339365 blob 1319
+++
id = "VREC-WEX-005"
type = "verification_record"
title = "Verification candidate for 2 work orders"
status = "verified"
owners = ["quality-owner"]
created = "2026-08-21"
updated = "2026-08-21"
commit = "38c06152ec571c8c6a959b1f8799e62858593e4b"
git_object_format = "sha1"
worktree_state = "clean"
verified_at = "2026-08-21T12:37:31Z"
verified_by = "quality-owner"
artifact_snapshot_sha256 = "7fba8cc79701c78c334ab5e624785242e5be1b7c11ffb2524119351566739096"
evidence_paths = ["docs/engineering/workflow-execution/evidence/WO-WEX-001-verification.md", "docs/engineering/workflow-execution/evidence/WO-WEX-002-verification.md"]

[relations]
verifies_work_order = ["WO-WEX-001", "WO-WEX-002"]
conforms_to = ["VER-WEX-001", "VER-WEX-002"]

[[lifecycle_events]]
from = "ready"
to = "verified"
decided_at = "2026-08-21T12:42:41Z"
decided_by = "quality-owner"
+++

# Verification Record Candidate

This ready record binds retained evidence for `WO-WEX-001`, `WO-WEX-002` to candidate commit `38c06152ec571c8c6a959b1f8799e62858593e4b`. An accountable assurance owner must review the evidence and transition the record to `verified`; this command did not approve, commit, tag, release, or publish anything.

The record is intentionally created after the candidate commit it names, avoiding self-referential commit metadata.

22c9364ae8e18e3a54c477ebb95eeae65f6518ae blob 1473
+++
id = "VREC-WEX-006"
type = "verification_record"
title = "Verification candidate for WO-WEX-003"
status = "verified"
owners = ["engineering-owner"]
created = "2026-08-24"
updated = "2026-08-24"
commit = "caeebb032d7a3e7e25f474d47326a021eb9e5095"
git_object_format = "sha1"
worktree_state = "clean"
prepared_at = "2026-08-24T18:37:07Z"
prepared_by = "engineering-owner"
artifact_snapshot_sha256 = "fc08d35760347317bb1437d120027d7d4b6ea2c618f50aa8274a85c05a5a5bb8"
evidence_paths = ["docs/engineering/workflow-execution/evidence/WO-WEX-003-verification.md"]
evaluator_evidence_path = "docs/engineering/workflow-execution/evidence/VREC-WEX-006-evaluator.json"
evaluator_evidence_sha256 = "fcfc14471cc373fce07ece222f6c03b2152dad2cf4cd5ae6e04cf147c4171962"

verified_at = "2026-08-24T18:40:21Z"
verified_by = "assurance-owner"
[relations]
verifies_work_order = ["WO-WEX-003"]
conforms_to = ["VER-WEX-003"]

[[lifecycle_events]]
from = "ready"
to = "verified"
decided_at = "2026-08-24T18:40:21Z"
decided_by = "assurance-owner"
+++

# Verification Record Candidate

This ready record binds retained evidence for `WO-WEX-003` to candidate commit `caeebb032d7a3e7e25f474d47326a021eb9e5095`. An accountable assurance owner must review the evidence and transition the record to `verified`; this command did not approve, commit, tag, release, or publish anything.

The record is intentionally created after the candidate commit it names, avoiding self-referential commit metadata.

